[agent-device][mark][2026-08-27T00:08:25.359Z] before first lazy Contacts activation
getpwuid_r did not find a match for uid 501
Filtering the log data using "subsystem == "bottomtabs.example" OR subsystem CONTAINS "bottomtabs.example" OR processImagePath ENDSWITH[c] "/bottomtabs.example" OR senderImagePath ENDSWITH[c] "/bottomtabs.example" OR process == "ReactTestApp" OR processImagePath ENDSWITH[c] "/ReactTestApp" OR senderImagePath ENDSWITH[c] "/ReactTestApp" OR processImagePath CONTAINS[c] "/ReactTestApp.app/" OR senderImagePath CONTAINS[c] "/ReactTestApp.app/""
Timestamp               Ty Process[PID:TID]
2026-08-27 01:08:36.352 Df ReactTestApp[64575:87298d6] [com.apple.dt.xctest:Default] Received request to fetch matches for query:
2026-08-27 01:08:36.352 Df ReactTestApp[64575:87298d6] [com.apple.dt.xctest:Default] Evaluating query:
2026-08-27 01:08:36.352 Df ReactTestApp[64575:87298d6] [com.apple.dt.xctest:Default] Getting root element snapshot
2026-08-27 01:08:36.352 Df ReactTestApp[64575:87298d6] [com.apple.dt.xctest:Default] Getting snapshot for App element pid: 64575 for query
2026-08-27 01:08:36.352 Df ReactTestApp[64575:87298d6] [com.apple.dt.xctest:Default] Query requires iOS snapshot attributes .
2026-08-27 01:08:36.352 Df ReactTestApp[64575:87298d6] [com.apple.dt.xctest:Default] XCTPerformOnMainRunLoop[not MT]: about to CFRunLoopPerform
2026-08-27 01:08:36.352 Df ReactTestApp[64575:87298d6] [com.apple.dt.xctest:Default] XCTPerformOnMainRunLoop[not MT]: waiting with 30.00s responsiveness timeout
2026-08-27 01:08:36.352 Df ReactTestApp[64575:8728df6] [com.apple.dt.xctest:Default] XCTPerformOnMainRunLoop[MT]: inside CFRunLoopPerform
2026-08-27 01:08:36.352 Df ReactTestApp[64575:8728df6] [com.apple.dt.xctest:Default] XCTPerformOnMainRunLoop[MT]: MT responded in time (won the race to the busy flag)
2026-08-27 01:08:36.352 Df ReactTestApp[64575:87298d6] [com.apple.dt.xctest:Default] XCTPerformOnMainRunLoop[not MT]: waiting 60.00s for work to complete
2026-08-27 01:08:36.353 Df ReactTestApp[64575:8728df6] [com.apple.dt.xctest:Default] Got main window <AXUIElementRef 0x128b3f610> {pid=64575} {uid=[ID:4 hash:0x10839ce80]}
2026-08-27 01:08:36.353 Df ReactTestApp[64575:8728df6] [com.apple.dt.xctest:Default] Capturing hierarchy with attributes XC_kAXXCAttributeElementType, XC_kAXXCAttributeElementBaseType, XC_kAXXCAttributeParent, XC_kAXXCAttributeIdentifier, XC_kAXXCAttributeAutomationType, XC_kAXXCAttributeTraits
2026-08-27 01:08:36.353 Df ReactTestApp[64575:8728df6] [com.apple.dt.xctest:Default] Capturing hierarchy with parameters {
    attributes =     (
        5003,
        5004,
        5002,
        5019,
        5058,
        2004
    );
    maxArrayCount = 2147483647;
    maxChildren = 2147483647;
    maxDepth = 2147483647;
    snapshotKeyHonorModalViews = 0;
    traverseFromParentsToChildren = 1;
}
2026-08-27 01:08:36.353 Df ReactTestApp[64575:8728df6] [com.apple.dt.xctest:Default] Snapshot attributes 5003, 5004, 5002, 5019, 5058, 2004
2026-08-27 01:08:36.380 Df ReactTestApp[64575:8728df6] [com.apple.dt.xctest:Default] Got snapshot for <AXUIElementRef 0x128bbd390> {pid=64575} {uid=[ID:1 hash:0x0]}
2026-08-27 01:08:36.380 Df ReactTestApp[64575:8728df6] [com.apple.dt.xctest:Default] Got app orientation 0
2026-08-27 01:08:36.380 Df ReactTestApp[64575:8728df6] [com.apple.dt.xctest:Default] Captured accessibility snapshot data in 0.03s
2026-08-27 01:08:36.380 Df ReactTestApp[64575:87298d6] [com.apple.dt.xctest:Default] Found main window: Window
2026-08-27 01:08:36.380 Df ReactTestApp[64575:87298d6] [com.apple.dt.xctest:Default] Preferring automation type 48 instead of legacy element type OTHER derived from class/trait: UILabel:UILabel 8590000128
2026-08-27 01:08:36.381 Df ReactTestApp[64575:87298d6] [com.apple.dt.xctest:Default] Other is not actually a child of Other, including at this point anyway (rdar://problem/20738636)
2026-08-27 01:08:36.381 Df ReactTestApp[64575:87298d6] [com.apple.dt.xctest:Default] Other is not actually a child of Other, including at this point anyway (rdar://problem/20738636)
2026-08-27 01:08:36.381 Df ReactTestApp[64575:87298d6] [com.apple.dt.xctest:Default] Other is not actually a child of Other, including at this point anyway (rdar://problem/20738636)
2026-08-27 01:08:36.381 Df ReactTestApp[64575:87298d6] [com.apple.dt.xctest:Default] Other is not actually a child of Other, including at this point anyway (rdar://problem/20738636)
2026-08-27 01:08:36.381 Df ReactTestApp[64575:87298d6] [com.apple.dt.xctest:Default] Other is not actually a child of Other, including at this point anyway (rdar://problem/20738636)
2026-08-27 01:08:36.381 Df ReactTestApp[64575:87298d6] [com.apple.dt.xctest:Default] Preferring automation type 24 instead of legacy element type OTHER derived from class/trait: _UIFloatingBarContainerView:_UIFloatingBarContainerView 8589934592
2026-08-27 01:08:36.381 Df ReactTestApp[64575:87298d6] [com.apple.dt.xctest:Default] Query  found matching snapshots: {(
    Application, pid: 64575
)} (error: (null))
2026-08-27 01:08:36.382 Df ReactTestApp[64575:87298d6] [com.apple.dt.xctest:Default] Replying to query  with results: <XCTElementQueryResults: 0x128b8b210> (error: (null))
2026-08-27 01:08:36.383 Df ReactTestApp[64575:87298d6] [com.apple.dt.xctest:Default] Received attributes request for element: App element pid: 64575. Attributes: (
    "XC_kAXXCAttributeFrame",
    "XC_kAXXCAttributeWindowDisplayId",
    "XC_kAXXCAttributeWindowContextId"
)
2026-08-27 01:08:36.383 Df ReactTestApp[64575:872953f] [com.apple.dt.xctest:Default] XCTPerformOnMainRunLoop[not MT]: about to CFRunLoopPerform
2026-08-27 01:08:36.383 Df ReactTestApp[64575:872953f] [com.apple.dt.xctest:Default] XCTPerformOnMainRunLoop[not MT]: waiting with 30.00s responsiveness timeout
2026-08-27 01:08:36.383 Df ReactTestApp[64575:8728df6] [com.apple.dt.xctest:Default] XCTPerformOnMainRunLoop[MT]: inside CFRunLoopPerform
2026-08-27 01:08:36.383 Df ReactTestApp[64575:8728df6] [com.apple.dt.xctest:Default] XCTPerformOnMainRunLoop[MT]: MT responded in time (won the race to the busy flag)
2026-08-27 01:08:36.383 Df ReactTestApp[64575:872953f] [com.apple.dt.xctest:Default] XCTPerformOnMainRunLoop[not MT]: waiting 60.00s for work to complete
2026-08-27 01:08:36.383 Df ReactTestApp[64575:8728df6] [com.apple.dt.xctest:Default] Fetching AX attributes XC_kAXXCAttributeFrame, XC_kAXXCAttributeWindowDisplayId, XC_kAXXCAttributeWindowContextId for App element pid: 64575
2026-08-27 01:08:36.383 Df ReactTestApp[64575:8728df6] [com.apple.dt.xctest:Default] Got attributes, transferring to dictionary for return.
2026-08-27 01:08:36.383 Df ReactTestApp[64575:872953f] [com.apple.dt.xctest:Default] Replying with attribute values: {
    "XC_kAXXCAttributeFrame" =     {
        Height = 874;
        Width = 402;
        X = 0;
        Y = 0;
    };
    "XC_kAXXCAttributeWindowContextId" = 1635110261;
    "XC_kAXXCAttributeWindowDisplayId" = 0;
}
2026-08-27 01:08:36.385 Df ReactTestApp[64575:872953f] [com.apple.dt.xctest:Default] Received request to fetch matches for query:
2026-08-27 01:08:36.385 Df ReactTestApp[64575:872953f] [com.apple.dt.xctest:Default] Evaluating query:
2026-08-27 01:08:36.385 Df ReactTestApp[64575:872953f] [com.apple.dt.xctest:Default] Getting root element snapshot
2026-08-27 01:08:36.385 Df ReactTestApp[64575:872953f] [com.apple.dt.xctest:Default] Getting snapshot for App element pid: 64575 for query
2026-08-27 01:08:36.385 Df ReactTestApp[64575:872953f] [com.apple.dt.xctest:Default] Query requires iOS snapshot attributes .
2026-08-27 01:08:36.385 Df ReactTestApp[64575:872953f] [com.apple.dt.xctest:Default] XCTPerformOnMainRunLoop[not MT]: about to CFRunLoopPerform
2026-08-27 01:08:36.385 Df ReactTestApp[64575:872953f] [com.apple.dt.xctest:Default] XCTPerformOnMainRunLoop[not MT]: waiting with 30.00s responsiveness timeout
2026-08-27 01:08:36.385 Df ReactTestApp[64575:8728df6] [com.apple.dt.xctest:Default] XCTPerformOnMainRunLoop[MT]: inside CFRunLoopPerform
2026-08-27 01:08:36.385 Df ReactTestApp[64575:8728df6] [com.apple.dt.xctest:Default] XCTPerformOnMainRunLoop[MT]: MT responded in time (won the race to the busy flag)
2026-08-27 01:08:36.385 Df ReactTestApp[64575:8728df6] [com.apple.dt.xctest:Default] Got main window <AXUIElementRef 0x121d46310> {pid=64575} {uid=[ID:4 hash:0x10839ce80]}
2026-08-27 01:08:36.385 Df ReactTestApp[64575:8728df6] [com.apple.dt.xctest:Default] Capturing hierarchy with attributes XC_kAXXCAttributeElementType, XC_kAXXCAttributeElementBaseType, XC_kAXXCAttributeParent, XC_kAXXCAttributeIdentifier, XC_kAXXCAttributeAutomationType, XC_kAXXCAttributeTraits
2026-08-27 01:08:36.386 Df ReactTestApp[64575:8728df6] [com.apple.dt.xctest:Default] Capturing hierarchy with parameters {
    attributes =     (
        5003,
        5004,
        5002,
        5019,
        5058,
        2004
    );
    maxArrayCount = 2147483647;
    maxChildren = 2147483647;
    maxDepth = 2147483647;
    snapshotKeyHonorModalViews = 0;
    traverseFromParentsToChildren = 1;
}
2026-08-27 01:08:36.386 Df ReactTestApp[64575:8728df6] [com.apple.dt.xctest:Default] Snapshot attributes 5003, 5004, 5002, 5019, 5058, 2004
2026-08-27 01:08:36.386 Df ReactTestApp[64575:872953f] [com.apple.dt.xctest:Default] XCTPerformOnMainRunLoop[not MT]: waiting 60.00s for work to complete
2026-08-27 01:08:36.414 Df ReactTestApp[64575:8728df6] [com.apple.dt.xctest:Default] Got snapshot for <AXUIElementRef 0x121d0ea50> {pid=64575} {uid=[ID:1 hash:0x0]}
2026-08-27 01:08:36.414 Df ReactTestApp[64575:8728df6] [com.apple.dt.xctest:Default] Got app orientation 0
2026-08-27 01:08:36.414 Df ReactTestApp[64575:8728df6] [com.apple.dt.xctest:Default] Captured accessibility snapshot data in 0.03s
2026-08-27 01:08:36.414 Df ReactTestApp[64575:872953f] [com.apple.dt.xctest:Default] Found main window: Window
2026-08-27 01:08:36.414 Df ReactTestApp[64575:872953f] [com.apple.dt.xctest:Default] Preferring automation type 48 instead of legacy element type OTHER derived from class/trait: UILabel:UILabel 8590000128
2026-08-27 01:08:36.415 Df ReactTestApp[64575:872953f] [com.apple.dt.xctest:Default] Other is not actually a child of Other, including at this point anyway (rdar://problem/20738636)
2026-08-27 01:08:36.415 Df ReactTestApp[64575:872953f] [com.apple.dt.xctest:Default] Other is not actually a child of Other, including at this point anyway (rdar://problem/20738636)
2026-08-27 01:08:36.415 Df ReactTestApp[64575:872953f] [com.apple.dt.xctest:Default] Other is not actually a child of Other, including at this point anyway (rdar://problem/20738636)
2026-08-27 01:08:36.415 Df ReactTestApp[64575:872953f] [com.apple.dt.xctest:Default] Other is not actually a child of Other, including at this point anyway (rdar://problem/20738636)
2026-08-27 01:08:36.415 Df ReactTestApp[64575:872953f] [com.apple.dt.xctest:Default] Other is not actually a child of Other, including at this point anyway (rdar://problem/20738636)
2026-08-27 01:08:36.415 Df ReactTestApp[64575:872953f] [com.apple.dt.xctest:Default] Preferring automation type 24 instead of legacy element type OTHER derived from class/trait: _UIFloatingBarContainerView:_UIFloatingBarContainerView 8589934592
2026-08-27 01:08:36.415 Df ReactTestApp[64575:872953f] [com.apple.dt.xctest:Default] Query  found matching snapshots: {(
    Application, pid: 64575
)} (error: (null))
2026-08-27 01:08:36.416 Df ReactTestApp[64575:872953f] [com.apple.dt.xctest:Default] Replying to query  with results: <XCTElementQueryResults: 0x10e377390> (error: (null))
2026-08-27 01:08:36.465 Df ReactTestApp[64575:872953f] [com.apple.dt.xctest:Default] Received request to fetch matches for query:
2026-08-27 01:08:36.465 Df ReactTestApp[64575:87298d6] [com.apple.dt.xctest:Default] Evaluating query:
2026-08-27 01:08:36.465 Df ReactTestApp[64575:87298d6] [com.apple.dt.xctest:Default] Getting root element snapshot
2026-08-27 01:08:36.465 Df ReactTestApp[64575:87298d6] [com.apple.dt.xctest:Default] Getting snapshot for App element pid: 64575 for query
2026-08-27 01:08:36.465 Df ReactTestApp[64575:87298d6] [com.apple.dt.xctest:Default] Query requires iOS snapshot attributes .
2026-08-27 01:08:36.465 Df ReactTestApp[64575:87298d6] [com.apple.dt.xctest:Default] XCTPerformOnMainRunLoop[not MT]: about to CFRunLoopPerform
2026-08-27 01:08:36.465 Df ReactTestApp[64575:87298d6] [com.apple.dt.xctest:Default] XCTPerformOnMainRunLoop[not MT]: waiting with 30.00s responsiveness timeout
2026-08-27 01:08:36.465 Df ReactTestApp[64575:8728df6] [com.apple.dt.xctest:Default] XCTPerformOnMainRunLoop[MT]: inside CFRunLoopPerform
2026-08-27 01:08:36.465 Df ReactTestApp[64575:8728df6] [com.apple.dt.xctest:Default] XCTPerformOnMainRunLoop[MT]: MT responded in time (won the race to the busy flag)
2026-08-27 01:08:36.465 Df ReactTestApp[64575:87298d6] [com.apple.dt.xctest:Default] XCTPerformOnMainRunLoop[not MT]: waiting 60.00s for work to complete
2026-08-27 01:08:36.466 Df ReactTestApp[64575:8728df6] [com.apple.dt.xctest:Default] Got main window <AXUIElementRef 0x128b6dc10> {pid=64575} {uid=[ID:4 hash:0x10839ce80]}
2026-08-27 01:08:36.466 Df ReactTestApp[64575:8728df6] [com.apple.dt.xctest:Default] Capturing hierarchy with attributes XC_kAXXCAttributeElementType, XC_kAXXCAttributeElementBaseType, XC_kAXXCAttributeParent, XC_kAXXCAttributeIdentifier, XC_kAXXCAttributeAutomationType, XC_kAXXCAttributeTraits
2026-08-27 01:08:36.466 Df ReactTestApp[64575:8728df6] [com.apple.dt.xctest:Default] Capturing hierarchy with parameters {
    attributes =     (
        5003,
        5004,
        5002,
        5019,
        5058,
        2004
    );
    maxArrayCount = 2147483647;
    maxChildren = 2147483647;
    maxDepth = 2147483647;
    snapshotKeyHonorModalViews = 0;
    traverseFromParentsToChildren = 1;
}
2026-08-27 01:08:36.466 Df ReactTestApp[64575:8728df6] [com.apple.dt.xctest:Default] Snapshot attributes 5003, 5004, 5002, 5019, 5058, 2004
2026-08-27 01:08:36.493 Df ReactTestApp[64575:8728df6] [com.apple.dt.xctest:Default] Got snapshot for <AXUIElementRef 0x12f537950> {pid=64575} {uid=[ID:1 hash:0x0]}
2026-08-27 01:08:36.493 Df ReactTestApp[64575:8728df6] [com.apple.dt.xctest:Default] Got app orientation 0
2026-08-27 01:08:36.493 Df ReactTestApp[64575:8728df6] [com.apple.dt.xctest:Default] Captured accessibility snapshot data in 0.03s
2026-08-27 01:08:36.493 Df ReactTestApp[64575:87298d6] [com.apple.dt.xctest:Default] Found main window: Window
2026-08-27 01:08:36.493 Df ReactTestApp[64575:87298d6] [com.apple.dt.xctest:Default] Preferring automation type 48 instead of legacy element type OTHER derived from class/trait: UILabel:UILabel 8590000128
2026-08-27 01:08:36.494 Df ReactTestApp[64575:87298d6] [com.apple.dt.xctest:Default] Other is not actually a child of Other, including at this point anyway (rdar://problem/20738636)
2026-08-27 01:08:36.494 Df ReactTestApp[64575:87298d6] [com.apple.dt.xctest:Default] Other is not actually a child of Other, including at this point anyway (rdar://problem/20738636)
2026-08-27 01:08:36.494 Df ReactTestApp[64575:87298d6] [com.apple.dt.xctest:Default] Other is not actually a child of Other, including at this point anyway (rdar://problem/20738636)
2026-08-27 01:08:36.494 Df ReactTestApp[64575:87298d6] [com.apple.dt.xctest:Default] Other is not actually a child of Other, including at this point anyway (rdar://problem/20738636)
2026-08-27 01:08:36.494 Df ReactTestApp[64575:87298d6] [com.apple.dt.xctest:Default] Other is not actually a child of Other, including at this point anyway (rdar://problem/20738636)
2026-08-27 01:08:36.494 Df ReactTestApp[64575:87298d6] [com.apple.dt.xctest:Default] Preferring automation type 24 instead of legacy element type OTHER derived from class/trait: _UIFloatingBarContainerView:_UIFloatingBarContainerView 8589934592
2026-08-27 01:08:36.495 Df ReactTestApp[64575:87298d6] [com.apple.dt.xctest:Default] Query  found matching snapshots: {(
    Application, pid: 64575
)} (error: (null))
2026-08-27 01:08:36.495 Df ReactTestApp[64575:87298d6] [com.apple.dt.xctest:Default] Replying to query  with results: <XCTElementQueryResults: 0x128b96d90> (error: (null))
2026-08-27 01:08:36.496 Df ReactTestApp[64575:87298d6] [com.apple.dt.xctest:Default] Received attributes request for element: App element pid: 64575. Attributes: (
    "XC_kAXXCAttributeFrame",
    "XC_kAXXCAttributeWindowDisplayId",
    "XC_kAXXCAttributeWindowContextId"
)
2026-08-27 01:08:36.496 Df ReactTestApp[64575:872953f] [com.apple.dt.xctest:Default] XCTPerformOnMainRunLoop[not MT]: about to CFRunLoopPerform
2026-08-27 01:08:36.496 Df ReactTestApp[64575:872953f] [com.apple.dt.xctest:Default] XCTPerformOnMainRunLoop[not MT]: waiting with 30.00s responsiveness timeout
2026-08-27 01:08:36.496 Df ReactTestApp[64575:8728df6] [com.apple.dt.xctest:Default] XCTPerformOnMainRunLoop[MT]: inside CFRunLoopPerform
2026-08-27 01:08:36.496 Df ReactTestApp[64575:8728df6] [com.apple.dt.xctest:Default] XCTPerformOnMainRunLoop[MT]: MT responded in time (won the race to the busy flag)
2026-08-27 01:08:36.496 Df ReactTestApp[64575:872953f] [com.apple.dt.xctest:Default] XCTPerformOnMainRunLoop[not MT]: waiting 60.00s for work to complete
2026-08-27 01:08:36.496 Df ReactTestApp[64575:8728df6] [com.apple.dt.xctest:Default] Fetching AX attributes XC_kAXXCAttributeFrame, XC_kAXXCAttributeWindowDisplayId, XC_kAXXCAttributeWindowContextId for App element pid: 64575
2026-08-27 01:08:36.496 Df ReactTestApp[64575:8728df6] [com.apple.dt.xctest:Default] Got attributes, transferring to dictionary for return.
2026-08-27 01:08:36.496 Df ReactTestApp[64575:872953f] [com.apple.dt.xctest:Default] Replying with attribute values: {
    "XC_kAXXCAttributeFrame" =     {
        Height = 874;
        Width = 402;
        X = 0;
        Y = 0;
    };
    "XC_kAXXCAttributeWindowContextId" = 1635110261;
    "XC_kAXXCAttributeWindowDisplayId" = 0;
}
2026-08-27 01:08:36.500 Df ReactTestApp[64575:872953f] [com.apple.dt.xctest:Default] Received request to fetch matches for query: ↪︎ Descendants matching type Button
2026-08-27 01:08:36.500 Df ReactTestApp[64575:87298d6] [com.apple.dt.xctest:Default] Evaluating query:
 ↪︎ Descendants matching type Button
2026-08-27 01:08:36.500 Df ReactTestApp[64575:87298d6] [com.apple.dt.xctest:Default] Getting root element snapshot
2026-08-27 01:08:36.500 Df ReactTestApp[64575:87298d6] [com.apple.dt.xctest:Default] Getting snapshot for App element pid: 64575 for query ↪︎ Descendants matching type Button
2026-08-27 01:08:36.500 Df ReactTestApp[64575:87298d6] [com.apple.dt.xctest:Default] Query requires iOS snapshot attributes XC_kAXXCAttributeElementType, XC_kAXXCAttributeElementBaseType, XC_kAXXCAttributeAutomationType, XC_kAXXCAttributeTraits.
2026-08-27 01:08:36.500 Df ReactTestApp[64575:87298d6] [com.apple.dt.xctest:Default] XCTPerformOnMainRunLoop[not MT]: about to CFRunLoopPerform
2026-08-27 01:08:36.500 Df ReactTestApp[64575:87298d6] [com.apple.dt.xctest:Default] XCTPerformOnMainRunLoop[not MT]: waiting with 30.00s responsiveness timeout
2026-08-27 01:08:36.500 Df ReactTestApp[64575:8728df6] [com.apple.dt.xctest:Default] XCTPerformOnMainRunLoop[MT]: inside CFRunLoopPerform
2026-08-27 01:08:36.500 Df ReactTestApp[64575:8728df6] [com.apple.dt.xctest:Default] XCTPerformOnMainRunLoop[MT]: MT responded in time (won the race to the busy flag)
2026-08-27 01:08:36.500 Df ReactTestApp[64575:87298d6] [com.apple.dt.xctest:Default] XCTPerformOnMainRunLoop[not MT]: waiting 60.00s for work to complete
2026-08-27 01:08:36.500 Df ReactTestApp[64575:8728df6] [com.apple.dt.xctest:Default] Got main window <AXUIElementRef 0x121d9f0d0> {pid=64575} {uid=[ID:4 hash:0x10839ce80]}
2026-08-27 01:08:36.500 Df ReactTestApp[64575:8728df6] [com.apple.dt.xctest:Default] Capturing hierarchy with attributes XC_kAXXCAttributeElementType, XC_kAXXCAttributeElementBaseType, XC_kAXXCAttributeParent, XC_kAXXCAttributeIdentifier, XC_kAXXCAttributeAutomationType, XC_kAXXCAttributeTraits
2026-08-27 01:08:36.500 Df ReactTestApp[64575:8728df6] [com.apple.dt.xctest:Default] Capturing hierarchy with parameters {
    attributes =     (
        5003,
        5004,
        5002,
        5019,
        5058,
        2004
    );
    maxArrayCount = 2147483647;
    maxChildren = 2147483647;
    maxDepth = 2147483647;
    snapshotKeyHonorModalViews = 0;
    traverseFromParentsToChildren = 1;
}
2026-08-27 01:08:36.500 Df ReactTestApp[64575:8728df6] [com.apple.dt.xctest:Default] Snapshot attributes 5003, 5004, 5002, 5019, 5058, 2004
2026-08-27 01:08:36.528 Df ReactTestApp[64575:8728df6] [com.apple.dt.xctest:Default] Got snapshot for <AXUIElementRef 0x121d06210> {pid=64575} {uid=[ID:1 hash:0x0]}
2026-08-27 01:08:36.528 Df ReactTestApp[64575:8728df6] [com.apple.dt.xctest:Default] Got app orientation 0
2026-08-27 01:08:36.528 Df ReactTestApp[64575:8728df6] [com.apple.dt.xctest:Default] Captured accessibility snapshot data in 0.03s
2026-08-27 01:08:36.528 Df ReactTestApp[64575:87298d6] [com.apple.dt.xctest:Default] Found main window: Window
2026-08-27 01:08:36.528 Df ReactTestApp[64575:87298d6] [com.apple.dt.xctest:Default] Preferring automation type 48 instead of legacy element type OTHER derived from class/trait: UILabel:UILabel 8590000128
2026-08-27 01:08:36.529 Df ReactTestApp[64575:87298d6] [com.apple.dt.xctest:Default] Other is not actually a child of Other, including at this point anyway (rdar://problem/20738636)
2026-08-27 01:08:36.529 Df ReactTestApp[64575:87298d6] [com.apple.dt.xctest:Default] Other is not actually a child of Other, including at this point anyway (rdar://problem/20738636)
2026-08-27 01:08:36.529 Df ReactTestApp[64575:87298d6] [com.apple.dt.xctest:Default] Other is not actually a child of Other, including at this point anyway (rdar://problem/20738636)
2026-08-27 01:08:36.529 Df ReactTestApp[64575:87298d6] [com.apple.dt.xctest:Default] Other is not actually a child of Other, including at this point anyway (rdar://problem/20738636)
2026-08-27 01:08:36.529 Df ReactTestApp[64575:87298d6] [com.apple.dt.xctest:Default] Other is not actually a child of Other, including at this point anyway (rdar://problem/20738636)
2026-08-27 01:08:36.529 Df ReactTestApp[64575:87298d6] [com.apple.dt.xctest:Default] Preferring automation type 24 instead of legacy element type OTHER derived from class/trait: _UIFloatingBarContainerView:_UIFloatingBarContainerView 8589934592
2026-08-27 01:08:36.529 Df ReactTestApp[64575:87298d6] [com.apple.dt.xctest:Default] XCTPerformOnMainRunLoop[not MT]: about to CFRunLoopPerform
2026-08-27 01:08:36.529 Df ReactTestApp[64575:87298d6] [com.apple.dt.xctest:Default] XCTPerformOnMainRunLoop[not MT]: waiting with 30.00s responsiveness timeout
2026-08-27 01:08:36.529 Df ReactTestApp[64575:8728df6] [com.apple.dt.xctest:Default] XCTPerformOnMainRunLoop[MT]: inside CFRunLoopPerform
2026-08-27 01:08:36.529 Df ReactTestApp[64575:8728df6] [com.apple.dt.xctest:Default] XCTPerformOnMainRunLoop[MT]: MT responded in time (won the race to the busy flag)
2026-08-27 01:08:36.529 Df ReactTestApp[64575:87298d6] [com.apple.dt.xctest:Default] XCTPerformOnMainRunLoop[not MT]: waiting 60.00s for work to complete
2026-08-27 01:08:36.529 Df ReactTestApp[64575:8728df6] [com.apple.dt.xctest:Default] XCTElementQuery: set data source for rootElementSnapshot to <XCTAutomationSession: 0x123d75470>
2026-08-27 01:08:36.530 Df ReactTestApp[64575:87298d6] [com.apple.dt.xctest:Default] Finding all matches with input Application, pid: 64575 using transformers
↪︎ Descendants matching type Button
2026-08-27 01:08:36.531 Df ReactTestApp[64575:87298d6] [com.apple.dt.xctest:Default] [Match All] applied transformer `Descendants matching type Button` to input {(
    Application, pid: 64575
)}, found {(
    Button, identifier: 'BackButton',
    Button, Selected,
    Button,
    Button,
    Button,
    Button
)}
2026-08-27 01:08:36.531 Df ReactTestApp[64575:87298d6] [com.apple.dt.xctest:Default] [Match All] setting out related elements {(
)}
2026-08-27 01:08:36.535 Df ReactTestApp[64575:87298d6] [com.apple.dt.xctest:Default] Current tree:
Application, 0x1181e9d40, pid: 64575 <App element pid: 64575>
  Window (Main), 0x1181bc440 <AX element pid: 64575, elementOrHash.elementID: 4432973440.4>
    Other, 0x11818a4c0 <AX element pid: 64575, elementOrHash.elementID: 4448266304.68>
    Other, 0x10d181f40 <AX element pid: 64575, elementOrHash.elementID: 4431517824.5>
      Other, 0x10d1814c0 <AX element pid: 64575, elementOrHash.elementID: 4437854080.6>
        Other, 0x10d1631c0 <AX element pid: 64575, elementOrHash.elementID: 4437857152.7>
          Other, 0x119c31fc0 <AX element pid: 64575, elementOrHash.elementID: 4448745536.8>
            Other, 0x118105bc0 <AX element pid: 64575, elementOrHash.elementID: 4453532800.9>
              Other, 0x118104fc0 <AX element pid: 64575, elementOrHash.elementID: 4453589120.10>
                Other, 0x119c30340 <AX element pid: 64575, elementOrHash.elementID: 4453679232.12>
                  Other, 0x108d23740 <AX element pid: 64575, elementOrHash.elementID: 4563712640.14>
                    Navigat<…>
2026-08-27 01:08:36.535 Df ReactTestApp[64575:87298d6] [com.apple.dt.xctest:Default] Query ↪︎ Descendants matching type Button found matching snapshots: {(
    Button, identifier: 'BackButton',
    Button, Selected,
    Button,
    Button,
    Button,
    Button
)} (error: (null))
2026-08-27 01:08:36.536 Df ReactTestApp[64575:87298d6] [com.apple.dt.xctest:Default] Replying to query ↪︎ Descendants matching type Button with results: <XCTElementQueryResults: 0x128b32d10> (error: (null))
2026-08-27 01:08:36.542 Df ReactTestApp[64575:87298d6] [com.apple.dt.xctest:Default] Received request to fetch matches for query: ↪︎ Descendants matching type Link
2026-08-27 01:08:36.542 Df ReactTestApp[64575:87298d6] [com.apple.dt.xctest:Default] Evaluating query:
 ↪︎ Descendants matching type Link
2026-08-27 01:08:36.542 Df ReactTestApp[64575:87298d6] [com.apple.dt.xctest:Default] Getting root element snapshot
2026-08-27 01:08:36.542 Df ReactTestApp[64575:87298d6] [com.apple.dt.xctest:Default] Getting snapshot for App element pid: 64575 for query ↪︎ Descendants matching type Link
2026-08-27 01:08:36.542 Df ReactTestApp[64575:87298d6] [com.apple.dt.xctest:Default] Query requires iOS snapshot attributes XC_kAXXCAttributeElementType, XC_kAXXCAttributeElementBaseType, XC_kAXXCAttributeAutomationType, XC_kAXXCAttributeTraits.
2026-08-27 01:08:36.542 Df ReactTestApp[64575:87298d6] [com.apple.dt.xctest:Default] XCTPerformOnMainRunLoop[not MT]: about to CFRunLoopPerform
2026-08-27 01:08:36.542 Df ReactTestApp[64575:87298d6] [com.apple.dt.xctest:Default] XCTPerformOnMainRunLoop[not MT]: waiting with 30.00s responsiveness timeout
2026-08-27 01:08:36.542 Df ReactTestApp[64575:8728df6] [com.apple.dt.xctest:Default] XCTPerformOnMainRunLoop[MT]: inside CFRunLoopPerform
2026-08-27 01:08:36.542 Df ReactTestApp[64575:8728df6] [com.apple.dt.xctest:Default] XCTPerformOnMainRunLoop[MT]: MT responded in time (won the race to the busy flag)
2026-08-27 01:08:36.542 Df ReactTestApp[64575:87298d6] [com.apple.dt.xctest:Default] XCTPerformOnMainRunLoop[not MT]: waiting 60.00s for work to complete
2026-08-27 01:08:36.542 Df ReactTestApp[64575:8728df6] [com.apple.dt.xctest:Default] Got main window <AXUIElementRef 0x10c3a7ad0> {pid=64575} {uid=[ID:4 hash:0x10839ce80]}
2026-08-27 01:08:36.542 Df ReactTestApp[64575:8728df6] [com.apple.dt.xctest:Default] Capturing hierarchy with attributes XC_kAXXCAttributeElementType, XC_kAXXCAttributeElementBaseType, XC_kAXXCAttributeParent, XC_kAXXCAttributeIdentifier, XC_kAXXCAttributeAutomationType, XC_kAXXCAttributeTraits
2026-08-27 01:08:36.542 Df ReactTestApp[64575:8728df6] [com.apple.dt.xctest:Default] Capturing hierarchy with parameters {
    attributes =     (
        5003,
        5004,
        5002,
        5019,
        5058,
        2004
    );
    maxArrayCount = 2147483647;
    maxChildren = 2147483647;
    maxDepth = 2147483647;
    snapshotKeyHonorModalViews = 0;
    traverseFromParentsToChildren = 1;
}
2026-08-27 01:08:36.542 Df ReactTestApp[64575:8728df6] [com.apple.dt.xctest:Default] Snapshot attributes 5003, 5004, 5002, 5019, 5058, 2004
2026-08-27 01:08:36.569 Df ReactTestApp[64575:8728df6] [com.apple.dt.xctest:Default] Got snapshot for <AXUIElementRef 0x107d157d0> {pid=64575} {uid=[ID:1 hash:0x0]}
2026-08-27 01:08:36.569 Df ReactTestApp[64575:8728df6] [com.apple.dt.xctest:Default] Got app orientation 0
2026-08-27 01:08:36.569 Df ReactTestApp[64575:8728df6] [com.apple.dt.xctest:Default] Captured accessibility snapshot data in 0.03s
2026-08-27 01:08:36.570 Df ReactTestApp[64575:87298d6] [com.apple.dt.xctest:Default] Found main window: Window
2026-08-27 01:08:36.570 Df ReactTestApp[64575:87298d6] [com.apple.dt.xctest:Default] Preferring automation type 48 instead of legacy element type OTHER derived from class/trait: UILabel:UILabel 8590000128
2026-08-27 01:08:36.570 Df ReactTestApp[64575:87298d6] [com.apple.dt.xctest:Default] Other is not actually a child of Other, including at this point anyway (rdar://problem/20738636)
2026-08-27 01:08:36.570 Df ReactTestApp[64575:87298d6] [com.apple.dt.xctest:Default] Other is not actually a child of Other, including at this point anyway (rdar://problem/20738636)
2026-08-27 01:08:36.570 Df ReactTestApp[64575:87298d6] [com.apple.dt.xctest:Default] Other is not actually a child of Other, including at this point anyway (rdar://problem/20738636)
2026-08-27 01:08:36.570 Df ReactTestApp[64575:87298d6] [com.apple.dt.xctest:Default] Other is not actually a child of Other, including at this point anyway (rdar://problem/20738636)
2026-08-27 01:08:36.570 Df ReactTestApp[64575:87298d6] [com.apple.dt.xctest:Default] Other is not actually a child of Other, including at this point anyway (rdar://problem/20738636)
2026-08-27 01:08:36.570 Df ReactTestApp[64575:87298d6] [com.apple.dt.xctest:Default] Preferring automation type 24 instead of legacy element type OTHER derived from class/trait: _UIFloatingBarContainerView:_UIFloatingBarContainerView 8589934592
2026-08-27 01:08:36.571 Df ReactTestApp[64575:87298d6] [com.apple.dt.xctest:Default] XCTPerformOnMainRunLoop[not MT]: about to CFRunLoopPerform
2026-08-27 01:08:36.571 Df ReactTestApp[64575:87298d6] [com.apple.dt.xctest:Default] XCTPerformOnMainRunLoop[not MT]: waiting with 30.00s responsiveness timeout
2026-08-27 01:08:36.571 Df ReactTestApp[64575:8728df6] [com.apple.dt.xctest:Default] XCTPerformOnMainRunLoop[MT]: inside CFRunLoopPerform
2026-08-27 01:08:36.571 Df ReactTestApp[64575:8728df6] [com.apple.dt.xctest:Default] XCTPerformOnMainRunLoop[MT]: MT responded in time (won the race to the busy flag)
2026-08-27 01:08:36.571 Df ReactTestApp[64575:8728df6] [com.apple.dt.xctest:Default] XCTElementQuery: set data source for rootElementSnapshot to <XCTAutomationSession: 0x123d75470>
2026-08-27 01:08:36.571 Df ReactTestApp[64575:87298d6] [com.apple.dt.xctest:Default] XCTPerformOnMainRunLoop[not MT]: waiting 60.00s for work to complete
2026-08-27 01:08:36.571 Df ReactTestApp[64575:87298d6] [com.apple.dt.xctest:Default] Finding all matches with input Application, pid: 64575 using transformers
↪︎ Descendants matching type Link
2026-08-27 01:08:36.571 Df ReactTestApp[64575:87298d6] [com.apple.dt.xctest:Default] [Match All] applied transformer `Descendants matching type Link` to input {(
    Application, pid: 64575
)}, found {(
)}
2026-08-27 01:08:36.571 Df ReactTestApp[64575:87298d6] [com.apple.dt.xctest:Default] [Match All] setting out related elements in early return {(
)}
2026-08-27 01:08:36.575 Df ReactTestApp[64575:87298d6] [com.apple.dt.xctest:Default] Current tree:
Application, 0x108d235c0, pid: 64575 <App element pid: 64575>
  Window (Main), 0x108d19fc0 <AX element pid: 64575, elementOrHash.elementID: 4432973440.4>
    Other, 0x11817a140 <AX element pid: 64575, elementOrHash.elementID: 4448266304.68>
    Other, 0x108d199c0 <AX element pid: 64575, elementOrHash.elementID: 4431517824.5>
      Other, 0x108df6940 <AX element pid: 64575, elementOrHash.elementID: 4437854080.6>
        Other, 0x110b87040 <AX element pid: 64575, elementOrHash.elementID: 4437857152.7>
          Other, 0x110b72940 <AX element pid: 64575, elementOrHash.elementID: 4448745536.8>
            Other, 0x110b916c0 <AX element pid: 64575, elementOrHash.elementID: 4453532800.9>
              Other, 0x108d1c240 <AX element pid: 64575, elementOrHash.elementID: 4453589120.10>
                Other, 0x108d1bc40 <AX element pid: 64575, elementOrHash.elementID: 4453679232.12>
                  Other, 0x11a5d1440 <AX element pid: 64575, elementOrHash.elementID: 4563712640.14>
                    Navigat<…>
2026-08-27 01:08:36.575 Df ReactTestApp[64575:87298d6] [com.apple.dt.xctest:Default] Query ↪︎ Descendants matching type Link found matching snapshots: {(
)} (error: (null))
2026-08-27 01:08:36.575 Df ReactTestApp[64575:87298d6] [com.apple.dt.xctest:Default] Replying to query ↪︎ Descendants matching type Link with results: <XCTElementQueryResults: 0x10c3f6a50> (error: (null))
2026-08-27 01:08:36.578 Df ReactTestApp[64575:87298d6] [com.apple.dt.xctest:Default] Received request to fetch matches for query: ↪︎ Descendants matching type TextField
2026-08-27 01:08:36.578 Df ReactTestApp[64575:87298d6] [com.apple.dt.xctest:Default] Evaluating query:
 ↪︎ Descendants matching type TextField
2026-08-27 01:08:36.578 Df ReactTestApp[64575:87298d6] [com.apple.dt.xctest:Default] Getting root element snapshot
2026-08-27 01:08:36.578 Df ReactTestApp[64575:87298d6] [com.apple.dt.xctest:Default] Getting snapshot for App element pid: 64575 for query ↪︎ Descendants matching type TextField
2026-08-27 01:08:36.578 Df ReactTestApp[64575:87298d6] [com.apple.dt.xctest:Default] Query requires iOS snapshot attributes XC_kAXXCAttributeElementType, XC_kAXXCAttributeElementBaseType, XC_kAXXCAttributeAutomationType, XC_kAXXCAttributeTraits.
2026-08-27 01:08:36.578 Df ReactTestApp[64575:87298d6] [com.apple.dt.xctest:Default] XCTPerformOnMainRunLoop[not MT]: about to CFRunLoopPerform
2026-08-27 01:08:36.578 Df ReactTestApp[64575:87298d6] [com.apple.dt.xctest:Default] XCTPerformOnMainRunLoop[not MT]: waiting with 30.00s responsiveness timeout
2026-08-27 01:08:36.578 Df ReactTestApp[64575:8728df6] [com.apple.dt.xctest:Default] XCTPerformOnMainRunLoop[MT]: inside CFRunLoopPerform
2026-08-27 01:08:36.578 Df ReactTestApp[64575:8728df6] [com.apple.dt.xctest:Default] XCTPerformOnMainRunLoop[MT]: MT responded in time (won the race to the busy flag)
2026-08-27 01:08:36.578 Df ReactTestApp[64575:87298d6] [com.apple.dt.xctest:Default] XCTPerformOnMainRunLoop[not MT]: waiting 60.00s for work to complete
2026-08-27 01:08:36.578 Df ReactTestApp[64575:8728df6] [com.apple.dt.xctest:Default] Got main window <AXUIElementRef 0x128bf68d0> {pid=64575} {uid=[ID:4 hash:0x10839ce80]}
2026-08-27 01:08:36.578 Df ReactTestApp[64575:8728df6] [com.apple.dt.xctest:Default] Capturing hierarchy with attributes XC_kAXXCAttributeElementType, XC_kAXXCAttributeElementBaseType, XC_kAXXCAttributeParent, XC_kAXXCAttributeIdentifier, XC_kAXXCAttributeAutomationType, XC_kAXXCAttributeTraits
2026-08-27 01:08:36.578 Df ReactTestApp[64575:8728df6] [com.apple.dt.xctest:Default] Capturing hierarchy with parameters {
    attributes =     (
        5003,
        5004,
        5002,
        5019,
        5058,
        2004
    );
    maxArrayCount = 2147483647;
    maxChildren = 2147483647;
    maxDepth = 2147483647;
    snapshotKeyHonorModalViews = 0;
    traverseFromParentsToChildren = 1;
}
2026-08-27 01:08:36.578 Df ReactTestApp[64575:8728df6] [com.apple.dt.xctest:Default] Snapshot attributes 5003, 5004, 5002, 5019, 5058, 2004
2026-08-27 01:08:36.605 Df ReactTestApp[64575:8728df6] [com.apple.dt.xctest:Default] Got snapshot for <AXUIElementRef 0x121d2e990> {pid=64575} {uid=[ID:1 hash:0x0]}
2026-08-27 01:08:36.605 Df ReactTestApp[64575:8728df6] [com.apple.dt.xctest:Default] Got app orientation 0
2026-08-27 01:08:36.605 Df ReactTestApp[64575:8728df6] [com.apple.dt.xctest:Default] Captured accessibility snapshot data in 0.03s
2026-08-27 01:08:36.605 Df ReactTestApp[64575:87298d6] [com.apple.dt.xctest:Default] Found main window: Window
2026-08-27 01:08:36.605 Df ReactTestApp[64575:87298d6] [com.apple.dt.xctest:Default] Preferring automation type 48 instead of legacy element type OTHER derived from class/trait: UILabel:UILabel 8590000128
2026-08-27 01:08:36.605 Df ReactTestApp[64575:87298d6] [com.apple.dt.xctest:Default] Other is not actually a child of Other, including at this point anyway (rdar://problem/20738636)
2026-08-27 01:08:36.605 Df ReactTestApp[64575:87298d6] [com.apple.dt.xctest:Default] Other is not actually a child of Other, including at this point anyway (rdar://problem/20738636)
2026-08-27 01:08:36.606 Df ReactTestApp[64575:87298d6] [com.apple.dt.xctest:Default] Other is not actually a child of Other, including at this point anyway (rdar://problem/20738636)
2026-08-27 01:08:36.606 Df ReactTestApp[64575:87298d6] [com.apple.dt.xctest:Default] Other is not actually a child of Other, including at this point anyway (rdar://problem/20738636)
2026-08-27 01:08:36.606 Df ReactTestApp[64575:87298d6] [com.apple.dt.xctest:Default] Other is not actually a child of Other, including at this point anyway (rdar://problem/20738636)
2026-08-27 01:08:36.606 Df ReactTestApp[64575:87298d6] [com.apple.dt.xctest:Default] Preferring automation type 24 instead of legacy element type OTHER derived from class/trait: _UIFloatingBarContainerView:_UIFloatingBarContainerView 8589934592
2026-08-27 01:08:36.606 Df ReactTestApp[64575:87298d6] [com.apple.dt.xctest:Default] XCTPerformOnMainRunLoop[not MT]: about to CFRunLoopPerform
2026-08-27 01:08:36.606 Df ReactTestApp[64575:87298d6] [com.apple.dt.xctest:Default] XCTPerformOnMainRunLoop[not MT]: waiting with 30.00s responsiveness timeout
2026-08-27 01:08:36.606 Df ReactTestApp[64575:8728df6] [com.apple.dt.xctest:Default] XCTPerformOnMainRunLoop[MT]: inside CFRunLoopPerform
2026-08-27 01:08:36.606 Df ReactTestApp[64575:8728df6] [com.apple.dt.xctest:Default] XCTPerformOnMainRunLoop[MT]: MT responded in time (won the race to the busy flag)
2026-08-27 01:08:36.606 Df ReactTestApp[64575:87298d6] [com.apple.dt.xctest:Default] XCTPerformOnMainRunLoop[not MT]: waiting 60.00s for work to complete
2026-08-27 01:08:36.606 Df ReactTestApp[64575:8728df6] [com.apple.dt.xctest:Default] XCTElementQuery: set data source for rootElementSnapshot to <XCTAutomationSession: 0x123d75470>
2026-08-27 01:08:36.606 Df ReactTestApp[64575:87298d6] [com.apple.dt.xctest:Default] Finding all matches with input Application, pid: 64575 using transformers
↪︎ Descendants matching type TextField
2026-08-27 01:08:36.606 Df ReactTestApp[64575:87298d6] [com.apple.dt.xctest:Default] [Match All] applied transformer `Descendants matching type TextField` to input {(
    Application, pid: 64575
)}, found {(
)}
2026-08-27 01:08:36.607 Df ReactTestApp[64575:87298d6] [com.apple.dt.xctest:Default] [Match All] setting out related elements in early return {(
)}
2026-08-27 01:08:36.610 Df ReactTestApp[64575:87298d6] [com.apple.dt.xctest:Default] Current tree:
Application, 0x110bbf440, pid: 64575 <App element pid: 64575>
  Window (Main), 0x110b862c0 <AX element pid: 64575, elementOrHash.elementID: 4432973440.4>
    Other, 0x1181eeb40 <AX element pid: 64575, elementOrHash.elementID: 4448266304.68>
    Other, 0x110b38140 <AX element pid: 64575, elementOrHash.elementID: 4431517824.5>
      Other, 0x119ccdcc0 <AX element pid: 64575, elementOrHash.elementID: 4437854080.6>
        Other, 0x108d23440 <AX element pid: 64575, elementOrHash.elementID: 4437857152.7>
          Other, 0x119c3cac0 <AX element pid: 64575, elementOrHash.elementID: 4448745536.8>
            Other, 0x11a03db40 <AX element pid: 64575, elementOrHash.elementID: 4453532800.9>
              Other, 0x110b2b3c0 <AX element pid: 64575, elementOrHash.elementID: 4453589120.10>
                Other, 0x110b2b240 <AX element pid: 64575, elementOrHash.elementID: 4453679232.12>
                  Other, 0x11810fac0 <AX element pid: 64575, elementOrHash.elementID: 4563712640.14>
                    Navigat<…>
2026-08-27 01:08:36.610 Df ReactTestApp[64575:87298d6] [com.apple.dt.xctest:Default] Query ↪︎ Descendants matching type TextField found matching snapshots: {(
)} (error: (null))
2026-08-27 01:08:36.610 Df ReactTestApp[64575:87298d6] [com.apple.dt.xctest:Default] Replying to query ↪︎ Descendants matching type TextField with results: <XCTElementQueryResults: 0x10c3bfe50> (error: (null))
2026-08-27 01:08:36.613 Df ReactTestApp[64575:87298d6] [com.apple.dt.xctest:Default] Received request to fetch matches for query: ↪︎ Descendants matching type SecureTextField
2026-08-27 01:08:36.613 Df ReactTestApp[64575:87298d6] [com.apple.dt.xctest:Default] Evaluating query:
 ↪︎ Descendants matching type SecureTextField
2026-08-27 01:08:36.613 Df ReactTestApp[64575:87298d6] [com.apple.dt.xctest:Default] Getting root element snapshot
2026-08-27 01:08:36.613 Df ReactTestApp[64575:87298d6] [com.apple.dt.xctest:Default] Getting snapshot for App element pid: 64575 for query ↪︎ Descendants matching type SecureTextField
2026-08-27 01:08:36.613 Df ReactTestApp[64575:87298d6] [com.apple.dt.xctest:Default] Query requires iOS snapshot attributes XC_kAXXCAttributeElementType, XC_kAXXCAttributeElementBaseType, XC_kAXXCAttributeAutomationType, XC_kAXXCAttributeTraits.
2026-08-27 01:08:36.613 Df ReactTestApp[64575:87298d6] [com.apple.dt.xctest:Default] XCTPerformOnMainRunLoop[not MT]: about to CFRunLoopPerform
2026-08-27 01:08:36.613 Df ReactTestApp[64575:87298d6] [com.apple.dt.xctest:Default] XCTPerformOnMainRunLoop[not MT]: waiting with 30.00s responsiveness timeout
2026-08-27 01:08:36.613 Df ReactTestApp[64575:8728df6] [com.apple.dt.xctest:Default] XCTPerformOnMainRunLoop[MT]: inside CFRunLoopPerform
2026-08-27 01:08:36.613 Df ReactTestApp[64575:8728df6] [com.apple.dt.xctest:Default] XCTPerformOnMainRunLoop[MT]: MT responded in time (won the race to the busy flag)
2026-08-27 01:08:36.613 Df ReactTestApp[64575:87298d6] [com.apple.dt.xctest:Default] XCTPerformOnMainRunLoop[not MT]: waiting 60.00s for work to complete
2026-08-27 01:08:36.614 Df ReactTestApp[64575:8728df6] [com.apple.dt.xctest:Default] Got main window <AXUIElementRef 0x128bf47d0> {pid=64575} {uid=[ID:4 hash:0x10839ce80]}
2026-08-27 01:08:36.614 Df ReactTestApp[64575:8728df6] [com.apple.dt.xctest:Default] Capturing hierarchy with attributes XC_kAXXCAttributeElementType, XC_kAXXCAttributeElementBaseType, XC_kAXXCAttributeParent, XC_kAXXCAttributeIdentifier, XC_kAXXCAttributeAutomationType, XC_kAXXCAttributeTraits
2026-08-27 01:08:36.614 Df ReactTestApp[64575:8728df6] [com.apple.dt.xctest:Default] Capturing hierarchy with parameters {
    attributes =     (
        5003,
        5004,
        5002,
        5019,
        5058,
        2004
    );
    maxArrayCount = 2147483647;
    maxChildren = 2147483647;
    maxDepth = 2147483647;
    snapshotKeyHonorModalViews = 0;
    traverseFromParentsToChildren = 1;
}
2026-08-27 01:08:36.614 Df ReactTestApp[64575:8728df6] [com.apple.dt.xctest:Default] Snapshot attributes 5003, 5004, 5002, 5019, 5058, 2004
2026-08-27 01:08:36.640 Df ReactTestApp[64575:8728df6] [com.apple.dt.xctest:Default] Got snapshot for <AXUIElementRef 0x10c35cdd0> {pid=64575} {uid=[ID:1 hash:0x0]}
2026-08-27 01:08:36.640 Df ReactTestApp[64575:8728df6] [com.apple.dt.xctest:Default] Got app orientation 0
2026-08-27 01:08:36.640 Df ReactTestApp[64575:8728df6] [com.apple.dt.xctest:Default] Captured accessibility snapshot data in 0.03s
2026-08-27 01:08:36.640 Df ReactTestApp[64575:87298d6] [com.apple.dt.xctest:Default] Found main window: Window
2026-08-27 01:08:36.641 Df ReactTestApp[64575:87298d6] [com.apple.dt.xctest:Default] Preferring automation type 48 instead of legacy element type OTHER derived from class/trait: UILabel:UILabel 8590000128
2026-08-27 01:08:36.641 Df ReactTestApp[64575:87298d6] [com.apple.dt.xctest:Default] Other is not actually a child of Other, including at this point anyway (rdar://problem/20738636)
2026-08-27 01:08:36.641 Df ReactTestApp[64575:87298d6] [com.apple.dt.xctest:Default] Other is not actually a child of Other, including at this point anyway (rdar://problem/20738636)
2026-08-27 01:08:36.641 Df ReactTestApp[64575:87298d6] [com.apple.dt.xctest:Default] Other is not actually a child of Other, including at this point anyway (rdar://problem/20738636)
2026-08-27 01:08:36.641 Df ReactTestApp[64575:87298d6] [com.apple.dt.xctest:Default] Other is not actually a child of Other, including at this point anyway (rdar://problem/20738636)
2026-08-27 01:08:36.641 Df ReactTestApp[64575:87298d6] [com.apple.dt.xctest:Default] Other is not actually a child of Other, including at this point anyway (rdar://problem/20738636)
2026-08-27 01:08:36.641 Df ReactTestApp[64575:87298d6] [com.apple.dt.xctest:Default] Preferring automation type 24 instead of legacy element type OTHER derived from class/trait: _UIFloatingBarContainerView:_UIFloatingBarContainerView 8589934592
2026-08-27 01:08:36.642 Df ReactTestApp[64575:87298d6] [com.apple.dt.xctest:Default] XCTPerformOnMainRunLoop[not MT]: about to CFRunLoopPerform
2026-08-27 01:08:36.642 Df ReactTestApp[64575:87298d6] [com.apple.dt.xctest:Default] XCTPerformOnMainRunLoop[not MT]: waiting with 30.00s responsiveness timeout
2026-08-27 01:08:36.642 Df ReactTestApp[64575:8728df6] [com.apple.dt.xctest:Default] XCTPerformOnMainRunLoop[MT]: inside CFRunLoopPerform
2026-08-27 01:08:36.642 Df ReactTestApp[64575:8728df6] [com.apple.dt.xctest:Default] XCTPerformOnMainRunLoop[MT]: MT responded in time (won the race to the busy flag)
2026-08-27 01:08:36.642 Df ReactTestApp[64575:87298d6] [com.apple.dt.xctest:Default] XCTPerformOnMainRunLoop[not MT]: waiting 60.00s for work to complete
2026-08-27 01:08:36.642 Df ReactTestApp[64575:8728df6] [com.apple.dt.xctest:Default] XCTElementQuery: set data source for rootElementSnapshot to <XCTAutomationSession: 0x123d75470>
2026-08-27 01:08:36.642 Df ReactTestApp[64575:87298d6] [com.apple.dt.xctest:Default] Finding all matches with input Application, pid: 64575 using transformers
↪︎ Descendants matching type SecureTextField
2026-08-27 01:08:36.642 Df ReactTestApp[64575:87298d6] [com.apple.dt.xctest:Default] [Match All] applied transformer `Descendants matching type SecureTextField` to input {(
    Application, pid: 64575
)}, found {(
)}
2026-08-27 01:08:36.642 Df ReactTestApp[64575:87298d6] [com.apple.dt.xctest:Default] [Match All] setting out related elements in early return {(
)}
2026-08-27 01:08:36.646 Df ReactTestApp[64575:87298d6] [com.apple.dt.xctest:Default] Current tree:
Application, 0x11a0295c0, pid: 64575 <App element pid: 64575>
  Window (Main), 0x118162ec0 <AX element pid: 64575, elementOrHash.elementID: 4432973440.4>
    Other, 0x10d151640 <AX element pid: 64575, elementOrHash.elementID: 4448266304.68>
    Other, 0x10d189a40 <AX element pid: 64575, elementOrHash.elementID: 4431517824.5>
      Other, 0x1181646c0 <AX element pid: 64575, elementOrHash.elementID: 4437854080.6>
        Other, 0x119c2c140 <AX element pid: 64575, elementOrHash.elementID: 4437857152.7>
          Other, 0x110b43e40 <AX element pid: 64575, elementOrHash.elementID: 4448745536.8>
            Other, 0x119c4ef40 <AX element pid: 64575, elementOrHash.elementID: 4453532800.9>
              Other, 0x118164cc0 <AX element pid: 64575, elementOrHash.elementID: 4453589120.10>
                Other, 0x1181652c0 <AX element pid: 64575, elementOrHash.elementID: 4453679232.12>
                  Other, 0x11816b5c0 <AX element pid: 64575, elementOrHash.elementID: 4563712640.14>
                    Navigat<…>
2026-08-27 01:08:36.646 Df ReactTestApp[64575:87298d6] [com.apple.dt.xctest:Default] Query ↪︎ Descendants matching type SecureTextField found matching snapshots: {(
)} (error: (null))
2026-08-27 01:08:36.646 Df ReactTestApp[64575:87298d6] [com.apple.dt.xctest:Default] Replying to query ↪︎ Descendants matching type SecureTextField with results: <XCTElementQueryResults: 0x10c35c390> (error: (null))
2026-08-27 01:08:36.648 Df ReactTestApp[64575:87298d6] [com.apple.dt.xctest:Default] Received request to fetch matches for query: ↪︎ Descendants matching type SearchField
2026-08-27 01:08:36.648 Df ReactTestApp[64575:87298d6] [com.apple.dt.xctest:Default] Evaluating query:
 ↪︎ Descendants matching type SearchField
2026-08-27 01:08:36.648 Df ReactTestApp[64575:87298d6] [com.apple.dt.xctest:Default] Getting root element snapshot
2026-08-27 01:08:36.648 Df ReactTestApp[64575:87298d6] [com.apple.dt.xctest:Default] Getting snapshot for App element pid: 64575 for query ↪︎ Descendants matching type SearchField
2026-08-27 01:08:36.648 Df ReactTestApp[64575:87298d6] [com.apple.dt.xctest:Default] Query requires iOS snapshot attributes XC_kAXXCAttributeElementType, XC_kAXXCAttributeElementBaseType, XC_kAXXCAttributeAutomationType, XC_kAXXCAttributeTraits.
2026-08-27 01:08:36.649 Df ReactTestApp[64575:87298d6] [com.apple.dt.xctest:Default] XCTPerformOnMainRunLoop[not MT]: about to CFRunLoopPerform
2026-08-27 01:08:36.649 Df ReactTestApp[64575:87298d6] [com.apple.dt.xctest:Default] XCTPerformOnMainRunLoop[not MT]: waiting with 30.00s responsiveness timeout
2026-08-27 01:08:36.649 Df ReactTestApp[64575:8728df6] [com.apple.dt.xctest:Default] XCTPerformOnMainRunLoop[MT]: inside CFRunLoopPerform
2026-08-27 01:08:36.649 Df ReactTestApp[64575:8728df6] [com.apple.dt.xctest:Default] XCTPerformOnMainRunLoop[MT]: MT responded in time (won the race to the busy flag)
2026-08-27 01:08:36.649 Df ReactTestApp[64575:87298d6] [com.apple.dt.xctest:Default] XCTPerformOnMainRunLoop[not MT]: waiting 60.00s for work to complete
2026-08-27 01:08:36.649 Df ReactTestApp[64575:8728df6] [com.apple.dt.xctest:Default] Got main window <AXUIElementRef 0x128b1f050> {pid=64575} {uid=[ID:4 hash:0x10839ce80]}
2026-08-27 01:08:36.649 Df ReactTestApp[64575:8728df6] [com.apple.dt.xctest:Default] Capturing hierarchy with attributes XC_kAXXCAttributeElementType, XC_kAXXCAttributeElementBaseType, XC_kAXXCAttributeParent, XC_kAXXCAttributeIdentifier, XC_kAXXCAttributeAutomationType, XC_kAXXCAttributeTraits
2026-08-27 01:08:36.649 Df ReactTestApp[64575:8728df6] [com.apple.dt.xctest:Default] Capturing hierarchy with parameters {
    attributes =     (
        5003,
        5004,
        5002,
        5019,
        5058,
        2004
    );
    maxArrayCount = 2147483647;
    maxChildren = 2147483647;
    maxDepth = 2147483647;
    snapshotKeyHonorModalViews = 0;
    traverseFromParentsToChildren = 1;
}
2026-08-27 01:08:36.649 Df ReactTestApp[64575:8728df6] [com.apple.dt.xctest:Default] Snapshot attributes 5003, 5004, 5002, 5019, 5058, 2004
2026-08-27 01:08:36.675 Df ReactTestApp[64575:8728df6] [com.apple.dt.xctest:Default] Got snapshot for <AXUIElementRef 0x10e37c310> {pid=64575} {uid=[ID:1 hash:0x0]}
2026-08-27 01:08:36.675 Df ReactTestApp[64575:8728df6] [com.apple.dt.xctest:Default] Got app orientation 0
2026-08-27 01:08:36.675 Df ReactTestApp[64575:8728df6] [com.apple.dt.xctest:Default] Captured accessibility snapshot data in 0.03s
2026-08-27 01:08:36.675 Df ReactTestApp[64575:87298d6] [com.apple.dt.xctest:Default] Found main window: Window
2026-08-27 01:08:36.675 Df ReactTestApp[64575:87298d6] [com.apple.dt.xctest:Default] Preferring automation type 48 instead of legacy element type OTHER derived from class/trait: UILabel:UILabel 8590000128
2026-08-27 01:08:36.676 Df ReactTestApp[64575:87298d6] [com.apple.dt.xctest:Default] Other is not actually a child of Other, including at this point anyway (rdar://problem/20738636)
2026-08-27 01:08:36.676 Df ReactTestApp[64575:87298d6] [com.apple.dt.xctest:Default] Other is not actually a child of Other, including at this point anyway (rdar://problem/20738636)
2026-08-27 01:08:36.676 Df ReactTestApp[64575:87298d6] [com.apple.dt.xctest:Default] Other is not actually a child of Other, including at this point anyway (rdar://problem/20738636)
2026-08-27 01:08:36.676 Df ReactTestApp[64575:87298d6] [com.apple.dt.xctest:Default] Other is not actually a child of Other, including at this point anyway (rdar://problem/20738636)
2026-08-27 01:08:36.676 Df ReactTestApp[64575:87298d6] [com.apple.dt.xctest:Default] Other is not actually a child of Other, including at this point anyway (rdar://problem/20738636)
2026-08-27 01:08:36.676 Df ReactTestApp[64575:87298d6] [com.apple.dt.xctest:Default] Preferring automation type 24 instead of legacy element type OTHER derived from class/trait: _UIFloatingBarContainerView:_UIFloatingBarContainerView 8589934592
2026-08-27 01:08:36.676 Df ReactTestApp[64575:87298d6] [com.apple.dt.xctest:Default] XCTPerformOnMainRunLoop[not MT]: about to CFRunLoopPerform
2026-08-27 01:08:36.676 Df ReactTestApp[64575:87298d6] [com.apple.dt.xctest:Default] XCTPerformOnMainRunLoop[not MT]: waiting with 30.00s responsiveness timeout
2026-08-27 01:08:36.676 Df ReactTestApp[64575:8728df6] [com.apple.dt.xctest:Default] XCTPerformOnMainRunLoop[MT]: inside CFRunLoopPerform
2026-08-27 01:08:36.676 Df ReactTestApp[64575:8728df6] [com.apple.dt.xctest:Default] XCTPerformOnMainRunLoop[MT]: MT responded in time (won the race to the busy flag)
2026-08-27 01:08:36.676 Df ReactTestApp[64575:87298d6] [com.apple.dt.xctest:Default] XCTPerformOnMainRunLoop[not MT]: waiting 60.00s for work to complete
2026-08-27 01:08:36.676 Df ReactTestApp[64575:8728df6] [com.apple.dt.xctest:Default] XCTElementQuery: set data source for rootElementSnapshot to <XCTAutomationSession: 0x123d75470>
2026-08-27 01:08:36.677 Df ReactTestApp[64575:87298d6] [com.apple.dt.xctest:Default] Finding all matches with input Application, pid: 64575 using transformers
↪︎ Descendants matching type SearchField
2026-08-27 01:08:36.677 Df ReactTestApp[64575:87298d6] [com.apple.dt.xctest:Default] [Match All] applied transformer `Descendants matching type SearchField` to input {(
    Application, pid: 64575
)}, found {(
)}
2026-08-27 01:08:36.677 Df ReactTestApp[64575:87298d6] [com.apple.dt.xctest:Default] [Match All] setting out related elements in early return {(
)}
2026-08-27 01:08:36.680 Df ReactTestApp[64575:87298d6] [com.apple.dt.xctest:Default] Current tree:
Application, 0x119c049c0, pid: 64575 <App element pid: 64575>
  Window (Main), 0x1181979c0 <AX element pid: 64575, elementOrHash.elementID: 4432973440.4>
    Other, 0x118172340 <AX element pid: 64575, elementOrHash.elementID: 4448266304.68>
    Other, 0x11a5583c0 <AX element pid: 64575, elementOrHash.elementID: 4431517824.5>
      Other, 0x11a56eec0 <AX element pid: 64575, elementOrHash.elementID: 4437854080.6>
        Other, 0x119c073c0 <AX element pid: 64575, elementOrHash.elementID: 4437857152.7>
          Other, 0x119cd36c0 <AX element pid: 64575, elementOrHash.elementID: 4448745536.8>
            Other, 0x119c007c0 <AX element pid: 64575, elementOrHash.elementID: 4453532800.9>
              Other, 0x10d12a040 <AX element pid: 64575, elementOrHash.elementID: 4453589120.10>
                Other, 0x108d28b40 <AX element pid: 64575, elementOrHash.elementID: 4453679232.12>
                  Other, 0x1181661c0 <AX element pid: 64575, elementOrHash.elementID: 4563712640.14>
                    Navigat<…>
2026-08-27 01:08:36.680 Df ReactTestApp[64575:87298d6] [com.apple.dt.xctest:Default] Query ↪︎ Descendants matching type SearchField found matching snapshots: {(
)} (error: (null))
2026-08-27 01:08:36.680 Df ReactTestApp[64575:87298d6] [com.apple.dt.xctest:Default] Replying to query ↪︎ Descendants matching type SearchField with results: <XCTElementQueryResults: 0x121d4ad10> (error: (null))
2026-08-27 01:08:36.683 Df ReactTestApp[64575:87298d6] [com.apple.dt.xctest:Default] Received request to fetch matches for query: ↪︎ Descendants matching type TextView
2026-08-27 01:08:36.683 Df ReactTestApp[64575:872953f] [com.apple.dt.xctest:Default] Evaluating query:
 ↪︎ Descendants matching type TextView
2026-08-27 01:08:36.683 Df ReactTestApp[64575:872953f] [com.apple.dt.xctest:Default] Getting root element snapshot
2026-08-27 01:08:36.683 Df ReactTestApp[64575:872953f] [com.apple.dt.xctest:Default] Getting snapshot for App element pid: 64575 for query ↪︎ Descendants matching type TextView
2026-08-27 01:08:36.683 Df ReactTestApp[64575:872953f] [com.apple.dt.xctest:Default] Query requires iOS snapshot attributes XC_kAXXCAttributeElementType, XC_kAXXCAttributeElementBaseType, XC_kAXXCAttributeAutomationType, XC_kAXXCAttributeTraits.
2026-08-27 01:08:36.683 Df ReactTestApp[64575:872953f] [com.apple.dt.xctest:Default] XCTPerformOnMainRunLoop[not MT]: about to CFRunLoopPerform
2026-08-27 01:08:36.683 Df ReactTestApp[64575:872953f] [com.apple.dt.xctest:Default] XCTPerformOnMainRunLoop[not MT]: waiting with 30.00s responsiveness timeout
2026-08-27 01:08:36.683 Df ReactTestApp[64575:8728df6] [com.apple.dt.xctest:Default] XCTPerformOnMainRunLoop[MT]: inside CFRunLoopPerform
2026-08-27 01:08:36.683 Df ReactTestApp[64575:8728df6] [com.apple.dt.xctest:Default] XCTPerformOnMainRunLoop[MT]: MT responded in time (won the race to the busy flag)
2026-08-27 01:08:36.683 Df ReactTestApp[64575:872953f] [com.apple.dt.xctest:Default] XCTPerformOnMainRunLoop[not MT]: waiting 60.00s for work to complete
2026-08-27 01:08:36.683 Df ReactTestApp[64575:8728df6] [com.apple.dt.xctest:Default] Got main window <AXUIElementRef 0x128b06950> {pid=64575} {uid=[ID:4 hash:0x10839ce80]}
2026-08-27 01:08:36.684 Df ReactTestApp[64575:8728df6] [com.apple.dt.xctest:Default] Capturing hierarchy with attributes XC_kAXXCAttributeElementType, XC_kAXXCAttributeElementBaseType, XC_kAXXCAttributeParent, XC_kAXXCAttributeIdentifier, XC_kAXXCAttributeAutomationType, XC_kAXXCAttributeTraits
2026-08-27 01:08:36.684 Df ReactTestApp[64575:8728df6] [com.apple.dt.xctest:Default] Capturing hierarchy with parameters {
    attributes =     (
        5003,
        5004,
        5002,
        5019,
        5058,
        2004
    );
    maxArrayCount = 2147483647;
    maxChildren = 2147483647;
    maxDepth = 2147483647;
    snapshotKeyHonorModalViews = 0;
    traverseFromParentsToChildren = 1;
}
2026-08-27 01:08:36.684 Df ReactTestApp[64575:8728df6] [com.apple.dt.xctest:Default] Snapshot attributes 5003, 5004, 5002, 5019, 5058, 2004
2026-08-27 01:08:36.712 Df ReactTestApp[64575:8728df6] [com.apple.dt.xctest:Default] Got snapshot for <AXUIElementRef 0x10e3a6cd0> {pid=64575} {uid=[ID:1 hash:0x0]}
2026-08-27 01:08:36.712 Df ReactTestApp[64575:8728df6] [com.apple.dt.xctest:Default] Got app orientation 0
2026-08-27 01:08:36.712 Df ReactTestApp[64575:8728df6] [com.apple.dt.xctest:Default] Captured accessibility snapshot data in 0.03s
2026-08-27 01:08:36.712 Df ReactTestApp[64575:872953f] [com.apple.dt.xctest:Default] Found main window: Window
2026-08-27 01:08:36.712 Df ReactTestApp[64575:872953f] [com.apple.dt.xctest:Default] Preferring automation type 48 instead of legacy element type OTHER derived from class/trait: UILabel:UILabel 8590000128
2026-08-27 01:08:36.712 Df ReactTestApp[64575:872953f] [com.apple.dt.xctest:Default] Other is not actually a child of Other, including at this point anyway (rdar://problem/20738636)
2026-08-27 01:08:36.713 Df ReactTestApp[64575:872953f] [com.apple.dt.xctest:Default] Other is not actually a child of Other, including at this point anyway (rdar://problem/20738636)
2026-08-27 01:08:36.713 Df ReactTestApp[64575:872953f] [com.apple.dt.xctest:Default] Other is not actually a child of Other, including at this point anyway (rdar://problem/20738636)
2026-08-27 01:08:36.713 Df ReactTestApp[64575:872953f] [com.apple.dt.xctest:Default] Other is not actually a child of Other, including at this point anyway (rdar://problem/20738636)
2026-08-27 01:08:36.713 Df ReactTestApp[64575:872953f] [com.apple.dt.xctest:Default] Other is not actually a child of Other, including at this point anyway (rdar://problem/20738636)
2026-08-27 01:08:36.713 Df ReactTestApp[64575:872953f] [com.apple.dt.xctest:Default] Preferring automation type 24 instead of legacy element type OTHER derived from class/trait: _UIFloatingBarContainerView:_UIFloatingBarContainerView 8589934592
2026-08-27 01:08:36.713 Df ReactTestApp[64575:872953f] [com.apple.dt.xctest:Default] XCTPerformOnMainRunLoop[not MT]: about to CFRunLoopPerform
2026-08-27 01:08:36.713 Df ReactTestApp[64575:872953f] [com.apple.dt.xctest:Default] XCTPerformOnMainRunLoop[not MT]: waiting with 30.00s responsiveness timeout
2026-08-27 01:08:36.713 Df ReactTestApp[64575:8728df6] [com.apple.dt.xctest:Default] XCTPerformOnMainRunLoop[MT]: inside CFRunLoopPerform
2026-08-27 01:08:36.713 Df ReactTestApp[64575:8728df6] [com.apple.dt.xctest:Default] XCTPerformOnMainRunLoop[MT]: MT responded in time (won the race to the busy flag)
2026-08-27 01:08:36.713 Df ReactTestApp[64575:872953f] [com.apple.dt.xctest:Default] XCTPerformOnMainRunLoop[not MT]: waiting 60.00s for work to complete
2026-08-27 01:08:36.713 Df ReactTestApp[64575:8728df6] [com.apple.dt.xctest:Default] XCTElementQuery: set data source for rootElementSnapshot to <XCTAutomationSession: 0x123d75470>
2026-08-27 01:08:36.713 Df ReactTestApp[64575:872953f] [com.apple.dt.xctest:Default] Finding all matches with input Application, pid: 64575 using transformers
↪︎ Descendants matching type TextView
2026-08-27 01:08:36.713 Df ReactTestApp[64575:872953f] [com.apple.dt.xctest:Default] [Match All] applied transformer `Descendants matching type TextView` to input {(
    Application, pid: 64575
)}, found {(
)}
2026-08-27 01:08:36.714 Df ReactTestApp[64575:872953f] [com.apple.dt.xctest:Default] [Match All] setting out related elements in early return {(
)}
2026-08-27 01:08:36.717 Df ReactTestApp[64575:872953f] [com.apple.dt.xctest:Default] Current tree:
Application, 0x110b42dc0, pid: 64575 <App element pid: 64575>
  Window (Main), 0x119c0c640 <AX element pid: 64575, elementOrHash.elementID: 4432973440.4>
    Other, 0x110b35ec0 <AX element pid: 64575, elementOrHash.elementID: 4448266304.68>
    Other, 0x110a982c0 <AX element pid: 64575, elementOrHash.elementID: 4431517824.5>
      Other, 0x110b92740 <AX element pid: 64575, elementOrHash.elementID: 4437854080.6>
        Other, 0x108d1fb40 <AX element pid: 64575, elementOrHash.elementID: 4437857152.7>
          Other, 0x110a98a40 <AX element pid: 64575, elementOrHash.elementID: 4448745536.8>
            Other, 0x110a97cc0 <AX element pid: 64575, elementOrHash.elementID: 4453532800.9>
              Other, 0x110a97540 <AX element pid: 64575, elementOrHash.elementID: 4453589120.10>
                Other, 0x119c3a9c0 <AX element pid: 64575, elementOrHash.elementID: 4453679232.12>
                  Other, 0x108d757c0 <AX element pid: 64575, elementOrHash.elementID: 4563712640.14>
                    Navigat<…>
2026-08-27 01:08:36.717 Df ReactTestApp[64575:872953f] [com.apple.dt.xctest:Default] Query ↪︎ Descendants matching type TextView found matching snapshots: {(
)} (error: (null))
2026-08-27 01:08:36.717 Df ReactTestApp[64575:872953f] [com.apple.dt.xctest:Default] Replying to query ↪︎ Descendants matching type TextView with results: <XCTElementQueryResults: 0x10e3bef50> (error: (null))
2026-08-27 01:08:36.720 Df ReactTestApp[64575:872953f] [com.apple.dt.xctest:Default] Received request to fetch matches for query: ↪︎ Descendants matching type Switch
2026-08-27 01:08:36.720 Df ReactTestApp[64575:87298d6] [com.apple.dt.xctest:Default] Evaluating query:
 ↪︎ Descendants matching type Switch
2026-08-27 01:08:36.720 Df ReactTestApp[64575:87298d6] [com.apple.dt.xctest:Default] Getting root element snapshot
2026-08-27 01:08:36.720 Df ReactTestApp[64575:87298d6] [com.apple.dt.xctest:Default] Getting snapshot for App element pid: 64575 for query ↪︎ Descendants matching type Switch
2026-08-27 01:08:36.720 Df ReactTestApp[64575:87298d6] [com.apple.dt.xctest:Default] Query requires iOS snapshot attributes XC_kAXXCAttributeElementType, XC_kAXXCAttributeElementBaseType, XC_kAXXCAttributeAutomationType, XC_kAXXCAttributeTraits.
2026-08-27 01:08:36.720 Df ReactTestApp[64575:87298d6] [com.apple.dt.xctest:Default] XCTPerformOnMainRunLoop[not MT]: about to CFRunLoopPerform
2026-08-27 01:08:36.720 Df ReactTestApp[64575:87298d6] [com.apple.dt.xctest:Default] XCTPerformOnMainRunLoop[not MT]: waiting with 30.00s responsiveness timeout
2026-08-27 01:08:36.720 Df ReactTestApp[64575:8728df6] [com.apple.dt.xctest:Default] XCTPerformOnMainRunLoop[MT]: inside CFRunLoopPerform
2026-08-27 01:08:36.720 Df ReactTestApp[64575:8728df6] [com.apple.dt.xctest:Default] XCTPerformOnMainRunLoop[MT]: MT responded in time (won the race to the busy flag)
2026-08-27 01:08:36.720 Df ReactTestApp[64575:87298d6] [com.apple.dt.xctest:Default] XCTPerformOnMainRunLoop[not MT]: waiting 60.00s for work to complete
2026-08-27 01:08:36.720 Df ReactTestApp[64575:8728df6] [com.apple.dt.xctest:Default] Got main window <AXUIElementRef 0x12f53ac90> {pid=64575} {uid=[ID:4 hash:0x10839ce80]}
2026-08-27 01:08:36.721 Df ReactTestApp[64575:8728df6] [com.apple.dt.xctest:Default] Capturing hierarchy with attributes XC_kAXXCAttributeElementType, XC_kAXXCAttributeElementBaseType, XC_kAXXCAttributeParent, XC_kAXXCAttributeIdentifier, XC_kAXXCAttributeAutomationType, XC_kAXXCAttributeTraits
2026-08-27 01:08:36.721 Df ReactTestApp[64575:8728df6] [com.apple.dt.xctest:Default] Capturing hierarchy with parameters {
    attributes =     (
        5003,
        5004,
        5002,
        5019,
        5058,
        2004
    );
    maxArrayCount = 2147483647;
    maxChildren = 2147483647;
    maxDepth = 2147483647;
    snapshotKeyHonorModalViews = 0;
    traverseFromParentsToChildren = 1;
}
2026-08-27 01:08:36.721 Df ReactTestApp[64575:8728df6] [com.apple.dt.xctest:Default] Snapshot attributes 5003, 5004, 5002, 5019, 5058, 2004
2026-08-27 01:08:36.747 Df ReactTestApp[64575:8728df6] [com.apple.dt.xctest:Default] Got snapshot for <AXUIElementRef 0x128be9510> {pid=64575} {uid=[ID:1 hash:0x0]}
2026-08-27 01:08:36.747 Df ReactTestApp[64575:8728df6] [com.apple.dt.xctest:Default] Got app orientation 0
2026-08-27 01:08:36.747 Df ReactTestApp[64575:8728df6] [com.apple.dt.xctest:Default] Captured accessibility snapshot data in 0.03s
2026-08-27 01:08:36.747 Df ReactTestApp[64575:87298d6] [com.apple.dt.xctest:Default] Found main window: Window
2026-08-27 01:08:36.747 Df ReactTestApp[64575:87298d6] [com.apple.dt.xctest:Default] Preferring automation type 48 instead of legacy element type OTHER derived from class/trait: UILabel:UILabel 8590000128
2026-08-27 01:08:36.748 Df ReactTestApp[64575:87298d6] [com.apple.dt.xctest:Default] Other is not actually a child of Other, including at this point anyway (rdar://problem/20738636)
2026-08-27 01:08:36.748 Df ReactTestApp[64575:87298d6] [com.apple.dt.xctest:Default] Other is not actually a child of Other, including at this point anyway (rdar://problem/20738636)
2026-08-27 01:08:36.748 Df ReactTestApp[64575:87298d6] [com.apple.dt.xctest:Default] Other is not actually a child of Other, including at this point anyway (rdar://problem/20738636)
2026-08-27 01:08:36.748 Df ReactTestApp[64575:87298d6] [com.apple.dt.xctest:Default] Other is not actually a child of Other, including at this point anyway (rdar://problem/20738636)
2026-08-27 01:08:36.748 Df ReactTestApp[64575:87298d6] [com.apple.dt.xctest:Default] Other is not actually a child of Other, including at this point anyway (rdar://problem/20738636)
2026-08-27 01:08:36.748 Df ReactTestApp[64575:87298d6] [com.apple.dt.xctest:Default] Preferring automation type 24 instead of legacy element type OTHER derived from class/trait: _UIFloatingBarContainerView:_UIFloatingBarContainerView 8589934592
2026-08-27 01:08:36.749 Df ReactTestApp[64575:87298d6] [com.apple.dt.xctest:Default] XCTPerformOnMainRunLoop[not MT]: about to CFRunLoopPerform
2026-08-27 01:08:36.749 Df ReactTestApp[64575:87298d6] [com.apple.dt.xctest:Default] XCTPerformOnMainRunLoop[not MT]: waiting with 30.00s responsiveness timeout
2026-08-27 01:08:36.749 Df ReactTestApp[64575:8728df6] [com.apple.dt.xctest:Default] XCTPerformOnMainRunLoop[MT]: inside CFRunLoopPerform
2026-08-27 01:08:36.749 Df ReactTestApp[64575:8728df6] [com.apple.dt.xctest:Default] XCTPerformOnMainRunLoop[MT]: MT responded in time (won the race to the busy flag)
2026-08-27 01:08:36.749 Df ReactTestApp[64575:8728df6] [com.apple.dt.xctest:Default] XCTElementQuery: set data source for rootElementSnapshot to <XCTAutomationSession: 0x123d75470>
2026-08-27 01:08:36.749 Df ReactTestApp[64575:87298d6] [com.apple.dt.xctest:Default] XCTPerformOnMainRunLoop[not MT]: waiting 60.00s for work to complete
2026-08-27 01:08:36.749 Df ReactTestApp[64575:87298d6] [com.apple.dt.xctest:Default] Finding all matches with input Application, pid: 64575 using transformers
↪︎ Descendants matching type Switch
2026-08-27 01:08:36.749 Df ReactTestApp[64575:87298d6] [com.apple.dt.xctest:Default] [Match All] applied transformer `Descendants matching type Switch` to input {(
    Application, pid: 64575
)}, found {(
)}
2026-08-27 01:08:36.749 Df ReactTestApp[64575:87298d6] [com.apple.dt.xctest:Default] [Match All] setting out related elements in early return {(
)}
2026-08-27 01:08:36.753 Df ReactTestApp[64575:87298d6] [com.apple.dt.xctest:Default] Current tree:
Application, 0x110b7c540, pid: 64575 <App element pid: 64575>
  Window (Main), 0x110b907c0 <AX element pid: 64575, elementOrHash.elementID: 4432973440.4>
    Other, 0x110b9a3c0 <AX element pid: 64575, elementOrHash.elementID: 4448266304.68>
    Other, 0x119c229c0 <AX element pid: 64575, elementOrHash.elementID: 4431517824.5>
      Other, 0x108d29740 <AX element pid: 64575, elementOrHash.elementID: 4437854080.6>
        Other, 0x110b7c0c0 <AX element pid: 64575, elementOrHash.elementID: 4437857152.7>
          Other, 0x110b8d640 <AX element pid: 64575, elementOrHash.elementID: 4448745536.8>
            Other, 0x110b7bdc0 <AX element pid: 64575, elementOrHash.elementID: 4453532800.9>
              Other, 0x108d75940 <AX element pid: 64575, elementOrHash.elementID: 4453589120.10>
                Other, 0x110b7b1c0 <AX element pid: 64575, elementOrHash.elementID: 4453679232.12>
                  Other, 0x110b7b4c0 <AX element pid: 64575, elementOrHash.elementID: 4563712640.14>
                    Navigat<…>
2026-08-27 01:08:36.753 Df ReactTestApp[64575:87298d6] [com.apple.dt.xctest:Default] Query ↪︎ Descendants matching type Switch found matching snapshots: {(
)} (error: (null))
2026-08-27 01:08:36.753 Df ReactTestApp[64575:87298d6] [com.apple.dt.xctest:Default] Replying to query ↪︎ Descendants matching type Switch with results: <XCTElementQueryResults: 0x121d1b610> (error: (null))
2026-08-27 01:08:36.755 Df ReactTestApp[64575:87298d6] [com.apple.dt.xctest:Default] Received request to fetch matches for query: ↪︎ Descendants matching type Slider
2026-08-27 01:08:36.755 Df ReactTestApp[64575:87298d6] [com.apple.dt.xctest:Default] Evaluating query:
 ↪︎ Descendants matching type Slider
2026-08-27 01:08:36.755 Df ReactTestApp[64575:87298d6] [com.apple.dt.xctest:Default] Getting root element snapshot
2026-08-27 01:08:36.755 Df ReactTestApp[64575:87298d6] [com.apple.dt.xctest:Default] Getting snapshot for App element pid: 64575 for query ↪︎ Descendants matching type Slider
2026-08-27 01:08:36.755 Df ReactTestApp[64575:87298d6] [com.apple.dt.xctest:Default] Query requires iOS snapshot attributes XC_kAXXCAttributeElementType, XC_kAXXCAttributeElementBaseType, XC_kAXXCAttributeAutomationType, XC_kAXXCAttributeTraits.
2026-08-27 01:08:36.755 Df ReactTestApp[64575:87298d6] [com.apple.dt.xctest:Default] XCTPerformOnMainRunLoop[not MT]: about to CFRunLoopPerform
2026-08-27 01:08:36.755 Df ReactTestApp[64575:87298d6] [com.apple.dt.xctest:Default] XCTPerformOnMainRunLoop[not MT]: waiting with 30.00s responsiveness timeout
2026-08-27 01:08:36.755 Df ReactTestApp[64575:8728df6] [com.apple.dt.xctest:Default] XCTPerformOnMainRunLoop[MT]: inside CFRunLoopPerform
2026-08-27 01:08:36.755 Df ReactTestApp[64575:8728df6] [com.apple.dt.xctest:Default] XCTPerformOnMainRunLoop[MT]: MT responded in time (won the race to the busy flag)
2026-08-27 01:08:36.755 Df ReactTestApp[64575:87298d6] [com.apple.dt.xctest:Default] XCTPerformOnMainRunLoop[not MT]: waiting 60.00s for work to complete
2026-08-27 01:08:36.756 Df ReactTestApp[64575:8728df6] [com.apple.dt.xctest:Default] Got main window <AXUIElementRef 0x107d3e010> {pid=64575} {uid=[ID:4 hash:0x10839ce80]}
2026-08-27 01:08:36.756 Df ReactTestApp[64575:8728df6] [com.apple.dt.xctest:Default] Capturing hierarchy with attributes XC_kAXXCAttributeElementType, XC_kAXXCAttributeElementBaseType, XC_kAXXCAttributeParent, XC_kAXXCAttributeIdentifier, XC_kAXXCAttributeAutomationType, XC_kAXXCAttributeTraits
2026-08-27 01:08:36.756 Df ReactTestApp[64575:8728df6] [com.apple.dt.xctest:Default] Capturing hierarchy with parameters {
    attributes =     (
        5003,
        5004,
        5002,
        5019,
        5058,
        2004
    );
    maxArrayCount = 2147483647;
    maxChildren = 2147483647;
    maxDepth = 2147483647;
    snapshotKeyHonorModalViews = 0;
    traverseFromParentsToChildren = 1;
}
2026-08-27 01:08:36.756 Df ReactTestApp[64575:8728df6] [com.apple.dt.xctest:Default] Snapshot attributes 5003, 5004, 5002, 5019, 5058, 2004
2026-08-27 01:08:36.782 Df ReactTestApp[64575:8728df6] [com.apple.dt.xctest:Default] Got snapshot for <AXUIElementRef 0x128bbeed0> {pid=64575} {uid=[ID:1 hash:0x0]}
2026-08-27 01:08:36.782 Df ReactTestApp[64575:8728df6] [com.apple.dt.xctest:Default] Got app orientation 0
2026-08-27 01:08:36.782 Df ReactTestApp[64575:8728df6] [com.apple.dt.xctest:Default] Captured accessibility snapshot data in 0.03s
2026-08-27 01:08:36.783 Df ReactTestApp[64575:87298d6] [com.apple.dt.xctest:Default] Found main window: Window
2026-08-27 01:08:36.783 Df ReactTestApp[64575:87298d6] [com.apple.dt.xctest:Default] Preferring automation type 48 instead of legacy element type OTHER derived from class/trait: UILabel:UILabel 8590000128
2026-08-27 01:08:36.783 Df ReactTestApp[64575:87298d6] [com.apple.dt.xctest:Default] Other is not actually a child of Other, including at this point anyway (rdar://problem/20738636)
2026-08-27 01:08:36.783 Df ReactTestApp[64575:87298d6] [com.apple.dt.xctest:Default] Other is not actually a child of Other, including at this point anyway (rdar://problem/20738636)
2026-08-27 01:08:36.783 Df ReactTestApp[64575:87298d6] [com.apple.dt.xctest:Default] Other is not actually a child of Other, including at this point anyway (rdar://problem/20738636)
2026-08-27 01:08:36.783 Df ReactTestApp[64575:87298d6] [com.apple.dt.xctest:Default] Other is not actually a child of Other, including at this point anyway (rdar://problem/20738636)
2026-08-27 01:08:36.783 Df ReactTestApp[64575:87298d6] [com.apple.dt.xctest:Default] Other is not actually a child of Other, including at this point anyway (rdar://problem/20738636)
2026-08-27 01:08:36.783 Df ReactTestApp[64575:87298d6] [com.apple.dt.xctest:Default] Preferring automation type 24 instead of legacy element type OTHER derived from class/trait: _UIFloatingBarContainerView:_UIFloatingBarContainerView 8589934592
2026-08-27 01:08:36.784 Df ReactTestApp[64575:87298d6] [com.apple.dt.xctest:Default] XCTPerformOnMainRunLoop[not MT]: about to CFRunLoopPerform
2026-08-27 01:08:36.784 Df ReactTestApp[64575:87298d6] [com.apple.dt.xctest:Default] XCTPerformOnMainRunLoop[not MT]: waiting with 30.00s responsiveness timeout
2026-08-27 01:08:36.784 Df ReactTestApp[64575:8728df6] [com.apple.dt.xctest:Default] XCTPerformOnMainRunLoop[MT]: inside CFRunLoopPerform
2026-08-27 01:08:36.784 Df ReactTestApp[64575:8728df6] [com.apple.dt.xctest:Default] XCTPerformOnMainRunLoop[MT]: MT responded in time (won the race to the busy flag)
2026-08-27 01:08:36.784 Df ReactTestApp[64575:87298d6] [com.apple.dt.xctest:Default] XCTPerformOnMainRunLoop[not MT]: waiting 60.00s for work to complete
2026-08-27 01:08:36.784 Df ReactTestApp[64575:8728df6] [com.apple.dt.xctest:Default] XCTElementQuery: set data source for rootElementSnapshot to <XCTAutomationSession: 0x123d75470>
2026-08-27 01:08:36.784 Df ReactTestApp[64575:87298d6] [com.apple.dt.xctest:Default] Finding all matches with input Application, pid: 64575 using transformers
↪︎ Descendants matching type Slider
2026-08-27 01:08:36.784 Df ReactTestApp[64575:87298d6] [com.apple.dt.xctest:Default] [Match All] applied transformer `Descendants matching type Slider` to input {(
    Application, pid: 64575
)}, found {(
)}
2026-08-27 01:08:36.784 Df ReactTestApp[64575:87298d6] [com.apple.dt.xctest:Default] [Match All] setting out related elements in early return {(
)}
2026-08-27 01:08:36.788 Df ReactTestApp[64575:87298d6] [com.apple.dt.xctest:Default] Current tree:
Application, 0x118178640, pid: 64575 <App element pid: 64575>
  Window (Main), 0x118171740 <AX element pid: 64575, elementOrHash.elementID: 4432973440.4>
    Other, 0x119c352c0 <AX element pid: 64575, elementOrHash.elementID: 4448266304.68>
    Other, 0x11a04ef40 <AX element pid: 64575, elementOrHash.elementID: 4431517824.5>
      Other, 0x119c47d40 <AX element pid: 64575, elementOrHash.elementID: 4437854080.6>
        Other, 0x1181bcbc0 <AX element pid: 64575, elementOrHash.elementID: 4437857152.7>
          Other, 0x11816bbc0 <AX element pid: 64575, elementOrHash.elementID: 4448745536.8>
            Other, 0x11816c1c0 <AX element pid: 64575, elementOrHash.elementID: 4453532800.9>
              Other, 0x10d1928c0 <AX element pid: 64575, elementOrHash.elementID: 4453589120.10>
                Other, 0x119c32740 <AX element pid: 64575, elementOrHash.elementID: 4453679232.12>
                  Other, 0x11a5607c0 <AX element pid: 64575, elementOrHash.elementID: 4563712640.14>
                    Navigat<…>
2026-08-27 01:08:36.788 Df ReactTestApp[64575:87298d6] [com.apple.dt.xctest:Default] Query ↪︎ Descendants matching type Slider found matching snapshots: {(
)} (error: (null))
2026-08-27 01:08:36.788 Df ReactTestApp[64575:87298d6] [com.apple.dt.xctest:Default] Replying to query ↪︎ Descendants matching type Slider with results: <XCTElementQueryResults: 0x128b19010> (error: (null))
2026-08-27 01:08:36.790 Df ReactTestApp[64575:87298d6] [com.apple.dt.xctest:Default] Received request to fetch matches for query: ↪︎ Descendants matching type SegmentedControl
2026-08-27 01:08:36.790 Df ReactTestApp[64575:87298d6] [com.apple.dt.xctest:Default] Evaluating query:
 ↪︎ Descendants matching type SegmentedControl
2026-08-27 01:08:36.790 Df ReactTestApp[64575:87298d6] [com.apple.dt.xctest:Default] Getting root element snapshot
2026-08-27 01:08:36.790 Df ReactTestApp[64575:87298d6] [com.apple.dt.xctest:Default] Getting snapshot for App element pid: 64575 for query ↪︎ Descendants matching type SegmentedControl
2026-08-27 01:08:36.790 Df ReactTestApp[64575:87298d6] [com.apple.dt.xctest:Default] Query requires iOS snapshot attributes XC_kAXXCAttributeElementType, XC_kAXXCAttributeElementBaseType, XC_kAXXCAttributeAutomationType, XC_kAXXCAttributeTraits.
2026-08-27 01:08:36.791 Df ReactTestApp[64575:87298d6] [com.apple.dt.xctest:Default] XCTPerformOnMainRunLoop[not MT]: about to CFRunLoopPerform
2026-08-27 01:08:36.791 Df ReactTestApp[64575:87298d6] [com.apple.dt.xctest:Default] XCTPerformOnMainRunLoop[not MT]: waiting with 30.00s responsiveness timeout
2026-08-27 01:08:36.791 Df ReactTestApp[64575:8728df6] [com.apple.dt.xctest:Default] XCTPerformOnMainRunLoop[MT]: inside CFRunLoopPerform
2026-08-27 01:08:36.791 Df ReactTestApp[64575:8728df6] [com.apple.dt.xctest:Default] XCTPerformOnMainRunLoop[MT]: MT responded in time (won the race to the busy flag)
2026-08-27 01:08:36.791 Df ReactTestApp[64575:87298d6] [com.apple.dt.xctest:Default] XCTPerformOnMainRunLoop[not MT]: waiting 60.00s for work to complete
2026-08-27 01:08:36.791 Df ReactTestApp[64575:8728df6] [com.apple.dt.xctest:Default] Got main window <AXUIElementRef 0x121d8ea50> {pid=64575} {uid=[ID:4 hash:0x10839ce80]}
2026-08-27 01:08:36.791 Df ReactTestApp[64575:8728df6] [com.apple.dt.xctest:Default] Capturing hierarchy with attributes XC_kAXXCAttributeElementType, XC_kAXXCAttributeElementBaseType, XC_kAXXCAttributeParent, XC_kAXXCAttributeIdentifier, XC_kAXXCAttributeAutomationType, XC_kAXXCAttributeTraits
2026-08-27 01:08:36.791 Df ReactTestApp[64575:8728df6] [com.apple.dt.xctest:Default] Capturing hierarchy with parameters {
    attributes =     (
        5003,
        5004,
        5002,
        5019,
        5058,
        2004
    );
    maxArrayCount = 2147483647;
    maxChildren = 2147483647;
    maxDepth = 2147483647;
    snapshotKeyHonorModalViews = 0;
    traverseFromParentsToChildren = 1;
}
2026-08-27 01:08:36.791 Df ReactTestApp[64575:8728df6] [com.apple.dt.xctest:Default] Snapshot attributes 5003, 5004, 5002, 5019, 5058, 2004
2026-08-27 01:08:36.817 Df ReactTestApp[64575:8728df6] [com.apple.dt.xctest:Default] Got snapshot for <AXUIElementRef 0x128b2a7d0> {pid=64575} {uid=[ID:1 hash:0x0]}
2026-08-27 01:08:36.817 Df ReactTestApp[64575:8728df6] [com.apple.dt.xctest:Default] Got app orientation 0
2026-08-27 01:08:36.817 Df ReactTestApp[64575:8728df6] [com.apple.dt.xctest:Default] Captured accessibility snapshot data in 0.03s
2026-08-27 01:08:36.817 Df ReactTestApp[64575:87298d6] [com.apple.dt.xctest:Default] Found main window: Window
2026-08-27 01:08:36.817 Df ReactTestApp[64575:87298d6] [com.apple.dt.xctest:Default] Preferring automation type 48 instead of legacy element type OTHER derived from class/trait: UILabel:UILabel 8590000128
2026-08-27 01:08:36.818 Df ReactTestApp[64575:87298d6] [com.apple.dt.xctest:Default] Other is not actually a child of Other, including at this point anyway (rdar://problem/20738636)
2026-08-27 01:08:36.818 Df ReactTestApp[64575:87298d6] [com.apple.dt.xctest:Default] Other is not actually a child of Other, including at this point anyway (rdar://problem/20738636)
2026-08-27 01:08:36.818 Df ReactTestApp[64575:87298d6] [com.apple.dt.xctest:Default] Other is not actually a child of Other, including at this point anyway (rdar://problem/20738636)
2026-08-27 01:08:36.818 Df ReactTestApp[64575:87298d6] [com.apple.dt.xctest:Default] Other is not actually a child of Other, including at this point anyway (rdar://problem/20738636)
2026-08-27 01:08:36.818 Df ReactTestApp[64575:87298d6] [com.apple.dt.xctest:Default] Other is not actually a child of Other, including at this point anyway (rdar://problem/20738636)
2026-08-27 01:08:36.818 Df ReactTestApp[64575:87298d6] [com.apple.dt.xctest:Default] Preferring automation type 24 instead of legacy element type OTHER derived from class/trait: _UIFloatingBarContainerView:_UIFloatingBarContainerView 8589934592
2026-08-27 01:08:36.819 Df ReactTestApp[64575:87298d6] [com.apple.dt.xctest:Default] XCTPerformOnMainRunLoop[not MT]: about to CFRunLoopPerform
2026-08-27 01:08:36.819 Df ReactTestApp[64575:87298d6] [com.apple.dt.xctest:Default] XCTPerformOnMainRunLoop[not MT]: waiting with 30.00s responsiveness timeout
2026-08-27 01:08:36.819 Df ReactTestApp[64575:8728df6] [com.apple.dt.xctest:Default] XCTPerformOnMainRunLoop[MT]: inside CFRunLoopPerform
2026-08-27 01:08:36.819 Df ReactTestApp[64575:8728df6] [com.apple.dt.xctest:Default] XCTPerformOnMainRunLoop[MT]: MT responded in time (won the race to the busy flag)
2026-08-27 01:08:36.819 Df ReactTestApp[64575:87298d6] [com.apple.dt.xctest:Default] XCTPerformOnMainRunLoop[not MT]: waiting 60.00s for work to complete
2026-08-27 01:08:36.819 Df ReactTestApp[64575:8728df6] [com.apple.dt.xctest:Default] XCTElementQuery: set data source for rootElementSnapshot to <XCTAutomationSession: 0x123d75470>
2026-08-27 01:08:36.819 Df ReactTestApp[64575:87298d6] [com.apple.dt.xctest:Default] Finding all matches with input Application, pid: 64575 using transformers
↪︎ Descendants matching type SegmentedControl
2026-08-27 01:08:36.819 Df ReactTestApp[64575:87298d6] [com.apple.dt.xctest:Default] [Match All] applied transformer `Descendants matching type SegmentedControl` to input {(
    Application, pid: 64575
)}, found {(
)}
2026-08-27 01:08:36.819 Df ReactTestApp[64575:87298d6] [com.apple.dt.xctest:Default] [Match All] setting out related elements in early return {(
)}
2026-08-27 01:08:36.823 Df ReactTestApp[64575:87298d6] [com.apple.dt.xctest:Default] Current tree:
Application, 0x11816c7c0, pid: 64575 <App element pid: 64575>
  Window (Main), 0x119c05140 <AX element pid: 64575, elementOrHash.elementID: 4432973440.4>
    Other, 0x119cedac0 <AX element pid: 64575, elementOrHash.elementID: 4448266304.68>
    Other, 0x11813f940 <AX element pid: 64575, elementOrHash.elementID: 4431517824.5>
      Other, 0x118139f40 <AX element pid: 64575, elementOrHash.elementID: 4437854080.6>
        Other, 0x1181ab640 <AX element pid: 64575, elementOrHash.elementID: 4437857152.7>
          Other, 0x110bfe140 <AX element pid: 64575, elementOrHash.elementID: 4448745536.8>
            Other, 0x119c8c5c0 <AX element pid: 64575, elementOrHash.elementID: 4453532800.9>
              Other, 0x11816cdc0 <AX element pid: 64575, elementOrHash.elementID: 4453589120.10>
                Other, 0x11818a4c0 <AX element pid: 64575, elementOrHash.elementID: 4453679232.12>
                  Other, 0x118146b40 <AX element pid: 64575, elementOrHash.elementID: 4563712640.14>
                    Navigat<…>
2026-08-27 01:08:36.823 Df ReactTestApp[64575:87298d6] [com.apple.dt.xctest:Default] Query ↪︎ Descendants matching type SegmentedControl found matching snapshots: {(
)} (error: (null))
2026-08-27 01:08:36.823 Df ReactTestApp[64575:87298d6] [com.apple.dt.xctest:Default] Replying to query ↪︎ Descendants matching type SegmentedControl with results: <XCTElementQueryResults: 0x128beafd0> (error: (null))
2026-08-27 01:08:36.826 Df ReactTestApp[64575:87298d6] [com.apple.dt.xctest:Default] Received request to fetch matches for query: ↪︎ Descendants matching type Cell
2026-08-27 01:08:36.826 Df ReactTestApp[64575:87298d6] [com.apple.dt.xctest:Default] Evaluating query:
 ↪︎ Descendants matching type Cell
2026-08-27 01:08:36.826 Df ReactTestApp[64575:87298d6] [com.apple.dt.xctest:Default] Getting root element snapshot
2026-08-27 01:08:36.826 Df ReactTestApp[64575:87298d6] [com.apple.dt.xctest:Default] Getting snapshot for App element pid: 64575 for query ↪︎ Descendants matching type Cell
2026-08-27 01:08:36.826 Df ReactTestApp[64575:87298d6] [com.apple.dt.xctest:Default] Query requires iOS snapshot attributes XC_kAXXCAttributeElementType, XC_kAXXCAttributeElementBaseType, XC_kAXXCAttributeAutomationType, XC_kAXXCAttributeTraits.
2026-08-27 01:08:36.826 Df ReactTestApp[64575:87298d6] [com.apple.dt.xctest:Default] XCTPerformOnMainRunLoop[not MT]: about to CFRunLoopPerform
2026-08-27 01:08:36.826 Df ReactTestApp[64575:87298d6] [com.apple.dt.xctest:Default] XCTPerformOnMainRunLoop[not MT]: waiting with 30.00s responsiveness timeout
2026-08-27 01:08:36.826 Df ReactTestApp[64575:8728df6] [com.apple.dt.xctest:Default] XCTPerformOnMainRunLoop[MT]: inside CFRunLoopPerform
2026-08-27 01:08:36.826 Df ReactTestApp[64575:8728df6] [com.apple.dt.xctest:Default] XCTPerformOnMainRunLoop[MT]: MT responded in time (won the race to the busy flag)
2026-08-27 01:08:36.826 Df ReactTestApp[64575:87298d6] [com.apple.dt.xctest:Default] XCTPerformOnMainRunLoop[not MT]: waiting 60.00s for work to complete
2026-08-27 01:08:36.826 Df ReactTestApp[64575:8728df6] [com.apple.dt.xctest:Default] Got main window <AXUIElementRef 0x12f501590> {pid=64575} {uid=[ID:4 hash:0x10839ce80]}
2026-08-27 01:08:36.826 Df ReactTestApp[64575:8728df6] [com.apple.dt.xctest:Default] Capturing hierarchy with attributes XC_kAXXCAttributeElementType, XC_kAXXCAttributeElementBaseType, XC_kAXXCAttributeParent, XC_kAXXCAttributeIdentifier, XC_kAXXCAttributeAutomationType, XC_kAXXCAttributeTraits
2026-08-27 01:08:36.826 Df ReactTestApp[64575:8728df6] [com.apple.dt.xctest:Default] Capturing hierarchy with parameters {
    attributes =     (
        5003,
        5004,
        5002,
        5019,
        5058,
        2004
    );
    maxArrayCount = 2147483647;
    maxChildren = 2147483647;
    maxDepth = 2147483647;
    snapshotKeyHonorModalViews = 0;
    traverseFromParentsToChildren = 1;
}
2026-08-27 01:08:36.826 Df ReactTestApp[64575:8728df6] [com.apple.dt.xctest:Default] Snapshot attributes 5003, 5004, 5002, 5019, 5058, 2004
2026-08-27 01:08:36.855 Df ReactTestApp[64575:8728df6] [com.apple.dt.xctest:Default] Got snapshot for <AXUIElementRef 0x128b22e50> {pid=64575} {uid=[ID:1 hash:0x0]}
2026-08-27 01:08:36.855 Df ReactTestApp[64575:8728df6] [com.apple.dt.xctest:Default] Got app orientation 0
2026-08-27 01:08:36.855 Df ReactTestApp[64575:8728df6] [com.apple.dt.xctest:Default] Captured accessibility snapshot data in 0.03s
2026-08-27 01:08:36.855 Df ReactTestApp[64575:87298d6] [com.apple.dt.xctest:Default] Found main window: Window
2026-08-27 01:08:36.855 Df ReactTestApp[64575:87298d6] [com.apple.dt.xctest:Default] Preferring automation type 48 instead of legacy element type OTHER derived from class/trait: UILabel:UILabel 8590000128
2026-08-27 01:08:36.856 Df ReactTestApp[64575:87298d6] [com.apple.dt.xctest:Default] Other is not actually a child of Other, including at this point anyway (rdar://problem/20738636)
2026-08-27 01:08:36.856 Df ReactTestApp[64575:87298d6] [com.apple.dt.xctest:Default] Other is not actually a child of Other, including at this point anyway (rdar://problem/20738636)
2026-08-27 01:08:36.856 Df ReactTestApp[64575:87298d6] [com.apple.dt.xctest:Default] Other is not actually a child of Other, including at this point anyway (rdar://problem/20738636)
2026-08-27 01:08:36.856 Df ReactTestApp[64575:87298d6] [com.apple.dt.xctest:Default] Other is not actually a child of Other, including at this point anyway (rdar://problem/20738636)
2026-08-27 01:08:36.856 Df ReactTestApp[64575:87298d6] [com.apple.dt.xctest:Default] Other is not actually a child of Other, including at this point anyway (rdar://problem/20738636)
2026-08-27 01:08:36.856 Df ReactTestApp[64575:87298d6] [com.apple.dt.xctest:Default] Preferring automation type 24 instead of legacy element type OTHER derived from class/trait: _UIFloatingBarContainerView:_UIFloatingBarContainerView 8589934592
2026-08-27 01:08:36.856 Df ReactTestApp[64575:87298d6] [com.apple.dt.xctest:Default] XCTPerformOnMainRunLoop[not MT]: about to CFRunLoopPerform
2026-08-27 01:08:36.856 Df ReactTestApp[64575:87298d6] [com.apple.dt.xctest:Default] XCTPerformOnMainRunLoop[not MT]: waiting with 30.00s responsiveness timeout
2026-08-27 01:08:36.856 Df ReactTestApp[64575:8728df6] [com.apple.dt.xctest:Default] XCTPerformOnMainRunLoop[MT]: inside CFRunLoopPerform
2026-08-27 01:08:36.856 Df ReactTestApp[64575:8728df6] [com.apple.dt.xctest:Default] XCTPerformOnMainRunLoop[MT]: MT responded in time (won the race to the busy flag)
2026-08-27 01:08:36.856 Df ReactTestApp[64575:87298d6] [com.apple.dt.xctest:Default] XCTPerformOnMainRunLoop[not MT]: waiting 60.00s for work to complete
2026-08-27 01:08:36.856 Df ReactTestApp[64575:8728df6] [com.apple.dt.xctest:Default] XCTElementQuery: set data source for rootElementSnapshot to <XCTAutomationSession: 0x123d75470>
2026-08-27 01:08:36.856 Df ReactTestApp[64575:87298d6] [com.apple.dt.xctest:Default] Finding all matches with input Application, pid: 64575 using transformers
↪︎ Descendants matching type Cell
2026-08-27 01:08:36.857 Df ReactTestApp[64575:87298d6] [com.apple.dt.xctest:Default] [Match All] applied transformer `Descendants matching type Cell` to input {(
    Application, pid: 64575
)}, found {(
)}
2026-08-27 01:08:36.857 Df ReactTestApp[64575:87298d6] [com.apple.dt.xctest:Default] [Match All] setting out related elements in early return {(
)}
2026-08-27 01:08:36.860 Df ReactTestApp[64575:87298d6] [com.apple.dt.xctest:Default] Current tree:
Application, 0x110b835c0, pid: 64575 <App element pid: 64575>
  Window (Main), 0x1181898c0 <AX element pid: 64575, elementOrHash.elementID: 4432973440.4>
    Other, 0x110b36940 <AX element pid: 64575, elementOrHash.elementID: 4448266304.68>
    Other, 0x110b95a40 <AX element pid: 64575, elementOrHash.elementID: 4431517824.5>
      Other, 0x110b84340 <AX element pid: 64575, elementOrHash.elementID: 4437854080.6>
        Other, 0x1181dedc0 <AX element pid: 64575, elementOrHash.elementID: 4437857152.7>
          Other, 0x110b83d40 <AX element pid: 64575, elementOrHash.elementID: 4448745536.8>
            Other, 0x110b7e340 <AX element pid: 64575, elementOrHash.elementID: 4453532800.9>
              Other, 0x110b856c0 <AX element pid: 64575, elementOrHash.elementID: 4453589120.10>
                Other, 0x110b85540 <AX element pid: 64575, elementOrHash.elementID: 4453679232.12>
                  Other, 0x110b5efc0 <AX element pid: 64575, elementOrHash.elementID: 4563712640.14>
                    Navigat<…>
2026-08-27 01:08:36.861 Df ReactTestApp[64575:87298d6] [com.apple.dt.xctest:Default] Query ↪︎ Descendants matching type Cell found matching snapshots: {(
)} (error: (null))
2026-08-27 01:08:36.861 Df ReactTestApp[64575:87298d6] [com.apple.dt.xctest:Default] Replying to query ↪︎ Descendants matching type Cell with results: <XCTElementQueryResults: 0x121dcc6d0> (error: (null))
2026-08-27 01:08:36.863 Df ReactTestApp[64575:87298d6] [com.apple.dt.xctest:Default] Received request to fetch matches for query: ↪︎ Descendants matching type CollectionView
2026-08-27 01:08:36.863 Df ReactTestApp[64575:87298d6] [com.apple.dt.xctest:Default] Evaluating query:
 ↪︎ Descendants matching type CollectionView
2026-08-27 01:08:36.863 Df ReactTestApp[64575:87298d6] [com.apple.dt.xctest:Default] Getting root element snapshot
2026-08-27 01:08:36.863 Df ReactTestApp[64575:87298d6] [com.apple.dt.xctest:Default] Getting snapshot for App element pid: 64575 for query ↪︎ Descendants matching type CollectionView
2026-08-27 01:08:36.863 Df ReactTestApp[64575:87298d6] [com.apple.dt.xctest:Default] Query requires iOS snapshot attributes XC_kAXXCAttributeElementType, XC_kAXXCAttributeElementBaseType, XC_kAXXCAttributeAutomationType, XC_kAXXCAttributeTraits.
2026-08-27 01:08:36.863 Df ReactTestApp[64575:87298d6] [com.apple.dt.xctest:Default] XCTPerformOnMainRunLoop[not MT]: about to CFRunLoopPerform
2026-08-27 01:08:36.863 Df ReactTestApp[64575:87298d6] [com.apple.dt.xctest:Default] XCTPerformOnMainRunLoop[not MT]: waiting with 30.00s responsiveness timeout
2026-08-27 01:08:36.863 Df ReactTestApp[64575:8728df6] [com.apple.dt.xctest:Default] XCTPerformOnMainRunLoop[MT]: inside CFRunLoopPerform
2026-08-27 01:08:36.863 Df ReactTestApp[64575:8728df6] [com.apple.dt.xctest:Default] XCTPerformOnMainRunLoop[MT]: MT responded in time (won the race to the busy flag)
2026-08-27 01:08:36.863 Df ReactTestApp[64575:87298d6] [com.apple.dt.xctest:Default] XCTPerformOnMainRunLoop[not MT]: waiting 60.00s for work to complete
2026-08-27 01:08:36.864 Df ReactTestApp[64575:8728df6] [com.apple.dt.xctest:Default] Got main window <AXUIElementRef 0x10c3b7e90> {pid=64575} {uid=[ID:4 hash:0x10839ce80]}
2026-08-27 01:08:36.864 Df ReactTestApp[64575:8728df6] [com.apple.dt.xctest:Default] Capturing hierarchy with attributes XC_kAXXCAttributeElementType, XC_kAXXCAttributeElementBaseType, XC_kAXXCAttributeParent, XC_kAXXCAttributeIdentifier, XC_kAXXCAttributeAutomationType, XC_kAXXCAttributeTraits
2026-08-27 01:08:36.864 Df ReactTestApp[64575:8728df6] [com.apple.dt.xctest:Default] Capturing hierarchy with parameters {
    attributes =     (
        5003,
        5004,
        5002,
        5019,
        5058,
        2004
    );
    maxArrayCount = 2147483647;
    maxChildren = 2147483647;
    maxDepth = 2147483647;
    snapshotKeyHonorModalViews = 0;
    traverseFromParentsToChildren = 1;
}
2026-08-27 01:08:36.864 Df ReactTestApp[64575:8728df6] [com.apple.dt.xctest:Default] Snapshot attributes 5003, 5004, 5002, 5019, 5058, 2004
2026-08-27 01:08:36.893 Df ReactTestApp[64575:8728df6] [com.apple.dt.xctest:Default] Got snapshot for <AXUIElementRef 0x107d227d0> {pid=64575} {uid=[ID:1 hash:0x0]}
2026-08-27 01:08:36.894 Df ReactTestApp[64575:8728df6] [com.apple.dt.xctest:Default] Got app orientation 0
2026-08-27 01:08:36.894 Df ReactTestApp[64575:8728df6] [com.apple.dt.xctest:Default] Captured accessibility snapshot data in 0.03s
2026-08-27 01:08:36.894 Df ReactTestApp[64575:87298d6] [com.apple.dt.xctest:Default] Found main window: Window
2026-08-27 01:08:36.894 Df ReactTestApp[64575:87298d6] [com.apple.dt.xctest:Default] Preferring automation type 48 instead of legacy element type OTHER derived from class/trait: UILabel:UILabel 8590000128
2026-08-27 01:08:36.894 Df ReactTestApp[64575:87298d6] [com.apple.dt.xctest:Default] Other is not actually a child of Other, including at this point anyway (rdar://problem/20738636)
2026-08-27 01:08:36.894 Df ReactTestApp[64575:87298d6] [com.apple.dt.xctest:Default] Other is not actually a child of Other, including at this point anyway (rdar://problem/20738636)
2026-08-27 01:08:36.895 Df ReactTestApp[64575:87298d6] [com.apple.dt.xctest:Default] Other is not actually a child of Other, including at this point anyway (rdar://problem/20738636)
2026-08-27 01:08:36.895 Df ReactTestApp[64575:87298d6] [com.apple.dt.xctest:Default] Other is not actually a child of Other, including at this point anyway (rdar://problem/20738636)
2026-08-27 01:08:36.895 Df ReactTestApp[64575:87298d6] [com.apple.dt.xctest:Default] Other is not actually a child of Other, including at this point anyway (rdar://problem/20738636)
2026-08-27 01:08:36.895 Df ReactTestApp[64575:87298d6] [com.apple.dt.xctest:Default] Preferring automation type 24 instead of legacy element type OTHER derived from class/trait: _UIFloatingBarContainerView:_UIFloatingBarContainerView 8589934592
2026-08-27 01:08:36.895 Df ReactTestApp[64575:87298d6] [com.apple.dt.xctest:Default] XCTPerformOnMainRunLoop[not MT]: about to CFRunLoopPerform
2026-08-27 01:08:36.895 Df ReactTestApp[64575:87298d6] [com.apple.dt.xctest:Default] XCTPerformOnMainRunLoop[not MT]: waiting with 30.00s responsiveness timeout
2026-08-27 01:08:36.895 Df ReactTestApp[64575:8728df6] [com.apple.dt.xctest:Default] XCTPerformOnMainRunLoop[MT]: inside CFRunLoopPerform
2026-08-27 01:08:36.895 Df ReactTestApp[64575:8728df6] [com.apple.dt.xctest:Default] XCTPerformOnMainRunLoop[MT]: MT responded in time (won the race to the busy flag)
2026-08-27 01:08:36.895 Df ReactTestApp[64575:87298d6] [com.apple.dt.xctest:Default] XCTPerformOnMainRunLoop[not MT]: waiting 60.00s for work to complete
2026-08-27 01:08:36.895 Df ReactTestApp[64575:8728df6] [com.apple.dt.xctest:Default] XCTElementQuery: set data source for rootElementSnapshot to <XCTAutomationSession: 0x123d75470>
2026-08-27 01:08:36.895 Df ReactTestApp[64575:87298d6] [com.apple.dt.xctest:Default] Finding all matches with input Application, pid: 64575 using transformers
↪︎ Descendants matching type CollectionView
2026-08-27 01:08:36.895 Df ReactTestApp[64575:87298d6] [com.apple.dt.xctest:Default] [Match All] applied transformer `Descendants matching type CollectionView` to input {(
    Application, pid: 64575
)}, found {(
)}
2026-08-27 01:08:36.896 Df ReactTestApp[64575:87298d6] [com.apple.dt.xctest:Default] [Match All] setting out related elements in early return {(
)}
2026-08-27 01:08:36.899 Df ReactTestApp[64575:87298d6] [com.apple.dt.xctest:Default] Current tree:
Application, 0x110bf6040, pid: 64575 <App element pid: 64575>
  Window (Main), 0x110bca6c0 <AX element pid: 64575, elementOrHash.elementID: 4432973440.4>
    Other, 0x110be05c0 <AX element pid: 64575, elementOrHash.elementID: 4448266304.68>
    Other, 0x11a083140 <AX element pid: 64575, elementOrHash.elementID: 4431517824.5>
      Other, 0x110bf5740 <AX element pid: 64575, elementOrHash.elementID: 4437854080.6>
        Other, 0x110bca0c0 <AX element pid: 64575, elementOrHash.elementID: 4437857152.7>
          Other, 0x110be02c0 <AX element pid: 64575, elementOrHash.elementID: 4448745536.8>
            Other, 0x1181394c0 <AX element pid: 64575, elementOrHash.elementID: 4453532800.9>
              Other, 0x110a9a540 <AX element pid: 64575, elementOrHash.elementID: 4453589120.10>
                Other, 0x118116840 <AX element pid: 64575, elementOrHash.elementID: 4453679232.12>
                  Other, 0x110baffc0 <AX element pid: 64575, elementOrHash.elementID: 4563712640.14>
                    Navigat<…>
2026-08-27 01:08:36.899 Df ReactTestApp[64575:87298d6] [com.apple.dt.xctest:Default] Query ↪︎ Descendants matching type CollectionView found matching snapshots: {(
)} (error: (null))
2026-08-27 01:08:36.899 Df ReactTestApp[64575:87298d6] [com.apple.dt.xctest:Default] Replying to query ↪︎ Descendants matching type CollectionView with results: <XCTElementQueryResults: 0x128bdb450> (error: (null))
2026-08-27 01:08:36.902 Df ReactTestApp[64575:87298d6] [com.apple.dt.xctest:Default] Received request to fetch matches for query: ↪︎ Descendants matching type Table
2026-08-27 01:08:36.902 Df ReactTestApp[64575:87298d6] [com.apple.dt.xctest:Default] Evaluating query:
 ↪︎ Descendants matching type Table
2026-08-27 01:08:36.902 Df ReactTestApp[64575:87298d6] [com.apple.dt.xctest:Default] Getting root element snapshot
2026-08-27 01:08:36.902 Df ReactTestApp[64575:87298d6] [com.apple.dt.xctest:Default] Getting snapshot for App element pid: 64575 for query ↪︎ Descendants matching type Table
2026-08-27 01:08:36.902 Df ReactTestApp[64575:87298d6] [com.apple.dt.xctest:Default] Query requires iOS snapshot attributes XC_kAXXCAttributeElementType, XC_kAXXCAttributeElementBaseType, XC_kAXXCAttributeAutomationType, XC_kAXXCAttributeTraits.
2026-08-27 01:08:36.902 Df ReactTestApp[64575:87298d6] [com.apple.dt.xctest:Default] XCTPerformOnMainRunLoop[not MT]: about to CFRunLoopPerform
2026-08-27 01:08:36.902 Df ReactTestApp[64575:87298d6] [com.apple.dt.xctest:Default] XCTPerformOnMainRunLoop[not MT]: waiting with 30.00s responsiveness timeout
2026-08-27 01:08:36.902 Df ReactTestApp[64575:8728df6] [com.apple.dt.xctest:Default] XCTPerformOnMainRunLoop[MT]: inside CFRunLoopPerform
2026-08-27 01:08:36.902 Df ReactTestApp[64575:8728df6] [com.apple.dt.xctest:Default] XCTPerformOnMainRunLoop[MT]: MT responded in time (won the race to the busy flag)
2026-08-27 01:08:36.902 Df ReactTestApp[64575:87298d6] [com.apple.dt.xctest:Default] XCTPerformOnMainRunLoop[not MT]: waiting 60.00s for work to complete
2026-08-27 01:08:36.902 Df ReactTestApp[64575:8728df6] [com.apple.dt.xctest:Default] Got main window <AXUIElementRef 0x107d26750> {pid=64575} {uid=[ID:4 hash:0x10839ce80]}
2026-08-27 01:08:36.903 Df ReactTestApp[64575:8728df6] [com.apple.dt.xctest:Default] Capturing hierarchy with attributes XC_kAXXCAttributeElementType, XC_kAXXCAttributeElementBaseType, XC_kAXXCAttributeParent, XC_kAXXCAttributeIdentifier, XC_kAXXCAttributeAutomationType, XC_kAXXCAttributeTraits
2026-08-27 01:08:36.903 Df ReactTestApp[64575:8728df6] [com.apple.dt.xctest:Default] Capturing hierarchy with parameters {
    attributes =     (
        5003,
        5004,
        5002,
        5019,
        5058,
        2004
    );
    maxArrayCount = 2147483647;
    maxChildren = 2147483647;
    maxDepth = 2147483647;
    snapshotKeyHonorModalViews = 0;
    traverseFromParentsToChildren = 1;
}
2026-08-27 01:08:36.903 Df ReactTestApp[64575:8728df6] [com.apple.dt.xctest:Default] Snapshot attributes 5003, 5004, 5002, 5019, 5058, 2004
2026-08-27 01:08:36.930 Df ReactTestApp[64575:8728df6] [com.apple.dt.xctest:Default] Got snapshot for <AXUIElementRef 0x10c3226d0> {pid=64575} {uid=[ID:1 hash:0x0]}
2026-08-27 01:08:36.930 Df ReactTestApp[64575:8728df6] [com.apple.dt.xctest:Default] Got app orientation 0
2026-08-27 01:08:36.930 Df ReactTestApp[64575:8728df6] [com.apple.dt.xctest:Default] Captured accessibility snapshot data in 0.03s
2026-08-27 01:08:36.930 Df ReactTestApp[64575:87298d6] [com.apple.dt.xctest:Default] Found main window: Window
2026-08-27 01:08:36.930 Df ReactTestApp[64575:87298d6] [com.apple.dt.xctest:Default] Preferring automation type 48 instead of legacy element type OTHER derived from class/trait: UILabel:UILabel 8590000128
2026-08-27 01:08:36.931 Df ReactTestApp[64575:87298d6] [com.apple.dt.xctest:Default] Other is not actually a child of Other, including at this point anyway (rdar://problem/20738636)
2026-08-27 01:08:36.931 Df ReactTestApp[64575:87298d6] [com.apple.dt.xctest:Default] Other is not actually a child of Other, including at this point anyway (rdar://problem/20738636)
2026-08-27 01:08:36.931 Df ReactTestApp[64575:87298d6] [com.apple.dt.xctest:Default] Other is not actually a child of Other, including at this point anyway (rdar://problem/20738636)
2026-08-27 01:08:36.931 Df ReactTestApp[64575:87298d6] [com.apple.dt.xctest:Default] Other is not actually a child of Other, including at this point anyway (rdar://problem/20738636)
2026-08-27 01:08:36.931 Df ReactTestApp[64575:87298d6] [com.apple.dt.xctest:Default] Other is not actually a child of Other, including at this point anyway (rdar://problem/20738636)
2026-08-27 01:08:36.931 Df ReactTestApp[64575:87298d6] [com.apple.dt.xctest:Default] Preferring automation type 24 instead of legacy element type OTHER derived from class/trait: _UIFloatingBarContainerView:_UIFloatingBarContainerView 8589934592
2026-08-27 01:08:36.931 Df ReactTestApp[64575:87298d6] [com.apple.dt.xctest:Default] XCTPerformOnMainRunLoop[not MT]: about to CFRunLoopPerform
2026-08-27 01:08:36.931 Df ReactTestApp[64575:87298d6] [com.apple.dt.xctest:Default] XCTPerformOnMainRunLoop[not MT]: waiting with 30.00s responsiveness timeout
2026-08-27 01:08:36.931 Df ReactTestApp[64575:8728df6] [com.apple.dt.xctest:Default] XCTPerformOnMainRunLoop[MT]: inside CFRunLoopPerform
2026-08-27 01:08:36.931 Df ReactTestApp[64575:8728df6] [com.apple.dt.xctest:Default] XCTPerformOnMainRunLoop[MT]: MT responded in time (won the race to the busy flag)
2026-08-27 01:08:36.931 Df ReactTestApp[64575:87298d6] [com.apple.dt.xctest:Default] XCTPerformOnMainRunLoop[not MT]: waiting 60.00s for work to complete
2026-08-27 01:08:36.931 Df ReactTestApp[64575:8728df6] [com.apple.dt.xctest:Default] XCTElementQuery: set data source for rootElementSnapshot to <XCTAutomationSession: 0x123d75470>
2026-08-27 01:08:36.931 Df ReactTestApp[64575:87298d6] [com.apple.dt.xctest:Default] Finding all matches with input Application, pid: 64575 using transformers
↪︎ Descendants matching type Table
2026-08-27 01:08:36.932 Df ReactTestApp[64575:87298d6] [com.apple.dt.xctest:Default] [Match All] applied transformer `Descendants matching type Table` to input {(
    Application, pid: 64575
)}, found {(
)}
2026-08-27 01:08:36.932 Df ReactTestApp[64575:87298d6] [com.apple.dt.xctest:Default] [Match All] setting out related elements in early return {(
)}
2026-08-27 01:08:36.935 Df ReactTestApp[64575:87298d6] [com.apple.dt.xctest:Default] Current tree:
Application, 0x11816c640, pid: 64575 <App element pid: 64575>
  Window (Main), 0x11810e8c0 <AX element pid: 64575, elementOrHash.elementID: 4432973440.4>
    Other, 0x11a57edc0 <AX element pid: 64575, elementOrHash.elementID: 4448266304.68>
    Other, 0x11a57e640 <AX element pid: 64575, elementOrHash.elementID: 4431517824.5>
      Other, 0x1181fb5c0 <AX element pid: 64575, elementOrHash.elementID: 4437854080.6>
        Other, 0x11819e740 <AX element pid: 64575, elementOrHash.elementID: 4437857152.7>
          Other, 0x11811c840 <AX element pid: 64575, elementOrHash.elementID: 4448745536.8>
            Other, 0x110b9e5c0 <AX element pid: 64575, elementOrHash.elementID: 4453532800.9>
              Other, 0x118149fc0 <AX element pid: 64575, elementOrHash.elementID: 4453589120.10>
                Other, 0x1181a87c0 <AX element pid: 64575, elementOrHash.elementID: 4453679232.12>
                  Other, 0x11a0292c0 <AX element pid: 64575, elementOrHash.elementID: 4563712640.14>
                    Navigat<…>
2026-08-27 01:08:36.935 Df ReactTestApp[64575:87298d6] [com.apple.dt.xctest:Default] Query ↪︎ Descendants matching type Table found matching snapshots: {(
)} (error: (null))
2026-08-27 01:08:36.935 Df ReactTestApp[64575:87298d6] [com.apple.dt.xctest:Default] Replying to query ↪︎ Descendants matching type Table with results: <XCTElementQueryResults: 0x128ba3450> (error: (null))
2026-08-27 01:08:36.938 Df ReactTestApp[64575:87298d6] [com.apple.dt.xctest:Default] Received request to fetch matches for query: ↪︎ Descendants matching type ScrollView
2026-08-27 01:08:36.938 Df ReactTestApp[64575:87298d6] [com.apple.dt.xctest:Default] Evaluating query:
 ↪︎ Descendants matching type ScrollView
2026-08-27 01:08:36.938 Df ReactTestApp[64575:87298d6] [com.apple.dt.xctest:Default] Getting root element snapshot
2026-08-27 01:08:36.938 Df ReactTestApp[64575:87298d6] [com.apple.dt.xctest:Default] Getting snapshot for App element pid: 64575 for query ↪︎ Descendants matching type ScrollView
2026-08-27 01:08:36.938 Df ReactTestApp[64575:87298d6] [com.apple.dt.xctest:Default] Query requires iOS snapshot attributes XC_kAXXCAttributeElementType, XC_kAXXCAttributeElementBaseType, XC_kAXXCAttributeAutomationType, XC_kAXXCAttributeTraits.
2026-08-27 01:08:36.938 Df ReactTestApp[64575:87298d6] [com.apple.dt.xctest:Default] XCTPerformOnMainRunLoop[not MT]: about to CFRunLoopPerform
2026-08-27 01:08:36.938 Df ReactTestApp[64575:87298d6] [com.apple.dt.xctest:Default] XCTPerformOnMainRunLoop[not MT]: waiting with 30.00s responsiveness timeout
2026-08-27 01:08:36.938 Df ReactTestApp[64575:8728df6] [com.apple.dt.xctest:Default] XCTPerformOnMainRunLoop[MT]: inside CFRunLoopPerform
2026-08-27 01:08:36.938 Df ReactTestApp[64575:8728df6] [com.apple.dt.xctest:Default] XCTPerformOnMainRunLoop[MT]: MT responded in time (won the race to the busy flag)
2026-08-27 01:08:36.938 Df ReactTestApp[64575:87298d6] [com.apple.dt.xctest:Default] XCTPerformOnMainRunLoop[not MT]: waiting 60.00s for work to complete
2026-08-27 01:08:36.938 Df ReactTestApp[64575:8728df6] [com.apple.dt.xctest:Default] Got main window <AXUIElementRef 0x12f51fb50> {pid=64575} {uid=[ID:4 hash:0x10839ce80]}
2026-08-27 01:08:36.938 Df ReactTestApp[64575:8728df6] [com.apple.dt.xctest:Default] Capturing hierarchy with attributes XC_kAXXCAttributeElementType, XC_kAXXCAttributeElementBaseType, XC_kAXXCAttributeParent, XC_kAXXCAttributeIdentifier, XC_kAXXCAttributeAutomationType, XC_kAXXCAttributeTraits
2026-08-27 01:08:36.938 Df ReactTestApp[64575:8728df6] [com.apple.dt.xctest:Default] Capturing hierarchy with parameters {
    attributes =     (
        5003,
        5004,
        5002,
        5019,
        5058,
        2004
    );
    maxArrayCount = 2147483647;
    maxChildren = 2147483647;
    maxDepth = 2147483647;
    snapshotKeyHonorModalViews = 0;
    traverseFromParentsToChildren = 1;
}
2026-08-27 01:08:36.938 Df ReactTestApp[64575:8728df6] [com.apple.dt.xctest:Default] Snapshot attributes 5003, 5004, 5002, 5019, 5058, 2004
2026-08-27 01:08:36.964 Df ReactTestApp[64575:8728df6] [com.apple.dt.xctest:Default] Got snapshot for <AXUIElementRef 0x10c3bc550> {pid=64575} {uid=[ID:1 hash:0x0]}
2026-08-27 01:08:36.964 Df ReactTestApp[64575:8728df6] [com.apple.dt.xctest:Default] Got app orientation 0
2026-08-27 01:08:36.964 Df ReactTestApp[64575:8728df6] [com.apple.dt.xctest:Default] Captured accessibility snapshot data in 0.03s
2026-08-27 01:08:36.964 Df ReactTestApp[64575:87298d6] [com.apple.dt.xctest:Default] Found main window: Window
2026-08-27 01:08:36.964 Df ReactTestApp[64575:87298d6] [com.apple.dt.xctest:Default] Preferring automation type 48 instead of legacy element type OTHER derived from class/trait: UILabel:UILabel 8590000128
2026-08-27 01:08:36.965 Df ReactTestApp[64575:87298d6] [com.apple.dt.xctest:Default] Other is not actually a child of Other, including at this point anyway (rdar://problem/20738636)
2026-08-27 01:08:36.965 Df ReactTestApp[64575:87298d6] [com.apple.dt.xctest:Default] Other is not actually a child of Other, including at this point anyway (rdar://problem/20738636)
2026-08-27 01:08:36.965 Df ReactTestApp[64575:87298d6] [com.apple.dt.xctest:Default] Other is not actually a child of Other, including at this point anyway (rdar://problem/20738636)
2026-08-27 01:08:36.965 Df ReactTestApp[64575:87298d6] [com.apple.dt.xctest:Default] Other is not actually a child of Other, including at this point anyway (rdar://problem/20738636)
2026-08-27 01:08:36.965 Df ReactTestApp[64575:87298d6] [com.apple.dt.xctest:Default] Other is not actually a child of Other, including at this point anyway (rdar://problem/20738636)
2026-08-27 01:08:36.966 Df ReactTestApp[64575:87298d6] [com.apple.dt.xctest:Default] Preferring automation type 24 instead of legacy element type OTHER derived from class/trait: _UIFloatingBarContainerView:_UIFloatingBarContainerView 8589934592
2026-08-27 01:08:36.966 Df ReactTestApp[64575:87298d6] [com.apple.dt.xctest:Default] XCTPerformOnMainRunLoop[not MT]: about to CFRunLoopPerform
2026-08-27 01:08:36.966 Df ReactTestApp[64575:87298d6] [com.apple.dt.xctest:Default] XCTPerformOnMainRunLoop[not MT]: waiting with 30.00s responsiveness timeout
2026-08-27 01:08:36.966 Df ReactTestApp[64575:8728df6] [com.apple.dt.xctest:Default] XCTPerformOnMainRunLoop[MT]: inside CFRunLoopPerform
2026-08-27 01:08:36.966 Df ReactTestApp[64575:8728df6] [com.apple.dt.xctest:Default] XCTPerformOnMainRunLoop[MT]: MT responded in time (won the race to the busy flag)
2026-08-27 01:08:36.966 Df ReactTestApp[64575:8728df6] [com.apple.dt.xctest:Default] XCTElementQuery: set data source for rootElementSnapshot to <XCTAutomationSession: 0x123d75470>
2026-08-27 01:08:36.966 Df ReactTestApp[64575:87298d6] [com.apple.dt.xctest:Default] XCTPerformOnMainRunLoop[not MT]: waiting 60.00s for work to complete
2026-08-27 01:08:36.966 Df ReactTestApp[64575:87298d6] [com.apple.dt.xctest:Default] Finding all matches with input Application, pid: 64575 using transformers
↪︎ Descendants matching type ScrollView
2026-08-27 01:08:36.966 Df ReactTestApp[64575:87298d6] [com.apple.dt.xctest:Default] [Match All] applied transformer `Descendants matching type ScrollView` to input {(
    Application, pid: 64575
)}, found {(
    ScrollView
)}
2026-08-27 01:08:36.966 Df ReactTestApp[64575:87298d6] [com.apple.dt.xctest:Default] [Match All] setting out related elements {(
)}
2026-08-27 01:08:36.970 Df ReactTestApp[64575:87298d6] [com.apple.dt.xctest:Default] Current tree:
Application, 0x11813c940, pid: 64575 <App element pid: 64575>
  Window (Main), 0x110beca40 <AX element pid: 64575, elementOrHash.elementID: 4432973440.4>
    Other, 0x110bc3340 <AX element pid: 64575, elementOrHash.elementID: 4448266304.68>
    Other, 0x119ccc340 <AX element pid: 64575, elementOrHash.elementID: 4431517824.5>
      Other, 0x1181c6640 <AX element pid: 64575, elementOrHash.elementID: 4437854080.6>
        Other, 0x119c1aa40 <AX element pid: 64575, elementOrHash.elementID: 4437857152.7>
          Other, 0x11083b440 <AX element pid: 64575, elementOrHash.elementID: 4448745536.8>
            Other, 0x119ce02c0 <AX element pid: 64575, elementOrHash.elementID: 4453532800.9>
              Other, 0x110bc04c0 <AX element pid: 64575, elementOrHash.elementID: 4453589120.10>
                Other, 0x119c193c0 <AX element pid: 64575, elementOrHash.elementID: 4453679232.12>
                  Other, 0x1181649c0 <AX element pid: 64575, elementOrHash.elementID: 4563712640.14>
                    Navigat<…>
2026-08-27 01:08:36.970 Df ReactTestApp[64575:87298d6] [com.apple.dt.xctest:Default] Query ↪︎ Descendants matching type ScrollView found matching snapshots: {(
    ScrollView
)} (error: (null))
2026-08-27 01:08:36.970 Df ReactTestApp[64575:87298d6] [com.apple.dt.xctest:Default] Replying to query ↪︎ Descendants matching type ScrollView with results: <XCTElementQueryResults: 0x10e3fc610> (error: (null))
2026-08-27 01:08:36.973 Df ReactTestApp[64575:87298d6] [com.apple.dt.xctest:Default] Received request to fetch matches for query: ↪︎ Descendants matching type Picker
2026-08-27 01:08:36.973 Df ReactTestApp[64575:87298d6] [com.apple.dt.xctest:Default] Evaluating query:
 ↪︎ Descendants matching type Picker
2026-08-27 01:08:36.973 Df ReactTestApp[64575:87298d6] [com.apple.dt.xctest:Default] Getting root element snapshot
2026-08-27 01:08:36.973 Df ReactTestApp[64575:87298d6] [com.apple.dt.xctest:Default] Getting snapshot for App element pid: 64575 for query ↪︎ Descendants matching type Picker
2026-08-27 01:08:36.973 Df ReactTestApp[64575:87298d6] [com.apple.dt.xctest:Default] Query requires iOS snapshot attributes XC_kAXXCAttributeElementType, XC_kAXXCAttributeElementBaseType, XC_kAXXCAttributeAutomationType, XC_kAXXCAttributeTraits.
2026-08-27 01:08:36.973 Df ReactTestApp[64575:87298d6] [com.apple.dt.xctest:Default] XCTPerformOnMainRunLoop[not MT]: about to CFRunLoopPerform
2026-08-27 01:08:36.973 Df ReactTestApp[64575:87298d6] [com.apple.dt.xctest:Default] XCTPerformOnMainRunLoop[not MT]: waiting with 30.00s responsiveness timeout
2026-08-27 01:08:36.973 Df ReactTestApp[64575:8728df6] [com.apple.dt.xctest:Default] XCTPerformOnMainRunLoop[MT]: inside CFRunLoopPerform
2026-08-27 01:08:36.974 Df ReactTestApp[64575:8728df6] [com.apple.dt.xctest:Default] XCTPerformOnMainRunLoop[MT]: MT responded in time (won the race to the busy flag)
2026-08-27 01:08:36.974 Df ReactTestApp[64575:87298d6] [com.apple.dt.xctest:Default] XCTPerformOnMainRunLoop[not MT]: waiting 60.00s for work to complete
2026-08-27 01:08:36.974 Df ReactTestApp[64575:8728df6] [com.apple.dt.xctest:Default] Got main window <AXUIElementRef 0x128b97e90> {pid=64575} {uid=[ID:4 hash:0x10839ce80]}
2026-08-27 01:08:36.974 Df ReactTestApp[64575:8728df6] [com.apple.dt.xctest:Default] Capturing hierarchy with attributes XC_kAXXCAttributeElementType, XC_kAXXCAttributeElementBaseType, XC_kAXXCAttributeParent, XC_kAXXCAttributeIdentifier, XC_kAXXCAttributeAutomationType, XC_kAXXCAttributeTraits
2026-08-27 01:08:36.974 Df ReactTestApp[64575:8728df6] [com.apple.dt.xctest:Default] Capturing hierarchy with parameters {
    attributes =     (
        5003,
        5004,
        5002,
        5019,
        5058,
        2004
    );
    maxArrayCount = 2147483647;
    maxChildren = 2147483647;
    maxDepth = 2147483647;
    snapshotKeyHonorModalViews = 0;
    traverseFromParentsToChildren = 1;
}
2026-08-27 01:08:36.974 Df ReactTestApp[64575:8728df6] [com.apple.dt.xctest:Default] Snapshot attributes 5003, 5004, 5002, 5019, 5058, 2004
2026-08-27 01:08:36.999 Df ReactTestApp[64575:8728df6] [com.apple.dt.xctest:Default] Got snapshot for <AXUIElementRef 0x121d9aad0> {pid=64575} {uid=[ID:1 hash:0x0]}
2026-08-27 01:08:36.999 Df ReactTestApp[64575:8728df6] [com.apple.dt.xctest:Default] Got app orientation 0
2026-08-27 01:08:36.999 Df ReactTestApp[64575:8728df6] [com.apple.dt.xctest:Default] Captured accessibility snapshot data in 0.03s
2026-08-27 01:08:36.999 Df ReactTestApp[64575:87298d6] [com.apple.dt.xctest:Default] Found main window: Window
2026-08-27 01:08:36.999 Df ReactTestApp[64575:87298d6] [com.apple.dt.xctest:Default] Preferring automation type 48 instead of legacy element type OTHER derived from class/trait: UILabel:UILabel 8590000128
2026-08-27 01:08:37.000 Df ReactTestApp[64575:87298d6] [com.apple.dt.xctest:Default] Other is not actually a child of Other, including at this point anyway (rdar://problem/20738636)
2026-08-27 01:08:37.000 Df ReactTestApp[64575:87298d6] [com.apple.dt.xctest:Default] Other is not actually a child of Other, including at this point anyway (rdar://problem/20738636)
2026-08-27 01:08:37.000 Df ReactTestApp[64575:87298d6] [com.apple.dt.xctest:Default] Other is not actually a child of Other, including at this point anyway (rdar://problem/20738636)
2026-08-27 01:08:37.000 Df ReactTestApp[64575:87298d6] [com.apple.dt.xctest:Default] Other is not actually a child of Other, including at this point anyway (rdar://problem/20738636)
2026-08-27 01:08:37.000 Df ReactTestApp[64575:87298d6] [com.apple.dt.xctest:Default] Other is not actually a child of Other, including at this point anyway (rdar://problem/20738636)
2026-08-27 01:08:37.000 Df ReactTestApp[64575:87298d6] [com.apple.dt.xctest:Default] Preferring automation type 24 instead of legacy element type OTHER derived from class/trait: _UIFloatingBarContainerView:_UIFloatingBarContainerView 8589934592
2026-08-27 01:08:37.000 Df ReactTestApp[64575:87298d6] [com.apple.dt.xctest:Default] XCTPerformOnMainRunLoop[not MT]: about to CFRunLoopPerform
2026-08-27 01:08:37.000 Df ReactTestApp[64575:87298d6] [com.apple.dt.xctest:Default] XCTPerformOnMainRunLoop[not MT]: waiting with 30.00s responsiveness timeout
2026-08-27 01:08:37.000 Df ReactTestApp[64575:8728df6] [com.apple.dt.xctest:Default] XCTPerformOnMainRunLoop[MT]: inside CFRunLoopPerform
2026-08-27 01:08:37.000 Df ReactTestApp[64575:8728df6] [com.apple.dt.xctest:Default] XCTPerformOnMainRunLoop[MT]: MT responded in time (won the race to the busy flag)
2026-08-27 01:08:37.001 Df ReactTestApp[64575:87298d6] [com.apple.dt.xctest:Default] XCTPerformOnMainRunLoop[not MT]: waiting 60.00s for work to complete
2026-08-27 01:08:37.001 Df ReactTestApp[64575:8728df6] [com.apple.dt.xctest:Default] XCTElementQuery: set data source for rootElementSnapshot to <XCTAutomationSession: 0x123d75470>
2026-08-27 01:08:37.001 Df ReactTestApp[64575:87298d6] [com.apple.dt.xctest:Default] Finding all matches with input Application, pid: 64575 using transformers
↪︎ Descendants matching type Picker
2026-08-27 01:08:37.001 Df ReactTestApp[64575:87298d6] [com.apple.dt.xctest:Default] [Match All] applied transformer `Descendants matching type Picker` to input {(
    Application, pid: 64575
)}, found {(
)}
2026-08-27 01:08:37.001 Df ReactTestApp[64575:87298d6] [com.apple.dt.xctest:Default] [Match All] setting out related elements in early return {(
)}
2026-08-27 01:08:37.004 Df ReactTestApp[64575:87298d6] [com.apple.dt.xctest:Default] Current tree:
Application, 0x110bb5840, pid: 64575 <App element pid: 64575>
  Window (Main), 0x118145940 <AX element pid: 64575, elementOrHash.elementID: 4432973440.4>
    Other, 0x110b70240 <AX element pid: 64575, elementOrHash.elementID: 4448266304.68>
    Other, 0x110bba940 <AX element pid: 64575, elementOrHash.elementID: 4431517824.5>
      Other, 0x1181c7fc0 <AX element pid: 64575, elementOrHash.elementID: 4437854080.6>
        Other, 0x119c0cf40 <AX element pid: 64575, elementOrHash.elementID: 4437857152.7>
          Other, 0x1181796c0 <AX element pid: 64575, elementOrHash.elementID: 4448745536.8>
            Other, 0x10d171a40 <AX element pid: 64575, elementOrHash.elementID: 4453532800.9>
              Other, 0x1181c5740 <AX element pid: 64575, elementOrHash.elementID: 4453589120.10>
                Other, 0x1181fafc0 <AX element pid: 64575, elementOrHash.elementID: 4453679232.12>
                  Other, 0x119c0c040 <AX element pid: 64575, elementOrHash.elementID: 4563712640.14>
                    Navigat<…>
2026-08-27 01:08:37.004 Df ReactTestApp[64575:87298d6] [com.apple.dt.xctest:Default] Query ↪︎ Descendants matching type Picker found matching snapshots: {(
)} (error: (null))
2026-08-27 01:08:37.004 Df ReactTestApp[64575:87298d6] [com.apple.dt.xctest:Default] Replying to query ↪︎ Descendants matching type Picker with results: <XCTElementQueryResults: 0x128b08350> (error: (null))
2026-08-27 01:08:37.007 Df ReactTestApp[64575:87298d6] [com.apple.dt.xctest:Default] Received request to fetch matches for query: ↪︎ Descendants matching type Stepper
2026-08-27 01:08:37.007 Df ReactTestApp[64575:87298d6] [com.apple.dt.xctest:Default] Evaluating query:
 ↪︎ Descendants matching type Stepper
2026-08-27 01:08:37.007 Df ReactTestApp[64575:87298d6] [com.apple.dt.xctest:Default] Getting root element snapshot
2026-08-27 01:08:37.007 Df ReactTestApp[64575:87298d6] [com.apple.dt.xctest:Default] Getting snapshot for App element pid: 64575 for query ↪︎ Descendants matching type Stepper
2026-08-27 01:08:37.007 Df ReactTestApp[64575:87298d6] [com.apple.dt.xctest:Default] Query requires iOS snapshot attributes XC_kAXXCAttributeElementType, XC_kAXXCAttributeElementBaseType, XC_kAXXCAttributeAutomationType, XC_kAXXCAttributeTraits.
2026-08-27 01:08:37.007 Df ReactTestApp[64575:87298d6] [com.apple.dt.xctest:Default] XCTPerformOnMainRunLoop[not MT]: about to CFRunLoopPerform
2026-08-27 01:08:37.007 Df ReactTestApp[64575:87298d6] [com.apple.dt.xctest:Default] XCTPerformOnMainRunLoop[not MT]: waiting with 30.00s responsiveness timeout
2026-08-27 01:08:37.007 Df ReactTestApp[64575:8728df6] [com.apple.dt.xctest:Default] XCTPerformOnMainRunLoop[MT]: inside CFRunLoopPerform
2026-08-27 01:08:37.007 Df ReactTestApp[64575:8728df6] [com.apple.dt.xctest:Default] XCTPerformOnMainRunLoop[MT]: MT responded in time (won the race to the busy flag)
2026-08-27 01:08:37.007 Df ReactTestApp[64575:87298d6] [com.apple.dt.xctest:Default] XCTPerformOnMainRunLoop[not MT]: waiting 60.00s for work to complete
2026-08-27 01:08:37.007 Df ReactTestApp[64575:8728df6] [com.apple.dt.xctest:Default] Got main window <AXUIElementRef 0x121d3aad0> {pid=64575} {uid=[ID:4 hash:0x10839ce80]}
2026-08-27 01:08:37.007 Df ReactTestApp[64575:8728df6] [com.apple.dt.xctest:Default] Capturing hierarchy with attributes XC_kAXXCAttributeElementType, XC_kAXXCAttributeElementBaseType, XC_kAXXCAttributeParent, XC_kAXXCAttributeIdentifier, XC_kAXXCAttributeAutomationType, XC_kAXXCAttributeTraits
2026-08-27 01:08:37.007 Df ReactTestApp[64575:8728df6] [com.apple.dt.xctest:Default] Capturing hierarchy with parameters {
    attributes =     (
        5003,
        5004,
        5002,
        5019,
        5058,
        2004
    );
    maxArrayCount = 2147483647;
    maxChildren = 2147483647;
    maxDepth = 2147483647;
    snapshotKeyHonorModalViews = 0;
    traverseFromParentsToChildren = 1;
}
2026-08-27 01:08:37.007 Df ReactTestApp[64575:8728df6] [com.apple.dt.xctest:Default] Snapshot attributes 5003, 5004, 5002, 5019, 5058, 2004
2026-08-27 01:08:37.034 Df ReactTestApp[64575:8728df6] [com.apple.dt.xctest:Default] Got snapshot for <AXUIElementRef 0x10c3ef990> {pid=64575} {uid=[ID:1 hash:0x0]}
2026-08-27 01:08:37.034 Df ReactTestApp[64575:8728df6] [com.apple.dt.xctest:Default] Got app orientation 0
2026-08-27 01:08:37.034 Df ReactTestApp[64575:8728df6] [com.apple.dt.xctest:Default] Captured accessibility snapshot data in 0.03s
2026-08-27 01:08:37.034 Df ReactTestApp[64575:87298d6] [com.apple.dt.xctest:Default] Found main window: Window
2026-08-27 01:08:37.034 Df ReactTestApp[64575:87298d6] [com.apple.dt.xctest:Default] Preferring automation type 48 instead of legacy element type OTHER derived from class/trait: UILabel:UILabel 8590000128
2026-08-27 01:08:37.035 Df ReactTestApp[64575:87298d6] [com.apple.dt.xctest:Default] Other is not actually a child of Other, including at this point anyway (rdar://problem/20738636)
2026-08-27 01:08:37.035 Df ReactTestApp[64575:87298d6] [com.apple.dt.xctest:Default] Other is not actually a child of Other, including at this point anyway (rdar://problem/20738636)
2026-08-27 01:08:37.035 Df ReactTestApp[64575:87298d6] [com.apple.dt.xctest:Default] Other is not actually a child of Other, including at this point anyway (rdar://problem/20738636)
2026-08-27 01:08:37.035 Df ReactTestApp[64575:87298d6] [com.apple.dt.xctest:Default] Other is not actually a child of Other, including at this point anyway (rdar://problem/20738636)
2026-08-27 01:08:37.035 Df ReactTestApp[64575:87298d6] [com.apple.dt.xctest:Default] Other is not actually a child of Other, including at this point anyway (rdar://problem/20738636)
2026-08-27 01:08:37.035 Df ReactTestApp[64575:87298d6] [com.apple.dt.xctest:Default] Preferring automation type 24 instead of legacy element type OTHER derived from class/trait: _UIFloatingBarContainerView:_UIFloatingBarContainerView 8589934592
2026-08-27 01:08:37.035 Df ReactTestApp[64575:87298d6] [com.apple.dt.xctest:Default] XCTPerformOnMainRunLoop[not MT]: about to CFRunLoopPerform
2026-08-27 01:08:37.035 Df ReactTestApp[64575:87298d6] [com.apple.dt.xctest:Default] XCTPerformOnMainRunLoop[not MT]: waiting with 30.00s responsiveness timeout
2026-08-27 01:08:37.035 Df ReactTestApp[64575:8728df6] [com.apple.dt.xctest:Default] XCTPerformOnMainRunLoop[MT]: inside CFRunLoopPerform
2026-08-27 01:08:37.036 Df ReactTestApp[64575:8728df6] [com.apple.dt.xctest:Default] XCTPerformOnMainRunLoop[MT]: MT responded in time (won the race to the busy flag)
2026-08-27 01:08:37.036 Df ReactTestApp[64575:87298d6] [com.apple.dt.xctest:Default] XCTPerformOnMainRunLoop[not MT]: waiting 60.00s for work to complete
2026-08-27 01:08:37.036 Df ReactTestApp[64575:8728df6] [com.apple.dt.xctest:Default] XCTElementQuery: set data source for rootElementSnapshot to <XCTAutomationSession: 0x123d75470>
2026-08-27 01:08:37.036 Df ReactTestApp[64575:87298d6] [com.apple.dt.xctest:Default] Finding all matches with input Application, pid: 64575 using transformers
↪︎ Descendants matching type Stepper
2026-08-27 01:08:37.036 Df ReactTestApp[64575:87298d6] [com.apple.dt.xctest:Default] [Match All] applied transformer `Descendants matching type Stepper` to input {(
    Application, pid: 64575
)}, found {(
)}
2026-08-27 01:08:37.036 Df ReactTestApp[64575:87298d6] [com.apple.dt.xctest:Default] [Match All] setting out related elements in early return {(
)}
2026-08-27 01:08:37.040 Df ReactTestApp[64575:87298d6] [com.apple.dt.xctest:Default] Current tree:
Application, 0x110bed4c0, pid: 64575 <App element pid: 64575>
  Window (Main), 0x118157ac0 <AX element pid: 64575, elementOrHash.elementID: 4432973440.4>
    Other, 0x10d18e9c0 <AX element pid: 64575, elementOrHash.elementID: 4448266304.68>
    Other, 0x110beb0c0 <AX element pid: 64575, elementOrHash.elementID: 4431517824.5>
      Other, 0x11a02d940 <AX element pid: 64575, elementOrHash.elementID: 4437854080.6>
        Other, 0x108d29440 <AX element pid: 64575, elementOrHash.elementID: 4437857152.7>
          Other, 0x110ba0b40 <AX element pid: 64575, elementOrHash.elementID: 4448745536.8>
            Other, 0x11a581640 <AX element pid: 64575, elementOrHash.elementID: 4453532800.9>
              Other, 0x110b92ec0 <AX element pid: 64575, elementOrHash.elementID: 4453589120.10>
                Other, 0x110ba1140 <AX element pid: 64575, elementOrHash.elementID: 4453679232.12>
                  Other, 0x110b9fac0 <AX element pid: 64575, elementOrHash.elementID: 4563712640.14>
                    Navigat<…>
2026-08-27 01:08:37.040 Df ReactTestApp[64575:87298d6] [com.apple.dt.xctest:Default] Query ↪︎ Descendants matching type Stepper found matching snapshots: {(
)} (error: (null))
2026-08-27 01:08:37.040 Df ReactTestApp[64575:87298d6] [com.apple.dt.xctest:Default] Replying to query ↪︎ Descendants matching type Stepper with results: <XCTElementQueryResults: 0x121d692d0> (error: (null))
2026-08-27 01:08:37.043 Df ReactTestApp[64575:87298d6] [com.apple.dt.xctest:Default] Received request to fetch matches for query: ↪︎ Descendants matching type TabBar
2026-08-27 01:08:37.043 Df ReactTestApp[64575:87298d6] [com.apple.dt.xctest:Default] Evaluating query:
 ↪︎ Descendants matching type TabBar
2026-08-27 01:08:37.043 Df ReactTestApp[64575:87298d6] [com.apple.dt.xctest:Default] Getting root element snapshot
2026-08-27 01:08:37.043 Df ReactTestApp[64575:87298d6] [com.apple.dt.xctest:Default] Getting snapshot for App element pid: 64575 for query ↪︎ Descendants matching type TabBar
2026-08-27 01:08:37.043 Df ReactTestApp[64575:87298d6] [com.apple.dt.xctest:Default] Query requires iOS snapshot attributes XC_kAXXCAttributeElementType, XC_kAXXCAttributeElementBaseType, XC_kAXXCAttributeAutomationType, XC_kAXXCAttributeTraits.
2026-08-27 01:08:37.043 Df ReactTestApp[64575:87298d6] [com.apple.dt.xctest:Default] XCTPerformOnMainRunLoop[not MT]: about to CFRunLoopPerform
2026-08-27 01:08:37.043 Df ReactTestApp[64575:87298d6] [com.apple.dt.xctest:Default] XCTPerformOnMainRunLoop[not MT]: waiting with 30.00s responsiveness timeout
2026-08-27 01:08:37.043 Df ReactTestApp[64575:8728df6] [com.apple.dt.xctest:Default] XCTPerformOnMainRunLoop[MT]: inside CFRunLoopPerform
2026-08-27 01:08:37.043 Df ReactTestApp[64575:8728df6] [com.apple.dt.xctest:Default] XCTPerformOnMainRunLoop[MT]: MT responded in time (won the race to the busy flag)
2026-08-27 01:08:37.043 Df ReactTestApp[64575:87298d6] [com.apple.dt.xctest:Default] XCTPerformOnMainRunLoop[not MT]: waiting 60.00s for work to complete
2026-08-27 01:08:37.043 Df ReactTestApp[64575:8728df6] [com.apple.dt.xctest:Default] Got main window <AXUIElementRef 0x121d39e90> {pid=64575} {uid=[ID:4 hash:0x10839ce80]}
2026-08-27 01:08:37.043 Df ReactTestApp[64575:8728df6] [com.apple.dt.xctest:Default] Capturing hierarchy with attributes XC_kAXXCAttributeElementType, XC_kAXXCAttributeElementBaseType, XC_kAXXCAttributeParent, XC_kAXXCAttributeIdentifier, XC_kAXXCAttributeAutomationType, XC_kAXXCAttributeTraits
2026-08-27 01:08:37.043 Df ReactTestApp[64575:8728df6] [com.apple.dt.xctest:Default] Capturing hierarchy with parameters {
    attributes =     (
        5003,
        5004,
        5002,
        5019,
        5058,
        2004
    );
    maxArrayCount = 2147483647;
    maxChildren = 2147483647;
    maxDepth = 2147483647;
    snapshotKeyHonorModalViews = 0;
    traverseFromParentsToChildren = 1;
}
2026-08-27 01:08:37.043 Df ReactTestApp[64575:8728df6] [com.apple.dt.xctest:Default] Snapshot attributes 5003, 5004, 5002, 5019, 5058, 2004
2026-08-27 01:08:37.071 Df ReactTestApp[64575:8728df6] [com.apple.dt.xctest:Default] Got snapshot for <AXUIElementRef 0x121d07010> {pid=64575} {uid=[ID:1 hash:0x0]}
2026-08-27 01:08:37.071 Df ReactTestApp[64575:8728df6] [com.apple.dt.xctest:Default] Got app orientation 0
2026-08-27 01:08:37.071 Df ReactTestApp[64575:8728df6] [com.apple.dt.xctest:Default] Captured accessibility snapshot data in 0.03s
2026-08-27 01:08:37.071 Df ReactTestApp[64575:87298d6] [com.apple.dt.xctest:Default] Found main window: Window
2026-08-27 01:08:37.071 Df ReactTestApp[64575:87298d6] [com.apple.dt.xctest:Default] Preferring automation type 48 instead of legacy element type OTHER derived from class/trait: UILabel:UILabel 8590000128
2026-08-27 01:08:37.072 Df ReactTestApp[64575:87298d6] [com.apple.dt.xctest:Default] Other is not actually a child of Other, including at this point anyway (rdar://problem/20738636)
2026-08-27 01:08:37.072 Df ReactTestApp[64575:87298d6] [com.apple.dt.xctest:Default] Other is not actually a child of Other, including at this point anyway (rdar://problem/20738636)
2026-08-27 01:08:37.072 Df ReactTestApp[64575:87298d6] [com.apple.dt.xctest:Default] Other is not actually a child of Other, including at this point anyway (rdar://problem/20738636)
2026-08-27 01:08:37.072 Df ReactTestApp[64575:87298d6] [com.apple.dt.xctest:Default] Other is not actually a child of Other, including at this point anyway (rdar://problem/20738636)
2026-08-27 01:08:37.072 Df ReactTestApp[64575:87298d6] [com.apple.dt.xctest:Default] Other is not actually a child of Other, including at this point anyway (rdar://problem/20738636)
2026-08-27 01:08:37.072 Df ReactTestApp[64575:87298d6] [com.apple.dt.xctest:Default] Preferring automation type 24 instead of legacy element type OTHER derived from class/trait: _UIFloatingBarContainerView:_UIFloatingBarContainerView 8589934592
2026-08-27 01:08:37.072 Df ReactTestApp[64575:87298d6] [com.apple.dt.xctest:Default] XCTPerformOnMainRunLoop[not MT]: about to CFRunLoopPerform
2026-08-27 01:08:37.072 Df ReactTestApp[64575:87298d6] [com.apple.dt.xctest:Default] XCTPerformOnMainRunLoop[not MT]: waiting with 30.00s responsiveness timeout
2026-08-27 01:08:37.072 Df ReactTestApp[64575:8728df6] [com.apple.dt.xctest:Default] XCTPerformOnMainRunLoop[MT]: inside CFRunLoopPerform
2026-08-27 01:08:37.072 Df ReactTestApp[64575:8728df6] [com.apple.dt.xctest:Default] XCTPerformOnMainRunLoop[MT]: MT responded in time (won the race to the busy flag)
2026-08-27 01:08:37.072 Df ReactTestApp[64575:87298d6] [com.apple.dt.xctest:Default] XCTPerformOnMainRunLoop[not MT]: waiting 60.00s for work to complete
2026-08-27 01:08:37.072 Df ReactTestApp[64575:8728df6] [com.apple.dt.xctest:Default] XCTElementQuery: set data source for rootElementSnapshot to <XCTAutomationSession: 0x123d75470>
2026-08-27 01:08:37.072 Df ReactTestApp[64575:87298d6] [com.apple.dt.xctest:Default] Finding all matches with input Application, pid: 64575 using transformers
↪︎ Descendants matching type TabBar
2026-08-27 01:08:37.073 Df ReactTestApp[64575:87298d6] [com.apple.dt.xctest:Default] [Match All] applied transformer `Descendants matching type TabBar` to input {(
    Application, pid: 64575
)}, found {(
    TabBar
)}
2026-08-27 01:08:37.073 Df ReactTestApp[64575:87298d6] [com.apple.dt.xctest:Default] [Match All] setting out related elements {(
)}
2026-08-27 01:08:37.076 Df ReactTestApp[64575:87298d6] [com.apple.dt.xctest:Default] Current tree:
Application, 0x110b9f1c0, pid: 64575 <App element pid: 64575>
  Window (Main), 0x118145dc0 <AX element pid: 64575, elementOrHash.elementID: 4432973440.4>
    Other, 0x110baa140 <AX element pid: 64575, elementOrHash.elementID: 4448266304.68>
    Other, 0x118145f40 <AX element pid: 64575, elementOrHash.elementID: 4431517824.5>
      Other, 0x11a576240 <AX element pid: 64575, elementOrHash.elementID: 4437854080.6>
        Other, 0x11813fac0 <AX element pid: 64575, elementOrHash.elementID: 4437857152.7>
          Other, 0x110baaec0 <AX element pid: 64575, elementOrHash.elementID: 4448745536.8>
            Other, 0x118105a40 <AX element pid: 64575, elementOrHash.elementID: 4453532800.9>
              Other, 0x110b6cf40 <AX element pid: 64575, elementOrHash.elementID: 4453589120.10>
                Other, 0x110b6c1c0 <AX element pid: 64575, elementOrHash.elementID: 4453679232.12>
                  Other, 0x119cdedc0 <AX element pid: 64575, elementOrHash.elementID: 4563712640.14>
                    Navigat<…>
2026-08-27 01:08:37.076 Df ReactTestApp[64575:87298d6] [com.apple.dt.xctest:Default] Query ↪︎ Descendants matching type TabBar found matching snapshots: {(
    TabBar
)} (error: (null))
2026-08-27 01:08:37.076 Df ReactTestApp[64575:87298d6] [com.apple.dt.xctest:Default] Replying to query ↪︎ Descendants matching type TabBar with results: <XCTElementQueryResults: 0x10e38c4d0> (error: (null))
2026-08-27 01:08:37.080 Df ReactTestApp[64575:87298d6] [com.apple.dt.xctest:Default] Received request to fetch matches for query: ↪︎ Descendants matching type MenuItem
2026-08-27 01:08:37.080 Df ReactTestApp[64575:87298d5] [com.apple.dt.xctest:Default] Evaluating query:
 ↪︎ Descendants matching type MenuItem
2026-08-27 01:08:37.080 Df ReactTestApp[64575:87298d5] [com.apple.dt.xctest:Default] Getting root element snapshot
2026-08-27 01:08:37.080 Df ReactTestApp[64575:87298d5] [com.apple.dt.xctest:Default] Getting snapshot for App element pid: 64575 for query ↪︎ Descendants matching type MenuItem
2026-08-27 01:08:37.080 Df ReactTestApp[64575:87298d5] [com.apple.dt.xctest:Default] Query requires iOS snapshot attributes XC_kAXXCAttributeElementType, XC_kAXXCAttributeElementBaseType, XC_kAXXCAttributeAutomationType, XC_kAXXCAttributeTraits.
2026-08-27 01:08:37.080 Df ReactTestApp[64575:87298d5] [com.apple.dt.xctest:Default] XCTPerformOnMainRunLoop[not MT]: about to CFRunLoopPerform
2026-08-27 01:08:37.080 Df ReactTestApp[64575:87298d5] [com.apple.dt.xctest:Default] XCTPerformOnMainRunLoop[not MT]: waiting with 30.00s responsiveness timeout
2026-08-27 01:08:37.080 Df ReactTestApp[64575:8728df6] [com.apple.dt.xctest:Default] XCTPerformOnMainRunLoop[MT]: inside CFRunLoopPerform
2026-08-27 01:08:37.080 Df ReactTestApp[64575:8728df6] [com.apple.dt.xctest:Default] XCTPerformOnMainRunLoop[MT]: MT responded in time (won the race to the busy flag)
2026-08-27 01:08:37.080 Df ReactTestApp[64575:87298d5] [com.apple.dt.xctest:Default] XCTPerformOnMainRunLoop[not MT]: waiting 60.00s for work to complete
2026-08-27 01:08:37.081 Df ReactTestApp[64575:8728df6] [com.apple.dt.xctest:Default] Got main window <AXUIElementRef 0x121d25090> {pid=64575} {uid=[ID:4 hash:0x10839ce80]}
2026-08-27 01:08:37.081 Df ReactTestApp[64575:8728df6] [com.apple.dt.xctest:Default] Capturing hierarchy with attributes XC_kAXXCAttributeElementType, XC_kAXXCAttributeElementBaseType, XC_kAXXCAttributeParent, XC_kAXXCAttributeIdentifier, XC_kAXXCAttributeAutomationType, XC_kAXXCAttributeTraits
2026-08-27 01:08:37.081 Df ReactTestApp[64575:8728df6] [com.apple.dt.xctest:Default] Capturing hierarchy with parameters {
    attributes =     (
        5003,
        5004,
        5002,
        5019,
        5058,
        2004
    );
    maxArrayCount = 2147483647;
    maxChildren = 2147483647;
    maxDepth = 2147483647;
    snapshotKeyHonorModalViews = 0;
    traverseFromParentsToChildren = 1;
}
2026-08-27 01:08:37.081 Df ReactTestApp[64575:8728df6] [com.apple.dt.xctest:Default] Snapshot attributes 5003, 5004, 5002, 5019, 5058, 2004
2026-08-27 01:08:37.106 Df ReactTestApp[64575:8728df6] [com.apple.dt.xctest:Default] Got snapshot for <AXUIElementRef 0x121dc9190> {pid=64575} {uid=[ID:1 hash:0x0]}
2026-08-27 01:08:37.107 Df ReactTestApp[64575:8728df6] [com.apple.dt.xctest:Default] Got app orientation 0
2026-08-27 01:08:37.107 Df ReactTestApp[64575:8728df6] [com.apple.dt.xctest:Default] Captured accessibility snapshot data in 0.03s
2026-08-27 01:08:37.107 Df ReactTestApp[64575:87298d5] [com.apple.dt.xctest:Default] Found main window: Window
2026-08-27 01:08:37.107 Df ReactTestApp[64575:87298d5] [com.apple.dt.xctest:Default] Preferring automation type 48 instead of legacy element type OTHER derived from class/trait: UILabel:UILabel 8590000128
2026-08-27 01:08:37.107 Df ReactTestApp[64575:87298d5] [com.apple.dt.xctest:Default] Other is not actually a child of Other, including at this point anyway (rdar://problem/20738636)
2026-08-27 01:08:37.107 Df ReactTestApp[64575:87298d5] [com.apple.dt.xctest:Default] Other is not actually a child of Other, including at this point anyway (rdar://problem/20738636)
2026-08-27 01:08:37.107 Df ReactTestApp[64575:87298d5] [com.apple.dt.xctest:Default] Other is not actually a child of Other, including at this point anyway (rdar://problem/20738636)
2026-08-27 01:08:37.108 Df ReactTestApp[64575:87298d5] [com.apple.dt.xctest:Default] Other is not actually a child of Other, including at this point anyway (rdar://problem/20738636)
2026-08-27 01:08:37.108 Df ReactTestApp[64575:87298d5] [com.apple.dt.xctest:Default] Other is not actually a child of Other, including at this point anyway (rdar://problem/20738636)
2026-08-27 01:08:37.108 Df ReactTestApp[64575:87298d5] [com.apple.dt.xctest:Default] Preferring automation type 24 instead of legacy element type OTHER derived from class/trait: _UIFloatingBarContainerView:_UIFloatingBarContainerView 8589934592
2026-08-27 01:08:37.108 Df ReactTestApp[64575:87298d5] [com.apple.dt.xctest:Default] XCTPerformOnMainRunLoop[not MT]: about to CFRunLoopPerform
2026-08-27 01:08:37.108 Df ReactTestApp[64575:87298d5] [com.apple.dt.xctest:Default] XCTPerformOnMainRunLoop[not MT]: waiting with 30.00s responsiveness timeout
2026-08-27 01:08:37.108 Df ReactTestApp[64575:8728df6] [com.apple.dt.xctest:Default] XCTPerformOnMainRunLoop[MT]: inside CFRunLoopPerform
2026-08-27 01:08:37.108 Df ReactTestApp[64575:8728df6] [com.apple.dt.xctest:Default] XCTPerformOnMainRunLoop[MT]: MT responded in time (won the race to the busy flag)
2026-08-27 01:08:37.108 Df ReactTestApp[64575:87298d5] [com.apple.dt.xctest:Default] XCTPerformOnMainRunLoop[not MT]: waiting 60.00s for work to complete
2026-08-27 01:08:37.108 Df ReactTestApp[64575:8728df6] [com.apple.dt.xctest:Default] XCTElementQuery: set data source for rootElementSnapshot to <XCTAutomationSession: 0x123d75470>
2026-08-27 01:08:37.108 Df ReactTestApp[64575:87298d5] [com.apple.dt.xctest:Default] Finding all matches with input Application, pid: 64575 using transformers
↪︎ Descendants matching type MenuItem
2026-08-27 01:08:37.108 Df ReactTestApp[64575:87298d5] [com.apple.dt.xctest:Default] [Match All] applied transformer `Descendants matching type MenuItem` to input {(
    Application, pid: 64575
)}, found {(
)}
2026-08-27 01:08:37.108 Df ReactTestApp[64575:87298d5] [com.apple.dt.xctest:Default] [Match All] setting out related elements in early return {(
)}
2026-08-27 01:08:37.112 Df ReactTestApp[64575:87298d5] [com.apple.dt.xctest:Default] Current tree:
Application, 0x119c26440, pid: 64575 <App element pid: 64575>
  Window (Main), 0x119c25cc0 <AX element pid: 64575, elementOrHash.elementID: 4432973440.4>
    Other, 0x119c25e40 <AX element pid: 64575, elementOrHash.elementID: 4448266304.68>
    Other, 0x119c26140 <AX element pid: 64575, elementOrHash.elementID: 4431517824.5>
      Other, 0x119c25fc0 <AX element pid: 64575, elementOrHash.elementID: 4437854080.6>
        Other, 0x119c262c0 <AX element pid: 64575, elementOrHash.elementID: 4437857152.7>
          Other, 0x110b62d40 <AX element pid: 64575, elementOrHash.elementID: 4448745536.8>
            Other, 0x108d2ca40 <AX element pid: 64575, elementOrHash.elementID: 4453532800.9>
              Other, 0x119c214c0 <AX element pid: 64575, elementOrHash.elementID: 4453589120.10>
                Other, 0x11a56ab40 <AX element pid: 64575, elementOrHash.elementID: 4453679232.12>
                  Other, 0x11815b9c0 <AX element pid: 64575, elementOrHash.elementID: 4563712640.14>
                    Navigat<…>
2026-08-27 01:08:37.112 Df ReactTestApp[64575:87298d5] [com.apple.dt.xctest:Default] Query ↪︎ Descendants matching type MenuItem found matching snapshots: {(
)} (error: (null))
2026-08-27 01:08:37.112 Df ReactTestApp[64575:87298d5] [com.apple.dt.xctest:Default] Replying to query ↪︎ Descendants matching type MenuItem with results: <XCTElementQueryResults: 0x107de61d0> (error: (null))
2026-08-27 01:08:37.115 Df ReactTestApp[64575:87298d5] [com.apple.dt.xctest:Default] Received request to fetch matches for query: ↪︎ Descendants matching type StaticText
2026-08-27 01:08:37.115 Df ReactTestApp[64575:87298d5] [com.apple.dt.xctest:Default] Evaluating query:
 ↪︎ Descendants matching type StaticText
2026-08-27 01:08:37.115 Df ReactTestApp[64575:87298d5] [com.apple.dt.xctest:Default] Getting root element snapshot
2026-08-27 01:08:37.115 Df ReactTestApp[64575:87298d5] [com.apple.dt.xctest:Default] Getting snapshot for App element pid: 64575 for query ↪︎ Descendants matching type StaticText
2026-08-27 01:08:37.115 Df ReactTestApp[64575:87298d5] [com.apple.dt.xctest:Default] Query requires iOS snapshot attributes XC_kAXXCAttributeElementType, XC_kAXXCAttributeElementBaseType, XC_kAXXCAttributeAutomationType, XC_kAXXCAttributeTraits.
2026-08-27 01:08:37.115 Df ReactTestApp[64575:87298d5] [com.apple.dt.xctest:Default] XCTPerformOnMainRunLoop[not MT]: about to CFRunLoopPerform
2026-08-27 01:08:37.115 Df ReactTestApp[64575:87298d5] [com.apple.dt.xctest:Default] XCTPerformOnMainRunLoop[not MT]: waiting with 30.00s responsiveness timeout
2026-08-27 01:08:37.115 Df ReactTestApp[64575:8728df6] [com.apple.dt.xctest:Default] XCTPerformOnMainRunLoop[MT]: inside CFRunLoopPerform
2026-08-27 01:08:37.115 Df ReactTestApp[64575:8728df6] [com.apple.dt.xctest:Default] XCTPerformOnMainRunLoop[MT]: MT responded in time (won the race to the busy flag)
2026-08-27 01:08:37.115 Df ReactTestApp[64575:87298d5] [com.apple.dt.xctest:Default] XCTPerformOnMainRunLoop[not MT]: waiting 60.00s for work to complete
2026-08-27 01:08:37.115 Df ReactTestApp[64575:8728df6] [com.apple.dt.xctest:Default] Got main window <AXUIElementRef 0x128b37190> {pid=64575} {uid=[ID:4 hash:0x10839ce80]}
2026-08-27 01:08:37.115 Df ReactTestApp[64575:8728df6] [com.apple.dt.xctest:Default] Capturing hierarchy with attributes XC_kAXXCAttributeElementType, XC_kAXXCAttributeElementBaseType, XC_kAXXCAttributeParent, XC_kAXXCAttributeIdentifier, XC_kAXXCAttributeAutomationType, XC_kAXXCAttributeTraits
2026-08-27 01:08:37.116 Df ReactTestApp[64575:8728df6] [com.apple.dt.xctest:Default] Capturing hierarchy with parameters {
    attributes =     (
        5003,
        5004,
        5002,
        5019,
        5058,
        2004
    );
    maxArrayCount = 2147483647;
    maxChildren = 2147483647;
    maxDepth = 2147483647;
    snapshotKeyHonorModalViews = 0;
    traverseFromParentsToChildren = 1;
}
2026-08-27 01:08:37.116 Df ReactTestApp[64575:8728df6] [com.apple.dt.xctest:Default] Snapshot attributes 5003, 5004, 5002, 5019, 5058, 2004
2026-08-27 01:08:37.141 Df ReactTestApp[64575:8728df6] [com.apple.dt.xctest:Default] Got snapshot for <AXUIElementRef 0x10c30bbd0> {pid=64575} {uid=[ID:1 hash:0x0]}
2026-08-27 01:08:37.141 Df ReactTestApp[64575:8728df6] [com.apple.dt.xctest:Default] Got app orientation 0
2026-08-27 01:08:37.141 Df ReactTestApp[64575:8728df6] [com.apple.dt.xctest:Default] Captured accessibility snapshot data in 0.03s
2026-08-27 01:08:37.141 Df ReactTestApp[64575:87298d5] [com.apple.dt.xctest:Default] Found main window: Window
2026-08-27 01:08:37.141 Df ReactTestApp[64575:87298d5] [com.apple.dt.xctest:Default] Preferring automation type 48 instead of legacy element type OTHER derived from class/trait: UILabel:UILabel 8590000128
2026-08-27 01:08:37.142 Df ReactTestApp[64575:87298d5] [com.apple.dt.xctest:Default] Other is not actually a child of Other, including at this point anyway (rdar://problem/20738636)
2026-08-27 01:08:37.142 Df ReactTestApp[64575:87298d5] [com.apple.dt.xctest:Default] Other is not actually a child of Other, including at this point anyway (rdar://problem/20738636)
2026-08-27 01:08:37.142 Df ReactTestApp[64575:87298d5] [com.apple.dt.xctest:Default] Other is not actually a child of Other, including at this point anyway (rdar://problem/20738636)
2026-08-27 01:08:37.142 Df ReactTestApp[64575:87298d5] [com.apple.dt.xctest:Default] Other is not actually a child of Other, including at this point anyway (rdar://problem/20738636)
2026-08-27 01:08:37.142 Df ReactTestApp[64575:87298d5] [com.apple.dt.xctest:Default] Other is not actually a child of Other, including at this point anyway (rdar://problem/20738636)
2026-08-27 01:08:37.142 Df ReactTestApp[64575:87298d5] [com.apple.dt.xctest:Default] Preferring automation type 24 instead of legacy element type OTHER derived from class/trait: _UIFloatingBarContainerView:_UIFloatingBarContainerView 8589934592
2026-08-27 01:08:37.142 Df ReactTestApp[64575:87298d5] [com.apple.dt.xctest:Default] XCTPerformOnMainRunLoop[not MT]: about to CFRunLoopPerform
2026-08-27 01:08:37.142 Df ReactTestApp[64575:87298d5] [com.apple.dt.xctest:Default] XCTPerformOnMainRunLoop[not MT]: waiting with 30.00s responsiveness timeout
2026-08-27 01:08:37.142 Df ReactTestApp[64575:8728df6] [com.apple.dt.xctest:Default] XCTPerformOnMainRunLoop[MT]: inside CFRunLoopPerform
2026-08-27 01:08:37.142 Df ReactTestApp[64575:8728df6] [com.apple.dt.xctest:Default] XCTPerformOnMainRunLoop[MT]: MT responded in time (won the race to the busy flag)
2026-08-27 01:08:37.142 Df ReactTestApp[64575:87298d5] [com.apple.dt.xctest:Default] XCTPerformOnMainRunLoop[not MT]: waiting 60.00s for work to complete
2026-08-27 01:08:37.142 Df ReactTestApp[64575:8728df6] [com.apple.dt.xctest:Default] XCTElementQuery: set data source for rootElementSnapshot to <XCTAutomationSession: 0x123d75470>
2026-08-27 01:08:37.143 Df ReactTestApp[64575:87298d5] [com.apple.dt.xctest:Default] Finding all matches with input Application, pid: 64575 using transformers
↪︎ Descendants matching type StaticText
2026-08-27 01:08:37.143 Df ReactTestApp[64575:87298d5] [com.apple.dt.xctest:Default] [Match All] applied transformer `Descendants matching type StaticText` to input {(
    Application, pid: 64575
)}, found {(
    StaticText,
    StaticText,
    StaticText,
    StaticText,
    StaticText,
    StaticText,
    StaticText,
    StaticText,
    StaticText,
    StaticText,
    StaticText,
    StaticText,
    StaticText,
    StaticText,
    StaticText,
    StaticText,
    StaticText,
    StaticText,
    StaticText,
    StaticText,
    StaticText,
    StaticText,
    StaticText
)}
2026-08-27 01:08:37.143 Df ReactTestApp[64575:87298d5] [com.apple.dt.xctest:Default] [Match All] setting out related elements {(
)}
2026-08-27 01:08:37.147 Df ReactTestApp[64575:87298d5] [com.apple.dt.xctest:Default] Current tree:
Application, 0x11a584340, pid: 64575 <App element pid: 64575>
  Window (Main), 0x110b7e340 <AX element pid: 64575, elementOrHash.elementID: 4432973440.4>
    Other, 0x110b7ec40 <AX element pid: 64575, elementOrHash.elementID: 4448266304.68>
    Other, 0x118173b40 <AX element pid: 64575, elementOrHash.elementID: 4431517824.5>
      Other, 0x110b5efc0 <AX element pid: 64575, elementOrHash.elementID: 4437854080.6>
        Other, 0x110b85540 <AX element pid: 64575, elementOrHash.elementID: 4437857152.7>
          Other, 0x110b7fb40 <AX element pid: 64575, elementOrHash.elementID: 4448745536.8>
            Other, 0x110b7b340 <AX element pid: 64575, elementOrHash.elementID: 4453532800.9>
              Other, 0x110bddbc0 <AX element pid: 64575, elementOrHash.elementID: 4453589120.10>
                Other, 0x110b24940 <AX element pid: 64575, elementOrHash.elementID: 4453679232.12>
                  Other, 0x10d175940 <AX element pid: 64575, elementOrHash.elementID: 4563712640.14>
                    Navigat<…>
2026-08-27 01:08:37.147 Df ReactTestApp[64575:87298d5] [com.apple.dt.xctest:Default] Query ↪︎ Descendants matching type StaticText found matching snapshots: {(
    StaticText,
    StaticText,
    StaticText,
    StaticText,
    StaticText,
    StaticText,
    StaticText,
    StaticText,
    StaticText,
    StaticText,
    StaticText,
    StaticText,
    StaticText,
    StaticText,
    StaticText,
    StaticText,
    StaticText,
    StaticText,
    StaticText,
    StaticText,
    StaticText,
    StaticText,
    StaticText
)} (error: (null))
2026-08-27 01:08:37.154 Df ReactTestApp[64575:87298d5] [com.apple.dt.xctest:Default] Replying to query ↪︎ Descendants matching type StaticText with results: <XCTElementQueryResults: 0x10c32fe90> (error: (null))
2026-08-27 01:08:37.159 Df ReactTestApp[64575:87298d5] [com.apple.dt.xctest:Default] Received request to fetch matches for query: ↪︎ Descendants matching type Image
2026-08-27 01:08:37.159 Df ReactTestApp[64575:87298d5] [com.apple.dt.xctest:Default] Evaluating query:
 ↪︎ Descendants matching type Image
2026-08-27 01:08:37.159 Df ReactTestApp[64575:87298d5] [com.apple.dt.xctest:Default] Getting root element snapshot
2026-08-27 01:08:37.159 Df ReactTestApp[64575:87298d5] [com.apple.dt.xctest:Default] Getting snapshot for App element pid: 64575 for query ↪︎ Descendants matching type Image
2026-08-27 01:08:37.159 Df ReactTestApp[64575:87298d5] [com.apple.dt.xctest:Default] Query requires iOS snapshot attributes XC_kAXXCAttributeElementType, XC_kAXXCAttributeElementBaseType, XC_kAXXCAttributeAutomationType, XC_kAXXCAttributeTraits.
2026-08-27 01:08:37.159 Df ReactTestApp[64575:87298d5] [com.apple.dt.xctest:Default] XCTPerformOnMainRunLoop[not MT]: about to CFRunLoopPerform
2026-08-27 01:08:37.159 Df ReactTestApp[64575:87298d5] [com.apple.dt.xctest:Default] XCTPerformOnMainRunLoop[not MT]: waiting with 30.00s responsiveness timeout
2026-08-27 01:08:37.159 Df ReactTestApp[64575:8728df6] [com.apple.dt.xctest:Default] XCTPerformOnMainRunLoop[MT]: inside CFRunLoopPerform
2026-08-27 01:08:37.159 Df ReactTestApp[64575:8728df6] [com.apple.dt.xctest:Default] XCTPerformOnMainRunLoop[MT]: MT responded in time (won the race to the busy flag)
2026-08-27 01:08:37.159 Df ReactTestApp[64575:87298d5] [com.apple.dt.xctest:Default] XCTPerformOnMainRunLoop[not MT]: waiting 60.00s for work to complete
2026-08-27 01:08:37.160 Df ReactTestApp[64575:8728df6] [com.apple.dt.xctest:Default] Got main window <AXUIElementRef 0x121d0fc50> {pid=64575} {uid=[ID:4 hash:0x10839ce80]}
2026-08-27 01:08:37.160 Df ReactTestApp[64575:8728df6] [com.apple.dt.xctest:Default] Capturing hierarchy with attributes XC_kAXXCAttributeElementType, XC_kAXXCAttributeElementBaseType, XC_kAXXCAttributeParent, XC_kAXXCAttributeIdentifier, XC_kAXXCAttributeAutomationType, XC_kAXXCAttributeTraits
2026-08-27 01:08:37.160 Df ReactTestApp[64575:8728df6] [com.apple.dt.xctest:Default] Capturing hierarchy with parameters {
    attributes =     (
        5003,
        5004,
        5002,
        5019,
        5058,
        2004
    );
    maxArrayCount = 2147483647;
    maxChildren = 2147483647;
    maxDepth = 2147483647;
    snapshotKeyHonorModalViews = 0;
    traverseFromParentsToChildren = 1;
}
2026-08-27 01:08:37.160 Df ReactTestApp[64575:8728df6] [com.apple.dt.xctest:Default] Snapshot attributes 5003, 5004, 5002, 5019, 5058, 2004
2026-08-27 01:08:37.185 Df ReactTestApp[64575:8728df6] [com.apple.dt.xctest:Default] Got snapshot for <AXUIElementRef 0x10e3b0790> {pid=64575} {uid=[ID:1 hash:0x0]}
2026-08-27 01:08:37.185 Df ReactTestApp[64575:8728df6] [com.apple.dt.xctest:Default] Got app orientation 0
2026-08-27 01:08:37.185 Df ReactTestApp[64575:8728df6] [com.apple.dt.xctest:Default] Captured accessibility snapshot data in 0.03s
2026-08-27 01:08:37.185 Df ReactTestApp[64575:87298d5] [com.apple.dt.xctest:Default] Found main window: Window
2026-08-27 01:08:37.186 Df ReactTestApp[64575:87298d5] [com.apple.dt.xctest:Default] Preferring automation type 48 instead of legacy element type OTHER derived from class/trait: UILabel:UILabel 8590000128
2026-08-27 01:08:37.186 Df ReactTestApp[64575:87298d5] [com.apple.dt.xctest:Default] Other is not actually a child of Other, including at this point anyway (rdar://problem/20738636)
2026-08-27 01:08:37.186 Df ReactTestApp[64575:87298d5] [com.apple.dt.xctest:Default] Other is not actually a child of Other, including at this point anyway (rdar://problem/20738636)
2026-08-27 01:08:37.186 Df ReactTestApp[64575:87298d5] [com.apple.dt.xctest:Default] Other is not actually a child of Other, including at this point anyway (rdar://problem/20738636)
2026-08-27 01:08:37.186 Df ReactTestApp[64575:87298d5] [com.apple.dt.xctest:Default] Other is not actually a child of Other, including at this point anyway (rdar://problem/20738636)
2026-08-27 01:08:37.186 Df ReactTestApp[64575:87298d5] [com.apple.dt.xctest:Default] Other is not actually a child of Other, including at this point anyway (rdar://problem/20738636)
2026-08-27 01:08:37.186 Df ReactTestApp[64575:87298d5] [com.apple.dt.xctest:Default] Preferring automation type 24 instead of legacy element type OTHER derived from class/trait: _UIFloatingBarContainerView:_UIFloatingBarContainerView 8589934592
2026-08-27 01:08:37.187 Df ReactTestApp[64575:87298d5] [com.apple.dt.xctest:Default] XCTPerformOnMainRunLoop[not MT]: about to CFRunLoopPerform
2026-08-27 01:08:37.187 Df ReactTestApp[64575:87298d5] [com.apple.dt.xctest:Default] XCTPerformOnMainRunLoop[not MT]: waiting with 30.00s responsiveness timeout
2026-08-27 01:08:37.187 Df ReactTestApp[64575:8728df6] [com.apple.dt.xctest:Default] XCTPerformOnMainRunLoop[MT]: inside CFRunLoopPerform
2026-08-27 01:08:37.187 Df ReactTestApp[64575:8728df6] [com.apple.dt.xctest:Default] XCTPerformOnMainRunLoop[MT]: MT responded in time (won the race to the busy flag)
2026-08-27 01:08:37.187 Df ReactTestApp[64575:8728df6] [com.apple.dt.xctest:Default] XCTElementQuery: set data source for rootElementSnapshot to <XCTAutomationSession: 0x123d75470>
2026-08-27 01:08:37.187 Df ReactTestApp[64575:87298d5] [com.apple.dt.xctest:Default] XCTPerformOnMainRunLoop[not MT]: waiting 60.00s for work to complete
2026-08-27 01:08:37.187 Df ReactTestApp[64575:87298d5] [com.apple.dt.xctest:Default] Finding all matches with input Application, pid: 64575 using transformers
↪︎ Descendants matching type Image
2026-08-27 01:08:37.188 Df ReactTestApp[64575:87298d5] [com.apple.dt.xctest:Default] [Match All] applied transformer `Descendants matching type Image` to input {(
    Application, pid: 64575
)}, found {(
    Image,
    Image
)}
2026-08-27 01:08:37.188 Df ReactTestApp[64575:87298d5] [com.apple.dt.xctest:Default] [Match All] setting out related elements {(
)}
2026-08-27 01:08:37.191 Df ReactTestApp[64575:87298d5] [com.apple.dt.xctest:Default] Current tree:
Application, 0x110b8a940, pid: 64575 <App element pid: 64575>
  Window (Main), 0x1181bb3c0 <AX element pid: 64575, elementOrHash.elementID: 4432973440.4>
    Other, 0x1181c04c0 <AX element pid: 64575, elementOrHash.elementID: 4448266304.68>
    Other, 0x110b8b0c0 <AX element pid: 64575, elementOrHash.elementID: 4431517824.5>
      Other, 0x1181b92c0 <AX element pid: 64575, elementOrHash.elementID: 4437854080.6>
        Other, 0x1181bc5c0 <AX element pid: 64575, elementOrHash.elementID: 4437857152.7>
          Other, 0x119c84040 <AX element pid: 64575, elementOrHash.elementID: 4448745536.8>
            Other, 0x1181ba4c0 <AX element pid: 64575, elementOrHash.elementID: 4453532800.9>
              Other, 0x1181bbe40 <AX element pid: 64575, elementOrHash.elementID: 4453589120.10>
                Other, 0x1181bb840 <AX element pid: 64575, elementOrHash.elementID: 4453679232.12>
                  Other, 0x11819c040 <AX element pid: 64575, elementOrHash.elementID: 4563712640.14>
                    Navigat<…>
2026-08-27 01:08:37.191 Df ReactTestApp[64575:87298d5] [com.apple.dt.xctest:Default] Query ↪︎ Descendants matching type Image found matching snapshots: {(
    Image,
    Image
)} (error: (null))
2026-08-27 01:08:37.191 Df ReactTestApp[64575:87298d5] [com.apple.dt.xctest:Default] Replying to query ↪︎ Descendants matching type Image with results: <XCTElementQueryResults: 0x107dbc210> (error: (null))
2026-08-27 01:08:37.194 Df ReactTestApp[64575:87298d5] [com.apple.dt.xctest:Default] Received request to fetch matches for query: ↪︎ Descendants matching type Button
    ↪︎ Element at index 0
2026-08-27 01:08:37.194 Df ReactTestApp[64575:87298d5] [com.apple.dt.xctest:Default] Evaluating query:
 ↪︎ Descendants matching type Button
    ↪︎ Element at index 0
2026-08-27 01:08:37.194 Df ReactTestApp[64575:87298d5] [com.apple.dt.xctest:Default] Getting root element snapshot
2026-08-27 01:08:37.194 Df ReactTestApp[64575:87298d5] [com.apple.dt.xctest:Default] Getting snapshot for App element pid: 64575 for query ↪︎ Descendants matching type Button
    ↪︎ Element at index 0
2026-08-27 01:08:37.194 Df ReactTestApp[64575:87298d5] [com.apple.dt.xctest:Default] Query requires iOS snapshot attributes XC_kAXXCAttributeElementType, XC_kAXXCAttributeElementBaseType, XC_kAXXCAttributeAutomationType, XC_kAXXCAttributeTraits.
2026-08-27 01:08:37.194 Df ReactTestApp[64575:87298d5] [com.apple.dt.xctest:Default] XCTPerformOnMainRunLoop[not MT]: about to CFRunLoopPerform
2026-08-27 01:08:37.194 Df ReactTestApp[64575:87298d5] [com.apple.dt.xctest:Default] XCTPerformOnMainRunLoop[not MT]: waiting with 30.00s responsiveness timeout
2026-08-27 01:08:37.194 Df ReactTestApp[64575:8728df6] [com.apple.dt.xctest:Default] XCTPerformOnMainRunLoop[MT]: inside CFRunLoopPerform
2026-08-27 01:08:37.194 Df ReactTestApp[64575:8728df6] [com.apple.dt.xctest:Default] XCTPerformOnMainRunLoop[MT]: MT responded in time (won the race to the busy flag)
2026-08-27 01:08:37.194 Df ReactTestApp[64575:87298d5] [com.apple.dt.xctest:Default] XCTPerformOnMainRunLoop[not MT]: waiting 60.00s for work to complete
2026-08-27 01:08:37.194 Df ReactTestApp[64575:8728df6] [com.apple.dt.xctest:Default] Got main window <AXUIElementRef 0x107ddd0d0> {pid=64575} {uid=[ID:4 hash:0x10839ce80]}
2026-08-27 01:08:37.195 Df ReactTestApp[64575:8728df6] [com.apple.dt.xctest:Default] Capturing hierarchy with attributes XC_kAXXCAttributeElementType, XC_kAXXCAttributeElementBaseType, XC_kAXXCAttributeParent, XC_kAXXCAttributeIdentifier, XC_kAXXCAttributeAutomationType, XC_kAXXCAttributeTraits
2026-08-27 01:08:37.195 Df ReactTestApp[64575:8728df6] [com.apple.dt.xctest:Default] Capturing hierarchy with parameters {
    attributes =     (
        5003,
        5004,
        5002,
        5019,
        5058,
        2004
    );
    maxArrayCount = 2147483647;
    maxChildren = 2147483647;
    maxDepth = 2147483647;
    snapshotKeyHonorModalViews = 0;
    traverseFromParentsToChildren = 1;
}
2026-08-27 01:08:37.195 Df ReactTestApp[64575:8728df6] [com.apple.dt.xctest:Default] Snapshot attributes 5003, 5004, 5002, 5019, 5058, 2004
2026-08-27 01:08:37.220 Df ReactTestApp[64575:8728df6] [com.apple.dt.xctest:Default] Got snapshot for <AXUIElementRef 0x107d62110> {pid=64575} {uid=[ID:1 hash:0x0]}
2026-08-27 01:08:37.220 Df ReactTestApp[64575:8728df6] [com.apple.dt.xctest:Default] Got app orientation 0
2026-08-27 01:08:37.220 Df ReactTestApp[64575:8728df6] [com.apple.dt.xctest:Default] Captured accessibility snapshot data in 0.03s
2026-08-27 01:08:37.220 Df ReactTestApp[64575:87298d5] [com.apple.dt.xctest:Default] Found main window: Window
2026-08-27 01:08:37.221 Df ReactTestApp[64575:87298d5] [com.apple.dt.xctest:Default] Preferring automation type 48 instead of legacy element type OTHER derived from class/trait: UILabel:UILabel 8590000128
2026-08-27 01:08:37.221 Df ReactTestApp[64575:87298d5] [com.apple.dt.xctest:Default] Other is not actually a child of Other, including at this point anyway (rdar://problem/20738636)
2026-08-27 01:08:37.221 Df ReactTestApp[64575:87298d5] [com.apple.dt.xctest:Default] Other is not actually a child of Other, including at this point anyway (rdar://problem/20738636)
2026-08-27 01:08:37.221 Df ReactTestApp[64575:87298d5] [com.apple.dt.xctest:Default] Other is not actually a child of Other, including at this point anyway (rdar://problem/20738636)
2026-08-27 01:08:37.221 Df ReactTestApp[64575:87298d5] [com.apple.dt.xctest:Default] Other is not actually a child of Other, including at this point anyway (rdar://problem/20738636)
2026-08-27 01:08:37.221 Df ReactTestApp[64575:87298d5] [com.apple.dt.xctest:Default] Other is not actually a child of Other, including at this point anyway (rdar://problem/20738636)
2026-08-27 01:08:37.221 Df ReactTestApp[64575:87298d5] [com.apple.dt.xctest:Default] Preferring automation type 24 instead of legacy element type OTHER derived from class/trait: _UIFloatingBarContainerView:_UIFloatingBarContainerView 8589934592
2026-08-27 01:08:37.222 Df ReactTestApp[64575:87298d5] [com.apple.dt.xctest:Default] XCTPerformOnMainRunLoop[not MT]: about to CFRunLoopPerform
2026-08-27 01:08:37.222 Df ReactTestApp[64575:87298d5] [com.apple.dt.xctest:Default] XCTPerformOnMainRunLoop[not MT]: waiting with 30.00s responsiveness timeout
2026-08-27 01:08:37.222 Df ReactTestApp[64575:8728df6] [com.apple.dt.xctest:Default] XCTPerformOnMainRunLoop[MT]: inside CFRunLoopPerform
2026-08-27 01:08:37.222 Df ReactTestApp[64575:8728df6] [com.apple.dt.xctest:Default] XCTPerformOnMainRunLoop[MT]: MT responded in time (won the race to the busy flag)
2026-08-27 01:08:37.222 Df ReactTestApp[64575:87298d5] [com.apple.dt.xctest:Default] XCTPerformOnMainRunLoop[not MT]: waiting 60.00s for work to complete
2026-08-27 01:08:37.222 Df ReactTestApp[64575:8728df6] [com.apple.dt.xctest:Default] XCTElementQuery: set data source for rootElementSnapshot to <XCTAutomationSession: 0x123d75470>
2026-08-27 01:08:37.222 Df ReactTestApp[64575:87298d5] [com.apple.dt.xctest:Default] Finding all matches with input Application, pid: 64575 using transformers
↪︎ Descendants matching type Button
    ↪︎ Element at index 0
2026-08-27 01:08:37.222 Df ReactTestApp[64575:87298d5] [com.apple.dt.xctest:Default] [Match All] applied transformer `Descendants matching type Button` to input {(
    Application, pid: 64575
)}, found {(
    Button, identifier: 'BackButton',
    Button, Selected,
    Button,
    Button,
    Button,
    Button
)}
2026-08-27 01:08:37.222 Df ReactTestApp[64575:87298d5] [com.apple.dt.xctest:Default] [Match All] applied transformer `Element at index 0` to input {(
    Button, identifier: 'BackButton',
    Button, Selected,
    Button,
    Button,
    Button,
    Button
)}, found {(
    Button, identifier: 'BackButton'
)}
2026-08-27 01:08:37.222 Df ReactTestApp[64575:87298d5] [com.apple.dt.xctest:Default] [Match All] setting out related elements {(
)}
2026-08-27 01:08:37.226 Df ReactTestApp[64575:87298d5] [com.apple.dt.xctest:Default] Current tree:
Application, 0x1181607c0, pid: 64575 <App element pid: 64575>
  Window (Main), 0x119c1b4c0 <AX element pid: 64575, elementOrHash.elementID: 4432973440.4>
    Other, 0x110bedac0 <AX element pid: 64575, elementOrHash.elementID: 4448266304.68>
    Other, 0x110bec8c0 <AX element pid: 64575, elementOrHash.elementID: 4431517824.5>
      Other, 0x110bce2c0 <AX element pid: 64575, elementOrHash.elementID: 4437854080.6>
        Other, 0x110bec740 <AX element pid: 64575, elementOrHash.elementID: 4437857152.7>
          Other, 0x110beddc0 <AX element pid: 64575, elementOrHash.elementID: 4448745536.8>
            Other, 0x1181df540 <AX element pid: 64575, elementOrHash.elementID: 4453532800.9>
              Other, 0x119c3d3c0 <AX element pid: 64575, elementOrHash.elementID: 4453589120.10>
                Other, 0x1181d78c0 <AX element pid: 64575, elementOrHash.elementID: 4453679232.12>
                  Other, 0x11810b740 <AX element pid: 64575, elementOrHash.elementID: 4563712640.14>
                    Navigat<…>
2026-08-27 01:08:37.226 Df ReactTestApp[64575:87298d5] [com.apple.dt.xctest:Default] Query ↪︎ Descendants matching type Button
    ↪︎ Element at index 0 found matching snapshots: {(
    Button, identifier: 'BackButton'
)} (error: (null))
2026-08-27 01:08:37.226 Df ReactTestApp[64575:87298d5] [com.apple.dt.xctest:Default] Replying to query ↪︎ Descendants matching type Button
    ↪︎ Element at index 0 with results: <XCTElementQueryResults: 0x10e319a90> (error: (null))
2026-08-27 01:08:37.228 Df ReactTestApp[64575:87298d5] [com.apple.dt.xctest:Default] Received request to fetch matches for query: ↪︎ Descendants matching type Button
    ↪︎ Element at index 0
2026-08-27 01:08:37.228 Df ReactTestApp[64575:87298d5] [com.apple.dt.xctest:Default] Evaluating query:
 ↪︎ Descendants matching type Button
    ↪︎ Element at index 0
2026-08-27 01:08:37.228 Df ReactTestApp[64575:87298d5] [com.apple.dt.xctest:Default] Getting root element snapshot
2026-08-27 01:08:37.228 Df ReactTestApp[64575:87298d5] [com.apple.dt.xctest:Default] Getting snapshot for App element pid: 64575 for query ↪︎ Descendants matching type Button
    ↪︎ Element at index 0
2026-08-27 01:08:37.228 Df ReactTestApp[64575:87298d5] [com.apple.dt.xctest:Default] Query requires iOS snapshot attributes XC_kAXXCAttributeElementType, XC_kAXXCAttributeElementBaseType, XC_kAXXCAttributeAutomationType, XC_kAXXCAttributeTraits.
2026-08-27 01:08:37.228 Df ReactTestApp[64575:87298d5] [com.apple.dt.xctest:Default] XCTPerformOnMainRunLoop[not MT]: about to CFRunLoopPerform
2026-08-27 01:08:37.228 Df ReactTestApp[64575:87298d5] [com.apple.dt.xctest:Default] XCTPerformOnMainRunLoop[not MT]: waiting with 30.00s responsiveness timeout
2026-08-27 01:08:37.228 Df ReactTestApp[64575:8728df6] [com.apple.dt.xctest:Default] XCTPerformOnMainRunLoop[MT]: inside CFRunLoopPerform
2026-08-27 01:08:37.228 Df ReactTestApp[64575:8728df6] [com.apple.dt.xctest:Default] XCTPerformOnMainRunLoop[MT]: MT responded in time (won the race to the busy flag)
2026-08-27 01:08:37.228 Df ReactTestApp[64575:87298d5] [com.apple.dt.xctest:Default] XCTPerformOnMainRunLoop[not MT]: waiting 60.00s for work to complete
2026-08-27 01:08:37.229 Df ReactTestApp[64575:8728df6] [com.apple.dt.xctest:Default] Got main window <AXUIElementRef 0x10c30ec50> {pid=64575} {uid=[ID:4 hash:0x10839ce80]}
2026-08-27 01:08:37.229 Df ReactTestApp[64575:8728df6] [com.apple.dt.xctest:Default] Capturing hierarchy with attributes XC_kAXXCAttributeElementType, XC_kAXXCAttributeElementBaseType, XC_kAXXCAttributeParent, XC_kAXXCAttributeIdentifier, XC_kAXXCAttributeAutomationType, XC_kAXXCAttributeTraits
2026-08-27 01:08:37.229 Df ReactTestApp[64575:8728df6] [com.apple.dt.xctest:Default] Capturing hierarchy with parameters {
    attributes =     (
        5003,
        5004,
        5002,
        5019,
        5058,
        2004
    );
    maxArrayCount = 2147483647;
    maxChildren = 2147483647;
    maxDepth = 2147483647;
    snapshotKeyHonorModalViews = 0;
    traverseFromParentsToChildren = 1;
}
2026-08-27 01:08:37.229 Df ReactTestApp[64575:8728df6] [com.apple.dt.xctest:Default] Snapshot attributes 5003, 5004, 5002, 5019, 5058, 2004
2026-08-27 01:08:37.254 Df ReactTestApp[64575:8728df6] [com.apple.dt.xctest:Default] Got snapshot for <AXUIElementRef 0x121d55150> {pid=64575} {uid=[ID:1 hash:0x0]}
2026-08-27 01:08:37.254 Df ReactTestApp[64575:8728df6] [com.apple.dt.xctest:Default] Got app orientation 0
2026-08-27 01:08:37.254 Df ReactTestApp[64575:8728df6] [com.apple.dt.xctest:Default] Captured accessibility snapshot data in 0.03s
2026-08-27 01:08:37.255 Df ReactTestApp[64575:87298d5] [com.apple.dt.xctest:Default] Found main window: Window
2026-08-27 01:08:37.255 Df ReactTestApp[64575:87298d5] [com.apple.dt.xctest:Default] Preferring automation type 48 instead of legacy element type OTHER derived from class/trait: UILabel:UILabel 8590000128
2026-08-27 01:08:37.255 Df ReactTestApp[64575:87298d5] [com.apple.dt.xctest:Default] Other is not actually a child of Other, including at this point anyway (rdar://problem/20738636)
2026-08-27 01:08:37.255 Df ReactTestApp[64575:87298d5] [com.apple.dt.xctest:Default] Other is not actually a child of Other, including at this point anyway (rdar://problem/20738636)
2026-08-27 01:08:37.255 Df ReactTestApp[64575:87298d5] [com.apple.dt.xctest:Default] Other is not actually a child of Other, including at this point anyway (rdar://problem/20738636)
2026-08-27 01:08:37.255 Df ReactTestApp[64575:87298d5] [com.apple.dt.xctest:Default] Other is not actually a child of Other, including at this point anyway (rdar://problem/20738636)
2026-08-27 01:08:37.255 Df ReactTestApp[64575:87298d5] [com.apple.dt.xctest:Default] Other is not actually a child of Other, including at this point anyway (rdar://problem/20738636)
2026-08-27 01:08:37.255 Df ReactTestApp[64575:87298d5] [com.apple.dt.xctest:Default] Preferring automation type 24 instead of legacy element type OTHER derived from class/trait: _UIFloatingBarContainerView:_UIFloatingBarContainerView 8589934592
2026-08-27 01:08:37.256 Df ReactTestApp[64575:87298d5] [com.apple.dt.xctest:Default] XCTPerformOnMainRunLoop[not MT]: about to CFRunLoopPerform
2026-08-27 01:08:37.256 Df ReactTestApp[64575:87298d5] [com.apple.dt.xctest:Default] XCTPerformOnMainRunLoop[not MT]: waiting with 30.00s responsiveness timeout
2026-08-27 01:08:37.256 Df ReactTestApp[64575:8728df6] [com.apple.dt.xctest:Default] XCTPerformOnMainRunLoop[MT]: inside CFRunLoopPerform
2026-08-27 01:08:37.256 Df ReactTestApp[64575:8728df6] [com.apple.dt.xctest:Default] XCTPerformOnMainRunLoop[MT]: MT responded in time (won the race to the busy flag)
2026-08-27 01:08:37.256 Df ReactTestApp[64575:87298d5] [com.apple.dt.xctest:Default] XCTPerformOnMainRunLoop[not MT]: waiting 60.00s for work to complete
2026-08-27 01:08:37.256 Df ReactTestApp[64575:8728df6] [com.apple.dt.xctest:Default] XCTElementQuery: set data source for rootElementSnapshot to <XCTAutomationSession: 0x123d75470>
2026-08-27 01:08:37.256 Df ReactTestApp[64575:87298d5] [com.apple.dt.xctest:Default] Finding all matches with input Application, pid: 64575 using transformers
↪︎ Descendants matching type Button
    ↪︎ Element at index 0
2026-08-27 01:08:37.256 Df ReactTestApp[64575:87298d5] [com.apple.dt.xctest:Default] [Match All] applied transformer `Descendants matching type Button` to input {(
    Application, pid: 64575
)}, found {(
    Button, identifier: 'BackButton',
    Button, Selected,
    Button,
    Button,
    Button,
    Button
)}
2026-08-27 01:08:37.256 Df ReactTestApp[64575:87298d5] [com.apple.dt.xctest:Default] [Match All] applied transformer `Element at index 0` to input {(
    Button, identifier: 'BackButton',
    Button, Selected,
    Button,
    Button,
    Button,
    Button
)}, found {(
    Button, identifier: 'BackButton'
)}
2026-08-27 01:08:37.256 Df ReactTestApp[64575:87298d5] [com.apple.dt.xctest:Default] [Match All] setting out related elements {(
)}
2026-08-27 01:08:37.260 Df ReactTestApp[64575:87298d5] [com.apple.dt.xctest:Default] Current tree:
Application, 0x110b85b40, pid: 64575 <App element pid: 64575>
  Window (Main), 0x110b83140 <AX element pid: 64575, elementOrHash.elementID: 4432973440.4>
    Other, 0x119c22cc0 <AX element pid: 64575, elementOrHash.elementID: 4448266304.68>
    Other, 0x110bed1c0 <AX element pid: 64575, elementOrHash.elementID: 4431517824.5>
      Other, 0x110b39940 <AX element pid: 64575, elementOrHash.elementID: 4437854080.6>
        Other, 0x110b2ecc0 <AX element pid: 64575, elementOrHash.elementID: 4437857152.7>
          Other, 0x110b47bc0 <AX element pid: 64575, elementOrHash.elementID: 4448745536.8>
            Other, 0x110bfd240 <AX element pid: 64575, elementOrHash.elementID: 4453532800.9>
              Other, 0x119c01b40 <AX element pid: 64575, elementOrHash.elementID: 4453589120.10>
                Other, 0x10d1691c0 <AX element pid: 64575, elementOrHash.elementID: 4453679232.12>
                  Other, 0x11816acc0 <AX element pid: 64575, elementOrHash.elementID: 4563712640.14>
                    Navigat<…>
2026-08-27 01:08:37.260 Df ReactTestApp[64575:87298d5] [com.apple.dt.xctest:Default] Query ↪︎ Descendants matching type Button
    ↪︎ Element at index 0 found matching snapshots: {(
    Button, identifier: 'BackButton'
)} (error: (null))
2026-08-27 01:08:37.260 Df ReactTestApp[64575:87298d5] [com.apple.dt.xctest:Default] Replying to query ↪︎ Descendants matching type Button
    ↪︎ Element at index 0 with results: <XCTElementQueryResults: 0x121d24f10> (error: (null))
2026-08-27 01:08:37.262 Df ReactTestApp[64575:87298d5] [com.apple.dt.xctest:Default] Received attributes request for element: AX element pid: 64575, elementOrHash.elementID: 4502569376.168. Attributes: (
    "XC_kAXXCAttributeFrame",
    "XC_kAXXCAttributeWindowDisplayId",
    "XC_kAXXCAttributeWindowContextId"
)
2026-08-27 01:08:37.262 Df ReactTestApp[64575:87298d5] [com.apple.dt.xctest:Default] XCTPerformOnMainRunLoop[not MT]: about to CFRunLoopPerform
2026-08-27 01:08:37.262 Df ReactTestApp[64575:87298d5] [com.apple.dt.xctest:Default] XCTPerformOnMainRunLoop[not MT]: waiting with 30.00s responsiveness timeout
2026-08-27 01:08:37.262 Df ReactTestApp[64575:8728df6] [com.apple.dt.xctest:Default] XCTPerformOnMainRunLoop[MT]: inside CFRunLoopPerform
2026-08-27 01:08:37.262 Df ReactTestApp[64575:8728df6] [com.apple.dt.xctest:Default] XCTPerformOnMainRunLoop[MT]: MT responded in time (won the race to the busy flag)
2026-08-27 01:08:37.262 Df ReactTestApp[64575:87298d5] [com.apple.dt.xctest:Default] XCTPerformOnMainRunLoop[not MT]: waiting 60.00s for work to complete
2026-08-27 01:08:37.262 Df ReactTestApp[64575:8728df6] [com.apple.dt.xctest:Default] Fetching AX attributes XC_kAXXCAttributeFrame, XC_kAXXCAttributeWindowDisplayId, XC_kAXXCAttributeWindowContextId for AX element pid: 64575, elementOrHash.elementID: 4502569376.168
2026-08-27 01:08:37.262 Df ReactTestApp[64575:8728df6] [com.apple.dt.xctest:Default] Got attributes, transferring to dictionary for return.
2026-08-27 01:08:37.262 Df ReactTestApp[64575:87298d5] [com.apple.dt.xctest:Default] Replying with attribute values: {
    "XC_kAXXCAttributeFrame" =     {
        Height = 44;
        Width = 44;
        X = 16;
        Y = 62;
    };
    "XC_kAXXCAttributeWindowContextId" = 1635110261;
    "XC_kAXXCAttributeWindowDisplayId" = 1;
}
2026-08-27 01:08:37.266 Df ReactTestApp[64575:87298d5] [com.apple.dt.xctest:Default] Received attributes request for element: AX element pid: 64575, elementOrHash.elementID: 4502569376.168. Attributes: (
    "XC_kAXXCAttributeLabel"
)
2026-08-27 01:08:37.266 Df ReactTestApp[64575:87298d6] [com.apple.dt.xctest:Default] XCTPerformOnMainRunLoop[not MT]: about to CFRunLoopPerform
2026-08-27 01:08:37.266 Df ReactTestApp[64575:87298d6] [com.apple.dt.xctest:Default] XCTPerformOnMainRunLoop[not MT]: waiting with 30.00s responsiveness timeout
2026-08-27 01:08:37.266 Df ReactTestApp[64575:8728df6] [com.apple.dt.xctest:Default] XCTPerformOnMainRunLoop[MT]: inside CFRunLoopPerform
2026-08-27 01:08:37.266 Df ReactTestApp[64575:8728df6] [com.apple.dt.xctest:Default] XCTPerformOnMainRunLoop[MT]: MT responded in time (won the race to the busy flag)
2026-08-27 01:08:37.266 Df ReactTestApp[64575:87298d6] [com.apple.dt.xctest:Default] XCTPerformOnMainRunLoop[not MT]: waiting 60.00s for work to complete
2026-08-27 01:08:37.267 Df ReactTestApp[64575:8728df6] [com.apple.dt.xctest:Default] Fetching AX attributes XC_kAXXCAttributeLabel for AX element pid: 64575, elementOrHash.elementID: 4502569376.168
2026-08-27 01:08:37.267 Df ReactTestApp[64575:8728df6] [com.apple.dt.xctest:Default] Got attributes, transferring to dictionary for return.
2026-08-27 01:08:37.267 Df ReactTestApp[64575:8728df6] [com.apple.dt.xctest:Default] Checking 'BottomTabs Example' for privileged AX value slot attributes
2026-08-27 01:08:37.267 Df ReactTestApp[64575:87298d6] [com.apple.dt.xctest:Default] Replying with attribute values: {
    "XC_kAXXCAttributeLabel" = "BottomTabs Example";
}
2026-08-27 01:08:37.268 Df ReactTestApp[64575:87298d6] [com.apple.dt.xctest:Default] Received attributes request for element: AX element pid: 64575, elementOrHash.elementID: 4502569376.168. Attributes: (
    "XC_kAXXCAttributeValue"
)
2026-08-27 01:08:37.268 Df ReactTestApp[64575:87298d6] [com.apple.dt.xctest:Default] XCTPerformOnMainRunLoop[not MT]: about to CFRunLoopPerform
2026-08-27 01:08:37.268 Df ReactTestApp[64575:87298d6] [com.apple.dt.xctest:Default] XCTPerformOnMainRunLoop[not MT]: waiting with 30.00s responsiveness timeout
2026-08-27 01:08:37.268 Df ReactTestApp[64575:8728df6] [com.apple.dt.xctest:Default] XCTPerformOnMainRunLoop[MT]: inside CFRunLoopPerform
2026-08-27 01:08:37.268 Df ReactTestApp[64575:8728df6] [com.apple.dt.xctest:Default] XCTPerformOnMainRunLoop[MT]: MT responded in time (won the race to the busy flag)
2026-08-27 01:08:37.268 Df ReactTestApp[64575:87298d6] [com.apple.dt.xctest:Default] XCTPerformOnMainRunLoop[not MT]: waiting 60.00s for work to complete
2026-08-27 01:08:37.268 Df ReactTestApp[64575:8728df6] [com.apple.dt.xctest:Default] Fetching AX attributes XC_kAXXCAttributeValue for AX element pid: 64575, elementOrHash.elementID: 4502569376.168
2026-08-27 01:08:37.269 Df ReactTestApp[64575:8728df6] [com.apple.dt.xctest:Default] Got attributes, transferring to dictionary for return.
2026-08-27 01:08:37.269 Df ReactTestApp[64575:87298d6] [com.apple.dt.xctest:Default] Replying with attribute values: {
}
2026-08-27 01:08:37.269 Df ReactTestApp[64575:87298d6] [com.apple.dt.xctest:Default] Received attributes request for element: AX element pid: 64575, elementOrHash.elementID: 4502569376.168. Attributes: (
    "XC_kAXXCAttributePlaceholderValue"
)
2026-08-27 01:08:37.270 Df ReactTestApp[64575:87298d6] [com.apple.dt.xctest:Default] XCTPerformOnMainRunLoop[not MT]: about to CFRunLoopPerform
2026-08-27 01:08:37.270 Df ReactTestApp[64575:87298d6] [com.apple.dt.xctest:Default] XCTPerformOnMainRunLoop[not MT]: waiting with 30.00s responsiveness timeout
2026-08-27 01:08:37.270 Df ReactTestApp[64575:8728df6] [com.apple.dt.xctest:Default] XCTPerformOnMainRunLoop[MT]: inside CFRunLoopPerform
2026-08-27 01:08:37.270 Df ReactTestApp[64575:8728df6] [com.apple.dt.xctest:Default] XCTPerformOnMainRunLoop[MT]: MT responded in time (won the race to the busy flag)
2026-08-27 01:08:37.270 Df ReactTestApp[64575:87298d6] [com.apple.dt.xctest:Default] XCTPerformOnMainRunLoop[not MT]: waiting 60.00s for work to complete
2026-08-27 01:08:37.270 Df ReactTestApp[64575:8728df6] [com.apple.dt.xctest:Default] Fetching AX attributes XC_kAXXCAttributePlaceholderValue for AX element pid: 64575, elementOrHash.elementID: 4502569376.168
2026-08-27 01:08:37.270 Df ReactTestApp[64575:8728df6] [com.apple.dt.xctest:Default] Got attributes, transferring to dictionary for return.
2026-08-27 01:08:37.270 Df ReactTestApp[64575:87298d6] [com.apple.dt.xctest:Default] Replying with attribute values: {
}
2026-08-27 01:08:37.271 Df ReactTestApp[64575:87298d6] [com.apple.dt.xctest:Default] Received request to fetch matches for query: ↪︎ Descendants matching type Button
    ↪︎ Element at index 0
2026-08-27 01:08:37.271 Df ReactTestApp[64575:87298d5] [com.apple.dt.xctest:Default] Evaluating query:
 ↪︎ Descendants matching type Button
    ↪︎ Element at index 0
2026-08-27 01:08:37.271 Df ReactTestApp[64575:87298d5] [com.apple.dt.xctest:Default] Getting root element snapshot
2026-08-27 01:08:37.271 Df ReactTestApp[64575:87298d5] [com.apple.dt.xctest:Default] Getting snapshot for App element pid: 64575 for query ↪︎ Descendants matching type Button
    ↪︎ Element at index 0
2026-08-27 01:08:37.271 Df ReactTestApp[64575:87298d5] [com.apple.dt.xctest:Default] Query requires iOS snapshot attributes XC_kAXXCAttributeElementType, XC_kAXXCAttributeElementBaseType, XC_kAXXCAttributeAutomationType, XC_kAXXCAttributeTraits.
2026-08-27 01:08:37.271 Df ReactTestApp[64575:87298d5] [com.apple.dt.xctest:Default] XCTPerformOnMainRunLoop[not MT]: about to CFRunLoopPerform
2026-08-27 01:08:37.271 Df ReactTestApp[64575:87298d5] [com.apple.dt.xctest:Default] XCTPerformOnMainRunLoop[not MT]: waiting with 30.00s responsiveness timeout
2026-08-27 01:08:37.271 Df ReactTestApp[64575:8728df6] [com.apple.dt.xctest:Default] XCTPerformOnMainRunLoop[MT]: inside CFRunLoopPerform
2026-08-27 01:08:37.271 Df ReactTestApp[64575:8728df6] [com.apple.dt.xctest:Default] XCTPerformOnMainRunLoop[MT]: MT responded in time (won the race to the busy flag)
2026-08-27 01:08:37.271 Df ReactTestApp[64575:87298d5] [com.apple.dt.xctest:Default] XCTPerformOnMainRunLoop[not MT]: waiting 60.00s for work to complete
2026-08-27 01:08:37.272 Df ReactTestApp[64575:8728df6] [com.apple.dt.xctest:Default] Got main window <AXUIElementRef 0x10e359010> {pid=64575} {uid=[ID:4 hash:0x10839ce80]}
2026-08-27 01:08:37.272 Df ReactTestApp[64575:8728df6] [com.apple.dt.xctest:Default] Capturing hierarchy with attributes XC_kAXXCAttributeElementType, XC_kAXXCAttributeElementBaseType, XC_kAXXCAttributeParent, XC_kAXXCAttributeIdentifier, XC_kAXXCAttributeAutomationType, XC_kAXXCAttributeTraits
2026-08-27 01:08:37.272 Df ReactTestApp[64575:8728df6] [com.apple.dt.xctest:Default] Capturing hierarchy with parameters {
    attributes =     (
        5003,
        5004,
        5002,
        5019,
        5058,
        2004
    );
    maxArrayCount = 2147483647;
    maxChildren = 2147483647;
    maxDepth = 2147483647;
    snapshotKeyHonorModalViews = 0;
    traverseFromParentsToChildren = 1;
}
2026-08-27 01:08:37.272 Df ReactTestApp[64575:8728df6] [com.apple.dt.xctest:Default] Snapshot attributes 5003, 5004, 5002, 5019, 5058, 2004
2026-08-27 01:08:37.298 Df ReactTestApp[64575:8728df6] [com.apple.dt.xctest:Default] Got snapshot for <AXUIElementRef 0x12f52e6d0> {pid=64575} {uid=[ID:1 hash:0x0]}
2026-08-27 01:08:37.298 Df ReactTestApp[64575:8728df6] [com.apple.dt.xctest:Default] Got app orientation 0
2026-08-27 01:08:37.298 Df ReactTestApp[64575:8728df6] [com.apple.dt.xctest:Default] Captured accessibility snapshot data in 0.03s
2026-08-27 01:08:37.298 Df ReactTestApp[64575:87298d5] [com.apple.dt.xctest:Default] Found main window: Window
2026-08-27 01:08:37.298 Df ReactTestApp[64575:87298d5] [com.apple.dt.xctest:Default] Preferring automation type 48 instead of legacy element type OTHER derived from class/trait: UILabel:UILabel 8590000128
2026-08-27 01:08:37.299 Df ReactTestApp[64575:87298d5] [com.apple.dt.xctest:Default] Other is not actually a child of Other, including at this point anyway (rdar://problem/20738636)
2026-08-27 01:08:37.299 Df ReactTestApp[64575:87298d5] [com.apple.dt.xctest:Default] Other is not actually a child of Other, including at this point anyway (rdar://problem/20738636)
2026-08-27 01:08:37.299 Df ReactTestApp[64575:87298d5] [com.apple.dt.xctest:Default] Other is not actually a child of Other, including at this point anyway (rdar://problem/20738636)
2026-08-27 01:08:37.299 Df ReactTestApp[64575:87298d5] [com.apple.dt.xctest:Default] Other is not actually a child of Other, including at this point anyway (rdar://problem/20738636)
2026-08-27 01:08:37.299 Df ReactTestApp[64575:87298d5] [com.apple.dt.xctest:Default] Other is not actually a child of Other, including at this point anyway (rdar://problem/20738636)
2026-08-27 01:08:37.299 Df ReactTestApp[64575:87298d5] [com.apple.dt.xctest:Default] Preferring automation type 24 instead of legacy element type OTHER derived from class/trait: _UIFloatingBarContainerView:_UIFloatingBarContainerView 8589934592
2026-08-27 01:08:37.300 Df ReactTestApp[64575:87298d5] [com.apple.dt.xctest:Default] XCTPerformOnMainRunLoop[not MT]: about to CFRunLoopPerform
2026-08-27 01:08:37.300 Df ReactTestApp[64575:87298d5] [com.apple.dt.xctest:Default] XCTPerformOnMainRunLoop[not MT]: waiting with 30.00s responsiveness timeout
2026-08-27 01:08:37.300 Df ReactTestApp[64575:8728df6] [com.apple.dt.xctest:Default] XCTPerformOnMainRunLoop[MT]: inside CFRunLoopPerform
2026-08-27 01:08:37.300 Df ReactTestApp[64575:8728df6] [com.apple.dt.xctest:Default] XCTPerformOnMainRunLoop[MT]: MT responded in time (won the race to the busy flag)
2026-08-27 01:08:37.300 Df ReactTestApp[64575:87298d5] [com.apple.dt.xctest:Default] XCTPerformOnMainRunLoop[not MT]: waiting 60.00s for work to complete
2026-08-27 01:08:37.300 Df ReactTestApp[64575:8728df6] [com.apple.dt.xctest:Default] XCTElementQuery: set data source for rootElementSnapshot to <XCTAutomationSession: 0x123d75470>
2026-08-27 01:08:37.300 Df ReactTestApp[64575:87298d5] [com.apple.dt.xctest:Default] Finding all matches with input Application, pid: 64575 using transformers
↪︎ Descendants matching type Button
    ↪︎ Element at index 0
2026-08-27 01:08:37.300 Df ReactTestApp[64575:87298d5] [com.apple.dt.xctest:Default] [Match All] applied transformer `Descendants matching type Button` to input {(
    Application, pid: 64575
)}, found {(
    Button, identifier: 'BackButton',
    Button, Selected,
    Button,
    Button,
    Button,
    Button
)}
2026-08-27 01:08:37.300 Df ReactTestApp[64575:87298d5] [com.apple.dt.xctest:Default] [Match All] applied transformer `Element at index 0` to input {(
    Button, identifier: 'BackButton',
    Button, Selected,
    Button,
    Button,
    Button,
    Button
)}, found {(
    Button, identifier: 'BackButton'
)}
2026-08-27 01:08:37.300 Df ReactTestApp[64575:87298d5] [com.apple.dt.xctest:Default] [Match All] setting out related elements {(
)}
2026-08-27 01:08:37.304 Df ReactTestApp[64575:87298d5] [com.apple.dt.xctest:Default] Current tree:
Application, 0x110b922c0, pid: 64575 <App element pid: 64575>
  Window (Main), 0x118117740 <AX element pid: 64575, elementOrHash.elementID: 4432973440.4>
    Other, 0x118145940 <AX element pid: 64575, elementOrHash.elementID: 4448266304.68>
    Other, 0x110bb5840 <AX element pid: 64575, elementOrHash.elementID: 4431517824.5>
      Other, 0x10d117a40 <AX element pid: 64575, elementOrHash.elementID: 4437854080.6>
        Other, 0x110b97e40 <AX element pid: 64575, elementOrHash.elementID: 4437857152.7>
          Other, 0x1181796c0 <AX element pid: 64575, elementOrHash.elementID: 4448745536.8>
            Other, 0x119c0cf40 <AX element pid: 64575, elementOrHash.elementID: 4453532800.9>
              Other, 0x1181c7fc0 <AX element pid: 64575, elementOrHash.elementID: 4453589120.10>
                Other, 0x110bba940 <AX element pid: 64575, elementOrHash.elementID: 4453679232.12>
                  Other, 0x11813de40 <AX element pid: 64575, elementOrHash.elementID: 4563712640.14>
                    Navigat<…>
2026-08-27 01:08:37.304 Df ReactTestApp[64575:87298d5] [com.apple.dt.xctest:Default] Query ↪︎ Descendants matching type Button
    ↪︎ Element at index 0 found matching snapshots: {(
    Button, identifier: 'BackButton'
)} (error: (null))
2026-08-27 01:08:37.304 Df ReactTestApp[64575:87298d5] [com.apple.dt.xctest:Default] Replying to query ↪︎ Descendants matching type Button
    ↪︎ Element at index 0 with results: <XCTElementQueryResults: 0x10e3f88d0> (error: (null))
2026-08-27 01:08:37.306 Df ReactTestApp[64575:87298d5] [com.apple.dt.xctest:Default] Received attributes request for element: AX element pid: 64575, elementOrHash.elementID: 4502569376.168. Attributes: (
    "XC_kAXXCAttributeLabel"
)
2026-08-27 01:08:37.306 Df ReactTestApp[64575:87298d5] [com.apple.dt.xctest:Default] XCTPerformOnMainRunLoop[not MT]: about to CFRunLoopPerform
2026-08-27 01:08:37.306 Df ReactTestApp[64575:87298d5] [com.apple.dt.xctest:Default] XCTPerformOnMainRunLoop[not MT]: waiting with 30.00s responsiveness timeout
2026-08-27 01:08:37.306 Df ReactTestApp[64575:8728df6] [com.apple.dt.xctest:Default] XCTPerformOnMainRunLoop[MT]: inside CFRunLoopPerform
2026-08-27 01:08:37.306 Df ReactTestApp[64575:8728df6] [com.apple.dt.xctest:Default] XCTPerformOnMainRunLoop[MT]: MT responded in time (won the race to the busy flag)
2026-08-27 01:08:37.306 Df ReactTestApp[64575:87298d5] [com.apple.dt.xctest:Default] XCTPerformOnMainRunLoop[not MT]: waiting 60.00s for work to complete
2026-08-27 01:08:37.306 Df ReactTestApp[64575:8728df6] [com.apple.dt.xctest:Default] Fetching AX attributes XC_kAXXCAttributeLabel for AX element pid: 64575, elementOrHash.elementID: 4502569376.168
2026-08-27 01:08:37.306 Df ReactTestApp[64575:8728df6] [com.apple.dt.xctest:Default] Got attributes, transferring to dictionary for return.
2026-08-27 01:08:37.307 Df ReactTestApp[64575:8728df6] [com.apple.dt.xctest:Default] Checking 'BottomTabs Example' for privileged AX value slot attributes
2026-08-27 01:08:37.307 Df ReactTestApp[64575:87298d5] [com.apple.dt.xctest:Default] Replying with attribute values: {
    "XC_kAXXCAttributeLabel" = "BottomTabs Example";
}
2026-08-27 01:08:37.308 Df ReactTestApp[64575:87298d5] [com.apple.dt.xctest:Default] Received attributes request for element: AX element pid: 64575, elementOrHash.elementID: 4502569376.168. Attributes: (
    "XC_kAXXCAttributeValue"
)
2026-08-27 01:08:37.308 Df ReactTestApp[64575:87298d5] [com.apple.dt.xctest:Default] XCTPerformOnMainRunLoop[not MT]: about to CFRunLoopPerform
2026-08-27 01:08:37.308 Df ReactTestApp[64575:87298d5] [com.apple.dt.xctest:Default] XCTPerformOnMainRunLoop[not MT]: waiting with 30.00s responsiveness timeout
2026-08-27 01:08:37.308 Df ReactTestApp[64575:8728df6] [com.apple.dt.xctest:Default] XCTPerformOnMainRunLoop[MT]: inside CFRunLoopPerform
2026-08-27 01:08:37.308 Df ReactTestApp[64575:8728df6] [com.apple.dt.xctest:Default] XCTPerformOnMainRunLoop[MT]: MT responded in time (won the race to the busy flag)
2026-08-27 01:08:37.308 Df ReactTestApp[64575:8728df6] [com.apple.dt.xctest:Default] Fetching AX attributes XC_kAXXCAttributeValue for AX element pid: 64575, elementOrHash.elementID: 4502569376.168
2026-08-27 01:08:37.308 Df ReactTestApp[64575:87298d5] [com.apple.dt.xctest:Default] XCTPerformOnMainRunLoop[not MT]: waiting 60.00s for work to complete
2026-08-27 01:08:37.308 Df ReactTestApp[64575:8728df6] [com.apple.dt.xctest:Default] Got attributes, transferring to dictionary for return.
2026-08-27 01:08:37.308 Df ReactTestApp[64575:87298d5] [com.apple.dt.xctest:Default] Replying with attribute values: {
}
2026-08-27 01:08:37.308 Df ReactTestApp[64575:87298d5] [com.apple.dt.xctest:Default] Received attributes request for element: AX element pid: 64575, elementOrHash.elementID: 4502569376.168. Attributes: (
    "XC_kAXXCAttributePlaceholderValue"
)
2026-08-27 01:08:37.308 Df ReactTestApp[64575:87298d5] [com.apple.dt.xctest:Default] XCTPerformOnMainRunLoop[not MT]: about to CFRunLoopPerform
2026-08-27 01:08:37.308 Df ReactTestApp[64575:87298d5] [com.apple.dt.xctest:Default] XCTPerformOnMainRunLoop[not MT]: waiting with 30.00s responsiveness timeout
2026-08-27 01:08:37.308 Df ReactTestApp[64575:8728df6] [com.apple.dt.xctest:Default] XCTPerformOnMainRunLoop[MT]: inside CFRunLoopPerform
2026-08-27 01:08:37.308 Df ReactTestApp[64575:8728df6] [com.apple.dt.xctest:Default] XCTPerformOnMainRunLoop[MT]: MT responded in time (won the race to the busy flag)
2026-08-27 01:08:37.308 Df ReactTestApp[64575:87298d5] [com.apple.dt.xctest:Default] XCTPerformOnMainRunLoop[not MT]: waiting 60.00s for work to complete
2026-08-27 01:08:37.308 Df ReactTestApp[64575:8728df6] [com.apple.dt.xctest:Default] Fetching AX attributes XC_kAXXCAttributePlaceholderValue for AX element pid: 64575, elementOrHash.elementID: 4502569376.168
2026-08-27 01:08:37.309 Df ReactTestApp[64575:8728df6] [com.apple.dt.xctest:Default] Got attributes, transferring to dictionary for return.
2026-08-27 01:08:37.309 Df ReactTestApp[64575:87298d5] [com.apple.dt.xctest:Default] Replying with attribute values: {
}
2026-08-27 01:08:37.310 Df ReactTestApp[64575:87298d5] [com.apple.dt.xctest:Default] Received request to fetch matches for query: ↪︎ Descendants matching type Button
    ↪︎ Element at index 0
2026-08-27 01:08:37.310 Df ReactTestApp[64575:87298d5] [com.apple.dt.xctest:Default] Evaluating query:
 ↪︎ Descendants matching type Button
    ↪︎ Element at index 0
2026-08-27 01:08:37.310 Df ReactTestApp[64575:87298d5] [com.apple.dt.xctest:Default] Getting root element snapshot
2026-08-27 01:08:37.310 Df ReactTestApp[64575:87298d5] [com.apple.dt.xctest:Default] Getting snapshot for App element pid: 64575 for query ↪︎ Descendants matching type Button
    ↪︎ Element at index 0
2026-08-27 01:08:37.310 Df ReactTestApp[64575:87298d5] [com.apple.dt.xctest:Default] Query requires iOS snapshot attributes XC_kAXXCAttributeElementType, XC_kAXXCAttributeElementBaseType, XC_kAXXCAttributeAutomationType, XC_kAXXCAttributeTraits.
2026-08-27 01:08:37.310 Df ReactTestApp[64575:87298d5] [com.apple.dt.xctest:Default] XCTPerformOnMainRunLoop[not MT]: about to CFRunLoopPerform
2026-08-27 01:08:37.310 Df ReactTestApp[64575:87298d5] [com.apple.dt.xctest:Default] XCTPerformOnMainRunLoop[not MT]: waiting with 30.00s responsiveness timeout
2026-08-27 01:08:37.310 Df ReactTestApp[64575:8728df6] [com.apple.dt.xctest:Default] XCTPerformOnMainRunLoop[MT]: inside CFRunLoopPerform
2026-08-27 01:08:37.310 Df ReactTestApp[64575:8728df6] [com.apple.dt.xctest:Default] XCTPerformOnMainRunLoop[MT]: MT responded in time (won the race to the busy flag)
2026-08-27 01:08:37.310 Df ReactTestApp[64575:87298d5] [com.apple.dt.xctest:Default] XCTPerformOnMainRunLoop[not MT]: waiting 60.00s for work to complete
2026-08-27 01:08:37.310 Df ReactTestApp[64575:8728df6] [com.apple.dt.xctest:Default] Got main window <AXUIElementRef 0x12f529e50> {pid=64575} {uid=[ID:4 hash:0x10839ce80]}
2026-08-27 01:08:37.310 Df ReactTestApp[64575:8728df6] [com.apple.dt.xctest:Default] Capturing hierarchy with attributes XC_kAXXCAttributeElementType, XC_kAXXCAttributeElementBaseType, XC_kAXXCAttributeParent, XC_kAXXCAttributeIdentifier, XC_kAXXCAttributeAutomationType, XC_kAXXCAttributeTraits
2026-08-27 01:08:37.311 Df ReactTestApp[64575:8728df6] [com.apple.dt.xctest:Default] Capturing hierarchy with parameters {
    attributes =     (
        5003,
        5004,
        5002,
        5019,
        5058,
        2004
    );
    maxArrayCount = 2147483647;
    maxChildren = 2147483647;
    maxDepth = 2147483647;
    snapshotKeyHonorModalViews = 0;
    traverseFromParentsToChildren = 1;
}
2026-08-27 01:08:37.311 Df ReactTestApp[64575:8728df6] [com.apple.dt.xctest:Default] Snapshot attributes 5003, 5004, 5002, 5019, 5058, 2004
2026-08-27 01:08:37.338 Df ReactTestApp[64575:8728df6] [com.apple.dt.xctest:Default] Got snapshot for <AXUIElementRef 0x10c3d5b90> {pid=64575} {uid=[ID:1 hash:0x0]}
2026-08-27 01:08:37.338 Df ReactTestApp[64575:8728df6] [com.apple.dt.xctest:Default] Got app orientation 0
2026-08-27 01:08:37.338 Df ReactTestApp[64575:8728df6] [com.apple.dt.xctest:Default] Captured accessibility snapshot data in 0.03s
2026-08-27 01:08:37.338 Df ReactTestApp[64575:87298d5] [com.apple.dt.xctest:Default] Found main window: Window
2026-08-27 01:08:37.339 Df ReactTestApp[64575:87298d5] [com.apple.dt.xctest:Default] Preferring automation type 48 instead of legacy element type OTHER derived from class/trait: UILabel:UILabel 8590000128
2026-08-27 01:08:37.339 Df ReactTestApp[64575:87298d5] [com.apple.dt.xctest:Default] Other is not actually a child of Other, including at this point anyway (rdar://problem/20738636)
2026-08-27 01:08:37.339 Df ReactTestApp[64575:87298d5] [com.apple.dt.xctest:Default] Other is not actually a child of Other, including at this point anyway (rdar://problem/20738636)
2026-08-27 01:08:37.339 Df ReactTestApp[64575:87298d5] [com.apple.dt.xctest:Default] Other is not actually a child of Other, including at this point anyway (rdar://problem/20738636)
2026-08-27 01:08:37.339 Df ReactTestApp[64575:87298d5] [com.apple.dt.xctest:Default] Other is not actually a child of Other, including at this point anyway (rdar://problem/20738636)
2026-08-27 01:08:37.339 Df ReactTestApp[64575:87298d5] [com.apple.dt.xctest:Default] Other is not actually a child of Other, including at this point anyway (rdar://problem/20738636)
2026-08-27 01:08:37.339 Df ReactTestApp[64575:87298d5] [com.apple.dt.xctest:Default] Preferring automation type 24 instead of legacy element type OTHER derived from class/trait: _UIFloatingBarContainerView:_UIFloatingBarContainerView 8589934592
2026-08-27 01:08:37.340 Df ReactTestApp[64575:87298d5] [com.apple.dt.xctest:Default] XCTPerformOnMainRunLoop[not MT]: about to CFRunLoopPerform
2026-08-27 01:08:37.340 Df ReactTestApp[64575:87298d5] [com.apple.dt.xctest:Default] XCTPerformOnMainRunLoop[not MT]: waiting with 30.00s responsiveness timeout
2026-08-27 01:08:37.340 Df ReactTestApp[64575:8728df6] [com.apple.dt.xctest:Default] XCTPerformOnMainRunLoop[MT]: inside CFRunLoopPerform
2026-08-27 01:08:37.340 Df ReactTestApp[64575:8728df6] [com.apple.dt.xctest:Default] XCTPerformOnMainRunLoop[MT]: MT responded in time (won the race to the busy flag)
2026-08-27 01:08:37.340 Df ReactTestApp[64575:87298d5] [com.apple.dt.xctest:Default] XCTPerformOnMainRunLoop[not MT]: waiting 60.00s for work to complete
2026-08-27 01:08:37.340 Df ReactTestApp[64575:8728df6] [com.apple.dt.xctest:Default] XCTElementQuery: set data source for rootElementSnapshot to <XCTAutomationSession: 0x123d75470>
2026-08-27 01:08:37.340 Df ReactTestApp[64575:87298d5] [com.apple.dt.xctest:Default] Finding all matches with input Application, pid: 64575 using transformers
↪︎ Descendants matching type Button
    ↪︎ Element at index 0
2026-08-27 01:08:37.340 Df ReactTestApp[64575:87298d5] [com.apple.dt.xctest:Default] [Match All] applied transformer `Descendants matching type Button` to input {(
    Application, pid: 64575
)}, found {(
    Button, identifier: 'BackButton',
    Button, Selected,
    Button,
    Button,
    Button,
    Button
)}
2026-08-27 01:08:37.340 Df ReactTestApp[64575:87298d5] [com.apple.dt.xctest:Default] [Match All] applied transformer `Element at index 0` to input {(
    Button, identifier: 'BackButton',
    Button, Selected,
    Button,
    Button,
    Button,
    Button
)}, found {(
    Button, identifier: 'BackButton'
)}
2026-08-27 01:08:37.340 Df ReactTestApp[64575:87298d5] [com.apple.dt.xctest:Default] [Match All] setting out related elements {(
)}
2026-08-27 01:08:37.344 Df ReactTestApp[64575:87298d5] [com.apple.dt.xctest:Default] Current tree:
Application, 0x110b92ec0, pid: 64575 <App element pid: 64575>
  Window (Main), 0x1181b7040 <AX element pid: 64575, elementOrHash.elementID: 4432973440.4>
    Other, 0x119c02440 <AX element pid: 64575, elementOrHash.elementID: 4448266304.68>
    Other, 0x1181cba40 <AX element pid: 64575, elementOrHash.elementID: 4431517824.5>
      Other, 0x108d601c0 <AX element pid: 64575, elementOrHash.elementID: 4437854080.6>
        Other, 0x110bfd9c0 <AX element pid: 64575, elementOrHash.elementID: 4437857152.7>
          Other, 0x1181469c0 <AX element pid: 64575, elementOrHash.elementID: 4448745536.8>
            Other, 0x119c08a40 <AX element pid: 64575, elementOrHash.elementID: 4453532800.9>
              Other, 0x119c03640 <AX element pid: 64575, elementOrHash.elementID: 4453589120.10>
                Other, 0x10d11bdc0 <AX element pid: 64575, elementOrHash.elementID: 4453679232.12>
                  Other, 0x119c89ec0 <AX element pid: 64575, elementOrHash.elementID: 4563712640.14>
                    Navigat<…>
2026-08-27 01:08:37.344 Df ReactTestApp[64575:87298d5] [com.apple.dt.xctest:Default] Query ↪︎ Descendants matching type Button
    ↪︎ Element at index 0 found matching snapshots: {(
    Button, identifier: 'BackButton'
)} (error: (null))
2026-08-27 01:08:37.344 Df ReactTestApp[64575:87298d5] [com.apple.dt.xctest:Default] Replying to query ↪︎ Descendants matching type Button
    ↪︎ Element at index 0 with results: <XCTElementQueryResults: 0x121da3210> (error: (null))
2026-08-27 01:08:37.346 Df ReactTestApp[64575:87298d5] [com.apple.dt.xctest:Default] Received attributes request for element: AX element pid: 64575, elementOrHash.elementID: 4502569376.168. Attributes: (
    "XC_kAXXCAttributeLabel"
)
2026-08-27 01:08:37.346 Df ReactTestApp[64575:87298d5] [com.apple.dt.xctest:Default] XCTPerformOnMainRunLoop[not MT]: about to CFRunLoopPerform
2026-08-27 01:08:37.346 Df ReactTestApp[64575:87298d5] [com.apple.dt.xctest:Default] XCTPerformOnMainRunLoop[not MT]: waiting with 30.00s responsiveness timeout
2026-08-27 01:08:37.346 Df ReactTestApp[64575:8728df6] [com.apple.dt.xctest:Default] XCTPerformOnMainRunLoop[MT]: inside CFRunLoopPerform
2026-08-27 01:08:37.346 Df ReactTestApp[64575:8728df6] [com.apple.dt.xctest:Default] XCTPerformOnMainRunLoop[MT]: MT responded in time (won the race to the busy flag)
2026-08-27 01:08:37.346 Df ReactTestApp[64575:87298d5] [com.apple.dt.xctest:Default] XCTPerformOnMainRunLoop[not MT]: waiting 60.00s for work to complete
2026-08-27 01:08:37.346 Df ReactTestApp[64575:8728df6] [com.apple.dt.xctest:Default] Fetching AX attributes XC_kAXXCAttributeLabel for AX element pid: 64575, elementOrHash.elementID: 4502569376.168
2026-08-27 01:08:37.346 Df ReactTestApp[64575:8728df6] [com.apple.dt.xctest:Default] Got attributes, transferring to dictionary for return.
2026-08-27 01:08:37.346 Df ReactTestApp[64575:8728df6] [com.apple.dt.xctest:Default] Checking 'BottomTabs Example' for privileged AX value slot attributes
2026-08-27 01:08:37.346 Df ReactTestApp[64575:87298d5] [com.apple.dt.xctest:Default] Replying with attribute values: {
    "XC_kAXXCAttributeLabel" = "BottomTabs Example";
}
2026-08-27 01:08:37.347 Df ReactTestApp[64575:87298d5] [com.apple.dt.xctest:Default] Received attributes request for element: AX element pid: 64575, elementOrHash.elementID: 4502569376.168. Attributes: (
    "XC_kAXXCAttributeValue"
)
2026-08-27 01:08:37.347 Df ReactTestApp[64575:87298d5] [com.apple.dt.xctest:Default] XCTPerformOnMainRunLoop[not MT]: about to CFRunLoopPerform
2026-08-27 01:08:37.347 Df ReactTestApp[64575:87298d5] [com.apple.dt.xctest:Default] XCTPerformOnMainRunLoop[not MT]: waiting with 30.00s responsiveness timeout
2026-08-27 01:08:37.347 Df ReactTestApp[64575:8728df6] [com.apple.dt.xctest:Default] XCTPerformOnMainRunLoop[MT]: inside CFRunLoopPerform
2026-08-27 01:08:37.347 Df ReactTestApp[64575:8728df6] [com.apple.dt.xctest:Default] XCTPerformOnMainRunLoop[MT]: MT responded in time (won the race to the busy flag)
2026-08-27 01:08:37.347 Df ReactTestApp[64575:8728df6] [com.apple.dt.xctest:Default] Fetching AX attributes XC_kAXXCAttributeValue for AX element pid: 64575, elementOrHash.elementID: 4502569376.168
2026-08-27 01:08:37.347 Df ReactTestApp[64575:87298d5] [com.apple.dt.xctest:Default] XCTPerformOnMainRunLoop[not MT]: waiting 60.00s for work to complete
2026-08-27 01:08:37.347 Df ReactTestApp[64575:8728df6] [com.apple.dt.xctest:Default] Got attributes, transferring to dictionary for return.
2026-08-27 01:08:37.347 Df ReactTestApp[64575:87298d5] [com.apple.dt.xctest:Default] Replying with attribute values: {
}
2026-08-27 01:08:37.348 Df ReactTestApp[64575:87298d5] [com.apple.dt.xctest:Default] Received attributes request for element: AX element pid: 64575, elementOrHash.elementID: 4502569376.168. Attributes: (
    "XC_kAXXCAttributePlaceholderValue"
)
2026-08-27 01:08:37.348 Df ReactTestApp[64575:87298d6] [com.apple.dt.xctest:Default] XCTPerformOnMainRunLoop[not MT]: about to CFRunLoopPerform
2026-08-27 01:08:37.348 Df ReactTestApp[64575:87298d6] [com.apple.dt.xctest:Default] XCTPerformOnMainRunLoop[not MT]: waiting with 30.00s responsiveness timeout
2026-08-27 01:08:37.348 Df ReactTestApp[64575:8728df6] [com.apple.dt.xctest:Default] XCTPerformOnMainRunLoop[MT]: inside CFRunLoopPerform
2026-08-27 01:08:37.348 Df ReactTestApp[64575:8728df6] [com.apple.dt.xctest:Default] XCTPerformOnMainRunLoop[MT]: MT responded in time (won the race to the busy flag)
2026-08-27 01:08:37.348 Df ReactTestApp[64575:87298d6] [com.apple.dt.xctest:Default] XCTPerformOnMainRunLoop[not MT]: waiting 60.00s for work to complete
2026-08-27 01:08:37.348 Df ReactTestApp[64575:8728df6] [com.apple.dt.xctest:Default] Fetching AX attributes XC_kAXXCAttributePlaceholderValue for AX element pid: 64575, elementOrHash.elementID: 4502569376.168
2026-08-27 01:08:37.348 Df ReactTestApp[64575:8728df6] [com.apple.dt.xctest:Default] Got attributes, transferring to dictionary for return.
2026-08-27 01:08:37.348 Df ReactTestApp[64575:87298d6] [com.apple.dt.xctest:Default] Replying with attribute values: {
}
2026-08-27 01:08:37.349 Df ReactTestApp[64575:87298d6] [com.apple.dt.xctest:Default] Received request to fetch matches for query: ↪︎ Descendants matching type Button
    ↪︎ Element at index 0
2026-08-27 01:08:37.349 Df ReactTestApp[64575:87298d6] [com.apple.dt.xctest:Default] Evaluating query:
 ↪︎ Descendants matching type Button
    ↪︎ Element at index 0
2026-08-27 01:08:37.349 Df ReactTestApp[64575:87298d6] [com.apple.dt.xctest:Default] Getting root element snapshot
2026-08-27 01:08:37.350 Df ReactTestApp[64575:87298d6] [com.apple.dt.xctest:Default] Getting snapshot for App element pid: 64575 for query ↪︎ Descendants matching type Button
    ↪︎ Element at index 0
2026-08-27 01:08:37.350 Df ReactTestApp[64575:87298d6] [com.apple.dt.xctest:Default] Query requires iOS snapshot attributes XC_kAXXCAttributeElementType, XC_kAXXCAttributeElementBaseType, XC_kAXXCAttributeAutomationType, XC_kAXXCAttributeTraits.
2026-08-27 01:08:37.350 Df ReactTestApp[64575:87298d6] [com.apple.dt.xctest:Default] XCTPerformOnMainRunLoop[not MT]: about to CFRunLoopPerform
2026-08-27 01:08:37.350 Df ReactTestApp[64575:87298d6] [com.apple.dt.xctest:Default] XCTPerformOnMainRunLoop[not MT]: waiting with 30.00s responsiveness timeout
2026-08-27 01:08:37.350 Df ReactTestApp[64575:8728df6] [com.apple.dt.xctest:Default] XCTPerformOnMainRunLoop[MT]: inside CFRunLoopPerform
2026-08-27 01:08:37.350 Df ReactTestApp[64575:8728df6] [com.apple.dt.xctest:Default] XCTPerformOnMainRunLoop[MT]: MT responded in time (won the race to the busy flag)
2026-08-27 01:08:37.350 Df ReactTestApp[64575:87298d6] [com.apple.dt.xctest:Default] XCTPerformOnMainRunLoop[not MT]: waiting 60.00s for work to complete
2026-08-27 01:08:37.350 Df ReactTestApp[64575:8728df6] [com.apple.dt.xctest:Default] Got main window <AXUIElementRef 0x10e3bf6d0> {pid=64575} {uid=[ID:4 hash:0x10839ce80]}
2026-08-27 01:08:37.350 Df ReactTestApp[64575:8728df6] [com.apple.dt.xctest:Default] Capturing hierarchy with attributes XC_kAXXCAttributeElementType, XC_kAXXCAttributeElementBaseType, XC_kAXXCAttributeParent, XC_kAXXCAttributeIdentifier, XC_kAXXCAttributeAutomationType, XC_kAXXCAttributeTraits
2026-08-27 01:08:37.350 Df ReactTestApp[64575:8728df6] [com.apple.dt.xctest:Default] Capturing hierarchy with parameters {
    attributes =     (
        5003,
        5004,
        5002,
        5019,
        5058,
        2004
    );
    maxArrayCount = 2147483647;
    maxChildren = 2147483647;
    maxDepth = 2147483647;
    snapshotKeyHonorModalViews = 0;
    traverseFromParentsToChildren = 1;
}
2026-08-27 01:08:37.350 Df ReactTestApp[64575:8728df6] [com.apple.dt.xctest:Default] Snapshot attributes 5003, 5004, 5002, 5019, 5058, 2004
2026-08-27 01:08:37.377 Df ReactTestApp[64575:8728df6] [com.apple.dt.xctest:Default] Got snapshot for <AXUIElementRef 0x128b19610> {pid=64575} {uid=[ID:1 hash:0x0]}
2026-08-27 01:08:37.377 Df ReactTestApp[64575:8728df6] [com.apple.dt.xctest:Default] Got app orientation 0
2026-08-27 01:08:37.377 Df ReactTestApp[64575:8728df6] [com.apple.dt.xctest:Default] Captured accessibility snapshot data in 0.03s
2026-08-27 01:08:37.377 Df ReactTestApp[64575:87298d6] [com.apple.dt.xctest:Default] Found main window: Window
2026-08-27 01:08:37.377 Df ReactTestApp[64575:87298d6] [com.apple.dt.xctest:Default] Preferring automation type 48 instead of legacy element type OTHER derived from class/trait: UILabel:UILabel 8590000128
2026-08-27 01:08:37.378 Df ReactTestApp[64575:87298d6] [com.apple.dt.xctest:Default] Other is not actually a child of Other, including at this point anyway (rdar://problem/20738636)
2026-08-27 01:08:37.378 Df ReactTestApp[64575:87298d6] [com.apple.dt.xctest:Default] Other is not actually a child of Other, including at this point anyway (rdar://problem/20738636)
2026-08-27 01:08:37.378 Df ReactTestApp[64575:87298d6] [com.apple.dt.xctest:Default] Other is not actually a child of Other, including at this point anyway (rdar://problem/20738636)
2026-08-27 01:08:37.378 Df ReactTestApp[64575:87298d6] [com.apple.dt.xctest:Default] Other is not actually a child of Other, including at this point anyway (rdar://problem/20738636)
2026-08-27 01:08:37.378 Df ReactTestApp[64575:87298d6] [com.apple.dt.xctest:Default] Other is not actually a child of Other, including at this point anyway (rdar://problem/20738636)
2026-08-27 01:08:37.378 Df ReactTestApp[64575:87298d6] [com.apple.dt.xctest:Default] Preferring automation type 24 instead of legacy element type OTHER derived from class/trait: _UIFloatingBarContainerView:_UIFloatingBarContainerView 8589934592
2026-08-27 01:08:37.379 Df ReactTestApp[64575:87298d6] [com.apple.dt.xctest:Default] XCTPerformOnMainRunLoop[not MT]: about to CFRunLoopPerform
2026-08-27 01:08:37.379 Df ReactTestApp[64575:87298d6] [com.apple.dt.xctest:Default] XCTPerformOnMainRunLoop[not MT]: waiting with 30.00s responsiveness timeout
2026-08-27 01:08:37.379 Df ReactTestApp[64575:8728df6] [com.apple.dt.xctest:Default] XCTPerformOnMainRunLoop[MT]: inside CFRunLoopPerform
2026-08-27 01:08:37.379 Df ReactTestApp[64575:8728df6] [com.apple.dt.xctest:Default] XCTPerformOnMainRunLoop[MT]: MT responded in time (won the race to the busy flag)
2026-08-27 01:08:37.379 Df ReactTestApp[64575:87298d6] [com.apple.dt.xctest:Default] XCTPerformOnMainRunLoop[not MT]: waiting 60.00s for work to complete
2026-08-27 01:08:37.379 Df ReactTestApp[64575:8728df6] [com.apple.dt.xctest:Default] XCTElementQuery: set data source for rootElementSnapshot to <XCTAutomationSession: 0x123d75470>
2026-08-27 01:08:37.379 Df ReactTestApp[64575:87298d6] [com.apple.dt.xctest:Default] Finding all matches with input Application, pid: 64575 using transformers
↪︎ Descendants matching type Button
    ↪︎ Element at index 0
2026-08-27 01:08:37.379 Df ReactTestApp[64575:87298d6] [com.apple.dt.xctest:Default] [Match All] applied transformer `Descendants matching type Button` to input {(
    Application, pid: 64575
)}, found {(
    Button, identifier: 'BackButton',
    Button, Selected,
    Button,
    Button,
    Button,
    Button
)}
2026-08-27 01:08:37.379 Df ReactTestApp[64575:87298d6] [com.apple.dt.xctest:Default] [Match All] applied transformer `Element at index 0` to input {(
    Button, identifier: 'BackButton',
    Button, Selected,
    Button,
    Button,
    Button,
    Button
)}, found {(
    Button, identifier: 'BackButton'
)}
2026-08-27 01:08:37.379 Df ReactTestApp[64575:87298d6] [com.apple.dt.xctest:Default] [Match All] setting out related elements {(
)}
2026-08-27 01:08:37.383 Df ReactTestApp[64575:87298d6] [com.apple.dt.xctest:Default] Current tree:
Application, 0x1181817c0, pid: 64575 <App element pid: 64575>
  Window (Main), 0x11815f2c0 <AX element pid: 64575, elementOrHash.elementID: 4432973440.4>
    Other, 0x119c09c40 <AX element pid: 64575, elementOrHash.elementID: 4448266304.68>
    Other, 0x11816dfc0 <AX element pid: 64575, elementOrHash.elementID: 4431517824.5>
      Other, 0x119c508c0 <AX element pid: 64575, elementOrHash.elementID: 4437854080.6>
        Other, 0x119c04540 <AX element pid: 64575, elementOrHash.elementID: 4437857152.7>
          Other, 0x1181655c0 <AX element pid: 64575, elementOrHash.elementID: 4448745536.8>
            Other, 0x11815efc0 <AX element pid: 64575, elementOrHash.elementID: 4453532800.9>
              Other, 0x1181bd340 <AX element pid: 64575, elementOrHash.elementID: 4453589120.10>
                Other, 0x118165440 <AX element pid: 64575, elementOrHash.elementID: 4453679232.12>
                  Other, 0x119c421c0 <AX element pid: 64575, elementOrHash.elementID: 4563712640.14>
                    Navigat<…>
2026-08-27 01:08:37.383 Df ReactTestApp[64575:87298d6] [com.apple.dt.xctest:Default] Query ↪︎ Descendants matching type Button
    ↪︎ Element at index 0 found matching snapshots: {(
    Button, identifier: 'BackButton'
)} (error: (null))
2026-08-27 01:08:37.383 Df ReactTestApp[64575:87298d6] [com.apple.dt.xctest:Default] Replying to query ↪︎ Descendants matching type Button
    ↪︎ Element at index 0 with results: <XCTElementQueryResults: 0x128b23250> (error: (null))
2026-08-27 01:08:37.385 Df ReactTestApp[64575:87298d6] [com.apple.dt.xctest:Default] Received attributes request for element: AX element pid: 64575, elementOrHash.elementID: 4502569376.168. Attributes: (
    "XC_kAXXCAttributeValue"
)
2026-08-27 01:08:37.385 Df ReactTestApp[64575:87298d5] [com.apple.dt.xctest:Default] XCTPerformOnMainRunLoop[not MT]: about to CFRunLoopPerform
2026-08-27 01:08:37.385 Df ReactTestApp[64575:87298d5] [com.apple.dt.xctest:Default] XCTPerformOnMainRunLoop[not MT]: waiting with 30.00s responsiveness timeout
2026-08-27 01:08:37.385 Df ReactTestApp[64575:8728df6] [com.apple.dt.xctest:Default] XCTPerformOnMainRunLoop[MT]: inside CFRunLoopPerform
2026-08-27 01:08:37.385 Df ReactTestApp[64575:8728df6] [com.apple.dt.xctest:Default] XCTPerformOnMainRunLoop[MT]: MT responded in time (won the race to the busy flag)
2026-08-27 01:08:37.385 Df ReactTestApp[64575:87298d5] [com.apple.dt.xctest:Default] XCTPerformOnMainRunLoop[not MT]: waiting 60.00s for work to complete
2026-08-27 01:08:37.385 Df ReactTestApp[64575:8728df6] [com.apple.dt.xctest:Default] Fetching AX attributes XC_kAXXCAttributeValue for AX element pid: 64575, elementOrHash.elementID: 4502569376.168
2026-08-27 01:08:37.385 Df ReactTestApp[64575:8728df6] [com.apple.dt.xctest:Default] Got attributes, transferring to dictionary for return.
2026-08-27 01:08:37.385 Df ReactTestApp[64575:87298d5] [com.apple.dt.xctest:Default] Replying with attribute values: {
}
2026-08-27 01:08:37.386 Df ReactTestApp[64575:87298d5] [com.apple.dt.xctest:Default] Received attributes request for element: AX element pid: 64575, elementOrHash.elementID: 4502569376.168. Attributes: (
    "XC_kAXXCAttributeLabel"
)
2026-08-27 01:08:37.386 Df ReactTestApp[64575:87298d5] [com.apple.dt.xctest:Default] XCTPerformOnMainRunLoop[not MT]: about to CFRunLoopPerform
2026-08-27 01:08:37.386 Df ReactTestApp[64575:87298d5] [com.apple.dt.xctest:Default] XCTPerformOnMainRunLoop[not MT]: waiting with 30.00s responsiveness timeout
2026-08-27 01:08:37.386 Df ReactTestApp[64575:8728df6] [com.apple.dt.xctest:Default] XCTPerformOnMainRunLoop[MT]: inside CFRunLoopPerform
2026-08-27 01:08:37.386 Df ReactTestApp[64575:8728df6] [com.apple.dt.xctest:Default] XCTPerformOnMainRunLoop[MT]: MT responded in time (won the race to the busy flag)
2026-08-27 01:08:37.386 Df ReactTestApp[64575:8728df6] [com.apple.dt.xctest:Default] Fetching AX attributes XC_kAXXCAttributeLabel for AX element pid: 64575, elementOrHash.elementID: 4502569376.168
2026-08-27 01:08:37.386 Df ReactTestApp[64575:87298d5] [com.apple.dt.xctest:Default] XCTPerformOnMainRunLoop[not MT]: waiting 60.00s for work to complete
2026-08-27 01:08:37.386 Df ReactTestApp[64575:8728df6] [com.apple.dt.xctest:Default] Got attributes, transferring to dictionary for return.
2026-08-27 01:08:37.386 Df ReactTestApp[64575:8728df6] [com.apple.dt.xctest:Default] Checking 'BottomTabs Example' for privileged AX value slot attributes
2026-08-27 01:08:37.386 Df ReactTestApp[64575:87298d5] [com.apple.dt.xctest:Default] Replying with attribute values: {
    "XC_kAXXCAttributeLabel" = "BottomTabs Example";
}
2026-08-27 01:08:37.387 Df ReactTestApp[64575:87298d5] [com.apple.dt.xctest:Default] Received attributes request for element: AX element pid: 64575, elementOrHash.elementID: 4502569376.168. Attributes: (
    "XC_kAXXCAttributePlaceholderValue"
)
2026-08-27 01:08:37.387 Df ReactTestApp[64575:87298d6] [com.apple.dt.xctest:Default] XCTPerformOnMainRunLoop[not MT]: about to CFRunLoopPerform
2026-08-27 01:08:37.387 Df ReactTestApp[64575:87298d6] [com.apple.dt.xctest:Default] XCTPerformOnMainRunLoop[not MT]: waiting with 30.00s responsiveness timeout
2026-08-27 01:08:37.387 Df ReactTestApp[64575:8728df6] [com.apple.dt.xctest:Default] XCTPerformOnMainRunLoop[MT]: inside CFRunLoopPerform
2026-08-27 01:08:37.387 Df ReactTestApp[64575:8728df6] [com.apple.dt.xctest:Default] XCTPerformOnMainRunLoop[MT]: MT responded in time (won the race to the busy flag)
2026-08-27 01:08:37.387 Df ReactTestApp[64575:87298d6] [com.apple.dt.xctest:Default] XCTPerformOnMainRunLoop[not MT]: waiting 60.00s for work to complete
2026-08-27 01:08:37.387 Df ReactTestApp[64575:8728df6] [com.apple.dt.xctest:Default] Fetching AX attributes XC_kAXXCAttributePlaceholderValue for AX element pid: 64575, elementOrHash.elementID: 4502569376.168
2026-08-27 01:08:37.388 Df ReactTestApp[64575:8728df6] [com.apple.dt.xctest:Default] Got attributes, transferring to dictionary for return.
2026-08-27 01:08:37.388 Df ReactTestApp[64575:87298d6] [com.apple.dt.xctest:Default] Replying with attribute values: {
}
2026-08-27 01:08:37.390 Df ReactTestApp[64575:87298d6] [com.apple.dt.xctest:Default] Received request to fetch matches for query: ↪︎ Descendants matching type Button
    ↪︎ Element at index 0
2026-08-27 01:08:37.390 Df ReactTestApp[64575:87298d5] [com.apple.dt.xctest:Default] Evaluating query:
 ↪︎ Descendants matching type Button
    ↪︎ Element at index 0
2026-08-27 01:08:37.390 Df ReactTestApp[64575:87298d5] [com.apple.dt.xctest:Default] Getting root element snapshot
2026-08-27 01:08:37.390 Df ReactTestApp[64575:87298d5] [com.apple.dt.xctest:Default] Getting snapshot for App element pid: 64575 for query ↪︎ Descendants matching type Button
    ↪︎ Element at index 0
2026-08-27 01:08:37.390 Df ReactTestApp[64575:87298d5] [com.apple.dt.xctest:Default] Query requires iOS snapshot attributes XC_kAXXCAttributeElementType, XC_kAXXCAttributeElementBaseType, XC_kAXXCAttributeAutomationType, XC_kAXXCAttributeTraits.
2026-08-27 01:08:37.390 Df ReactTestApp[64575:87298d5] [com.apple.dt.xctest:Default] XCTPerformOnMainRunLoop[not MT]: about to CFRunLoopPerform
2026-08-27 01:08:37.390 Df ReactTestApp[64575:87298d5] [com.apple.dt.xctest:Default] XCTPerformOnMainRunLoop[not MT]: waiting with 30.00s responsiveness timeout
2026-08-27 01:08:37.390 Df ReactTestApp[64575:8728df6] [com.apple.dt.xctest:Default] XCTPerformOnMainRunLoop[MT]: inside CFRunLoopPerform
2026-08-27 01:08:37.390 Df ReactTestApp[64575:8728df6] [com.apple.dt.xctest:Default] XCTPerformOnMainRunLoop[MT]: MT responded in time (won the race to the busy flag)
2026-08-27 01:08:37.390 Df ReactTestApp[64575:87298d5] [com.apple.dt.xctest:Default] XCTPerformOnMainRunLoop[not MT]: waiting 60.00s for work to complete
2026-08-27 01:08:37.390 Df ReactTestApp[64575:8728df6] [com.apple.dt.xctest:Default] Got main window <AXUIElementRef 0x128bf6b90> {pid=64575} {uid=[ID:4 hash:0x10839ce80]}
2026-08-27 01:08:37.390 Df ReactTestApp[64575:8728df6] [com.apple.dt.xctest:Default] Capturing hierarchy with attributes XC_kAXXCAttributeElementType, XC_kAXXCAttributeElementBaseType, XC_kAXXCAttributeParent, XC_kAXXCAttributeIdentifier, XC_kAXXCAttributeAutomationType, XC_kAXXCAttributeTraits
2026-08-27 01:08:37.390 Df ReactTestApp[64575:8728df6] [com.apple.dt.xctest:Default] Capturing hierarchy with parameters {
    attributes =     (
        5003,
        5004,
        5002,
        5019,
        5058,
        2004
    );
    maxArrayCount = 2147483647;
    maxChildren = 2147483647;
    maxDepth = 2147483647;
    snapshotKeyHonorModalViews = 0;
    traverseFromParentsToChildren = 1;
}
2026-08-27 01:08:37.390 Df ReactTestApp[64575:8728df6] [com.apple.dt.xctest:Default] Snapshot attributes 5003, 5004, 5002, 5019, 5058, 2004
2026-08-27 01:08:37.417 Df ReactTestApp[64575:8728df6] [com.apple.dt.xctest:Default] Got snapshot for <AXUIElementRef 0x10c355c90> {pid=64575} {uid=[ID:1 hash:0x0]}
2026-08-27 01:08:37.417 Df ReactTestApp[64575:8728df6] [com.apple.dt.xctest:Default] Got app orientation 0
2026-08-27 01:08:37.417 Df ReactTestApp[64575:8728df6] [com.apple.dt.xctest:Default] Captured accessibility snapshot data in 0.03s
2026-08-27 01:08:37.417 Df ReactTestApp[64575:87298d5] [com.apple.dt.xctest:Default] Found main window: Window
2026-08-27 01:08:37.417 Df ReactTestApp[64575:87298d5] [com.apple.dt.xctest:Default] Preferring automation type 48 instead of legacy element type OTHER derived from class/trait: UILabel:UILabel 8590000128
2026-08-27 01:08:37.417 Df ReactTestApp[64575:87298d5] [com.apple.dt.xctest:Default] Other is not actually a child of Other, including at this point anyway (rdar://problem/20738636)
2026-08-27 01:08:37.418 Df ReactTestApp[64575:87298d5] [com.apple.dt.xctest:Default] Other is not actually a child of Other, including at this point anyway (rdar://problem/20738636)
2026-08-27 01:08:37.418 Df ReactTestApp[64575:87298d5] [com.apple.dt.xctest:Default] Other is not actually a child of Other, including at this point anyway (rdar://problem/20738636)
2026-08-27 01:08:37.418 Df ReactTestApp[64575:87298d5] [com.apple.dt.xctest:Default] Other is not actually a child of Other, including at this point anyway (rdar://problem/20738636)
2026-08-27 01:08:37.418 Df ReactTestApp[64575:87298d5] [com.apple.dt.xctest:Default] Other is not actually a child of Other, including at this point anyway (rdar://problem/20738636)
2026-08-27 01:08:37.418 Df ReactTestApp[64575:87298d5] [com.apple.dt.xctest:Default] Preferring automation type 24 instead of legacy element type OTHER derived from class/trait: _UIFloatingBarContainerView:_UIFloatingBarContainerView 8589934592
2026-08-27 01:08:37.418 Df ReactTestApp[64575:87298d5] [com.apple.dt.xctest:Default] XCTPerformOnMainRunLoop[not MT]: about to CFRunLoopPerform
2026-08-27 01:08:37.418 Df ReactTestApp[64575:87298d5] [com.apple.dt.xctest:Default] XCTPerformOnMainRunLoop[not MT]: waiting with 30.00s responsiveness timeout
2026-08-27 01:08:37.418 Df ReactTestApp[64575:8728df6] [com.apple.dt.xctest:Default] XCTPerformOnMainRunLoop[MT]: inside CFRunLoopPerform
2026-08-27 01:08:37.418 Df ReactTestApp[64575:8728df6] [com.apple.dt.xctest:Default] XCTPerformOnMainRunLoop[MT]: MT responded in time (won the race to the busy flag)
2026-08-27 01:08:37.418 Df ReactTestApp[64575:87298d5] [com.apple.dt.xctest:Default] XCTPerformOnMainRunLoop[not MT]: waiting 60.00s for work to complete
2026-08-27 01:08:37.418 Df ReactTestApp[64575:8728df6] [com.apple.dt.xctest:Default] XCTElementQuery: set data source for rootElementSnapshot to <XCTAutomationSession: 0x123d75470>
2026-08-27 01:08:37.418 Df ReactTestApp[64575:87298d5] [com.apple.dt.xctest:Default] Finding all matches with input Application, pid: 64575 using transformers
↪︎ Descendants matching type Button
    ↪︎ Element at index 0
2026-08-27 01:08:37.419 Df ReactTestApp[64575:87298d5] [com.apple.dt.xctest:Default] [Match All] applied transformer `Descendants matching type Button` to input {(
    Application, pid: 64575
)}, found {(
    Button, identifier: 'BackButton',
    Button, Selected,
    Button,
    Button,
    Button,
    Button
)}
2026-08-27 01:08:37.419 Df ReactTestApp[64575:87298d5] [com.apple.dt.xctest:Default] [Match All] applied transformer `Element at index 0` to input {(
    Button, identifier: 'BackButton',
    Button, Selected,
    Button,
    Button,
    Button,
    Button
)}, found {(
    Button, identifier: 'BackButton'
)}
2026-08-27 01:08:37.419 Df ReactTestApp[64575:87298d5] [com.apple.dt.xctest:Default] [Match All] setting out related elements {(
)}
2026-08-27 01:08:37.422 Df ReactTestApp[64575:87298d5] [com.apple.dt.xctest:Default] Current tree:
Application, 0x108dd8640, pid: 64575 <App element pid: 64575>
  Window (Main), 0x1181559c0 <AX element pid: 64575, elementOrHash.elementID: 4432973440.4>
    Other, 0x1181a60c0 <AX element pid: 64575, elementOrHash.elementID: 4448266304.68>
    Other, 0x11a0aa440 <AX element pid: 64575, elementOrHash.elementID: 4431517824.5>
      Other, 0x110b5df40 <AX element pid: 64575, elementOrHash.elementID: 4437854080.6>
        Other, 0x11814fcc0 <AX element pid: 64575, elementOrHash.elementID: 4437857152.7>
          Other, 0x110b259c0 <AX element pid: 64575, elementOrHash.elementID: 4448745536.8>
            Other, 0x11a051ac0 <AX element pid: 64575, elementOrHash.elementID: 4453532800.9>
              Other, 0x119c6ff40 <AX element pid: 64575, elementOrHash.elementID: 4453589120.10>
                Other, 0x119c745c0 <AX element pid: 64575, elementOrHash.elementID: 4453679232.12>
                  Other, 0x119c42040 <AX element pid: 64575, elementOrHash.elementID: 4563712640.14>
                    Navigat<…>
2026-08-27 01:08:37.422 Df ReactTestApp[64575:87298d5] [com.apple.dt.xctest:Default] Query ↪︎ Descendants matching type Button
    ↪︎ Element at index 0 found matching snapshots: {(
    Button, identifier: 'BackButton'
)} (error: (null))
2026-08-27 01:08:37.422 Df ReactTestApp[64575:87298d5] [com.apple.dt.xctest:Default] Replying to query ↪︎ Descendants matching type Button
    ↪︎ Element at index 0 with results: <XCTElementQueryResults: 0x121dd6d90> (error: (null))
2026-08-27 01:08:37.424 Df ReactTestApp[64575:87298d5] [com.apple.dt.xctest:Default] Received attributes request for element: AX element pid: 64575, elementOrHash.elementID: 4502569376.168. Attributes: (
    "XC_kAXXCAttributeLabel"
)
2026-08-27 01:08:37.424 Df ReactTestApp[64575:87298d6] [com.apple.dt.xctest:Default] XCTPerformOnMainRunLoop[not MT]: about to CFRunLoopPerform
2026-08-27 01:08:37.424 Df ReactTestApp[64575:87298d6] [com.apple.dt.xctest:Default] XCTPerformOnMainRunLoop[not MT]: waiting with 30.00s responsiveness timeout
2026-08-27 01:08:37.424 Df ReactTestApp[64575:8728df6] [com.apple.dt.xctest:Default] XCTPerformOnMainRunLoop[MT]: inside CFRunLoopPerform
2026-08-27 01:08:37.424 Df ReactTestApp[64575:8728df6] [com.apple.dt.xctest:Default] XCTPerformOnMainRunLoop[MT]: MT responded in time (won the race to the busy flag)
2026-08-27 01:08:37.424 Df ReactTestApp[64575:87298d6] [com.apple.dt.xctest:Default] XCTPerformOnMainRunLoop[not MT]: waiting 60.00s for work to complete
2026-08-27 01:08:37.424 Df ReactTestApp[64575:8728df6] [com.apple.dt.xctest:Default] Fetching AX attributes XC_kAXXCAttributeLabel for AX element pid: 64575, elementOrHash.elementID: 4502569376.168
2026-08-27 01:08:37.424 Df ReactTestApp[64575:8728df6] [com.apple.dt.xctest:Default] Got attributes, transferring to dictionary for return.
2026-08-27 01:08:37.424 Df ReactTestApp[64575:8728df6] [com.apple.dt.xctest:Default] Checking 'BottomTabs Example' for privileged AX value slot attributes
2026-08-27 01:08:37.424 Df ReactTestApp[64575:87298d6] [com.apple.dt.xctest:Default] Replying with attribute values: {
    "XC_kAXXCAttributeLabel" = "BottomTabs Example";
}
2026-08-27 01:08:37.425 Df ReactTestApp[64575:87298d6] [com.apple.dt.xctest:Default] Received attributes request for element: AX element pid: 64575, elementOrHash.elementID: 4502569376.168. Attributes: (
    "XC_kAXXCAttributeValue"
)
2026-08-27 01:08:37.425 Df ReactTestApp[64575:87298d6] [com.apple.dt.xctest:Default] XCTPerformOnMainRunLoop[not MT]: about to CFRunLoopPerform
2026-08-27 01:08:37.425 Df ReactTestApp[64575:87298d6] [com.apple.dt.xctest:Default] XCTPerformOnMainRunLoop[not MT]: waiting with 30.00s responsiveness timeout
2026-08-27 01:08:37.425 Df ReactTestApp[64575:8728df6] [com.apple.dt.xctest:Default] XCTPerformOnMainRunLoop[MT]: inside CFRunLoopPerform
2026-08-27 01:08:37.425 Df ReactTestApp[64575:8728df6] [com.apple.dt.xctest:Default] XCTPerformOnMainRunLoop[MT]: MT responded in time (won the race to the busy flag)
2026-08-27 01:08:37.425 Df ReactTestApp[64575:87298d6] [com.apple.dt.xctest:Default] XCTPerformOnMainRunLoop[not MT]: waiting 60.00s for work to complete
2026-08-27 01:08:37.425 Df ReactTestApp[64575:8728df6] [com.apple.dt.xctest:Default] Fetching AX attributes XC_kAXXCAttributeValue for AX element pid: 64575, elementOrHash.elementID: 4502569376.168
2026-08-27 01:08:37.425 Df ReactTestApp[64575:8728df6] [com.apple.dt.xctest:Default] Got attributes, transferring to dictionary for return.
2026-08-27 01:08:37.425 Df ReactTestApp[64575:87298d6] [com.apple.dt.xctest:Default] Replying with attribute values: {
}
2026-08-27 01:08:37.425 Df ReactTestApp[64575:87298d6] [com.apple.dt.xctest:Default] Received attributes request for element: AX element pid: 64575, elementOrHash.elementID: 4502569376.168. Attributes: (
    "XC_kAXXCAttributePlaceholderValue"
)
2026-08-27 01:08:37.426 Df ReactTestApp[64575:87298d6] [com.apple.dt.xctest:Default] XCTPerformOnMainRunLoop[not MT]: about to CFRunLoopPerform
2026-08-27 01:08:37.426 Df ReactTestApp[64575:87298d6] [com.apple.dt.xctest:Default] XCTPerformOnMainRunLoop[not MT]: waiting with 30.00s responsiveness timeout
2026-08-27 01:08:37.426 Df ReactTestApp[64575:8728df6] [com.apple.dt.xctest:Default] XCTPerformOnMainRunLoop[MT]: inside CFRunLoopPerform
2026-08-27 01:08:37.426 Df ReactTestApp[64575:8728df6] [com.apple.dt.xctest:Default] XCTPerformOnMainRunLoop[MT]: MT responded in time (won the race to the busy flag)
2026-08-27 01:08:37.426 Df ReactTestApp[64575:87298d6] [com.apple.dt.xctest:Default] XCTPerformOnMainRunLoop[not MT]: waiting 60.00s for work to complete
2026-08-27 01:08:37.426 Df ReactTestApp[64575:8728df6] [com.apple.dt.xctest:Default] Fetching AX attributes XC_kAXXCAttributePlaceholderValue for AX element pid: 64575, elementOrHash.elementID: 4502569376.168
2026-08-27 01:08:37.426 Df ReactTestApp[64575:8728df6] [com.apple.dt.xctest:Default] Got attributes, transferring to dictionary for return.
2026-08-27 01:08:37.426 Df ReactTestApp[64575:87298d6] [com.apple.dt.xctest:Default] Replying with attribute values: {
}
2026-08-27 01:08:37.427 Df ReactTestApp[64575:87298d6] [com.apple.dt.xctest:Default] Received request to fetch matches for query: ↪︎ Descendants matching type Button
    ↪︎ Element at index 0
2026-08-27 01:08:37.427 Df ReactTestApp[64575:87298d6] [com.apple.dt.xctest:Default] Evaluating query:
 ↪︎ Descendants matching type Button
    ↪︎ Element at index 0
2026-08-27 01:08:37.428 Df ReactTestApp[64575:87298d6] [com.apple.dt.xctest:Default] Getting root element snapshot
2026-08-27 01:08:37.428 Df ReactTestApp[64575:87298d6] [com.apple.dt.xctest:Default] Getting snapshot for App element pid: 64575 for query ↪︎ Descendants matching type Button
    ↪︎ Element at index 0
2026-08-27 01:08:37.428 Df ReactTestApp[64575:87298d6] [com.apple.dt.xctest:Default] Query requires iOS snapshot attributes XC_kAXXCAttributeElementType, XC_kAXXCAttributeElementBaseType, XC_kAXXCAttributeAutomationType, XC_kAXXCAttributeTraits.
2026-08-27 01:08:37.428 Df ReactTestApp[64575:87298d6] [com.apple.dt.xctest:Default] XCTPerformOnMainRunLoop[not MT]: about to CFRunLoopPerform
2026-08-27 01:08:37.428 Df ReactTestApp[64575:87298d6] [com.apple.dt.xctest:Default] XCTPerformOnMainRunLoop[not MT]: waiting with 30.00s responsiveness timeout
2026-08-27 01:08:37.428 Df ReactTestApp[64575:8728df6] [com.apple.dt.xctest:Default] XCTPerformOnMainRunLoop[MT]: inside CFRunLoopPerform
2026-08-27 01:08:37.428 Df ReactTestApp[64575:8728df6] [com.apple.dt.xctest:Default] XCTPerformOnMainRunLoop[MT]: MT responded in time (won the race to the busy flag)
2026-08-27 01:08:37.428 Df ReactTestApp[64575:87298d6] [com.apple.dt.xctest:Default] XCTPerformOnMainRunLoop[not MT]: waiting 60.00s for work to complete
2026-08-27 01:08:37.428 Df ReactTestApp[64575:8728df6] [com.apple.dt.xctest:Default] Got main window <AXUIElementRef 0x128b9d510> {pid=64575} {uid=[ID:4 hash:0x10839ce80]}
2026-08-27 01:08:37.428 Df ReactTestApp[64575:8728df6] [com.apple.dt.xctest:Default] Capturing hierarchy with attributes XC_kAXXCAttributeElementType, XC_kAXXCAttributeElementBaseType, XC_kAXXCAttributeParent, XC_kAXXCAttributeIdentifier, XC_kAXXCAttributeAutomationType, XC_kAXXCAttributeTraits
2026-08-27 01:08:37.428 Df ReactTestApp[64575:8728df6] [com.apple.dt.xctest:Default] Capturing hierarchy with parameters {
    attributes =     (
        5003,
        5004,
        5002,
        5019,
        5058,
        2004
    );
    maxArrayCount = 2147483647;
    maxChildren = 2147483647;
    maxDepth = 2147483647;
    snapshotKeyHonorModalViews = 0;
    traverseFromParentsToChildren = 1;
}
2026-08-27 01:08:37.428 Df ReactTestApp[64575:8728df6] [com.apple.dt.xctest:Default] Snapshot attributes 5003, 5004, 5002, 5019, 5058, 2004
2026-08-27 01:08:37.454 Df ReactTestApp[64575:8728df6] [com.apple.dt.xctest:Default] Got snapshot for <AXUIElementRef 0x121d35a90> {pid=64575} {uid=[ID:1 hash:0x0]}
2026-08-27 01:08:37.454 Df ReactTestApp[64575:8728df6] [com.apple.dt.xctest:Default] Got app orientation 0
2026-08-27 01:08:37.454 Df ReactTestApp[64575:8728df6] [com.apple.dt.xctest:Default] Captured accessibility snapshot data in 0.03s
2026-08-27 01:08:37.454 Df ReactTestApp[64575:87298d6] [com.apple.dt.xctest:Default] Found main window: Window
2026-08-27 01:08:37.454 Df ReactTestApp[64575:87298d6] [com.apple.dt.xctest:Default] Preferring automation type 48 instead of legacy element type OTHER derived from class/trait: UILabel:UILabel 8590000128
2026-08-27 01:08:37.455 Df ReactTestApp[64575:87298d6] [com.apple.dt.xctest:Default] Other is not actually a child of Other, including at this point anyway (rdar://problem/20738636)
2026-08-27 01:08:37.455 Df ReactTestApp[64575:87298d6] [com.apple.dt.xctest:Default] Other is not actually a child of Other, including at this point anyway (rdar://problem/20738636)
2026-08-27 01:08:37.455 Df ReactTestApp[64575:87298d6] [com.apple.dt.xctest:Default] Other is not actually a child of Other, including at this point anyway (rdar://problem/20738636)
2026-08-27 01:08:37.455 Df ReactTestApp[64575:87298d6] [com.apple.dt.xctest:Default] Other is not actually a child of Other, including at this point anyway (rdar://problem/20738636)
2026-08-27 01:08:37.455 Df ReactTestApp[64575:87298d6] [com.apple.dt.xctest:Default] Other is not actually a child of Other, including at this point anyway (rdar://problem/20738636)
2026-08-27 01:08:37.455 Df ReactTestApp[64575:87298d6] [com.apple.dt.xctest:Default] Preferring automation type 24 instead of legacy element type OTHER derived from class/trait: _UIFloatingBarContainerView:_UIFloatingBarContainerView 8589934592
2026-08-27 01:08:37.455 Df ReactTestApp[64575:87298d6] [com.apple.dt.xctest:Default] XCTPerformOnMainRunLoop[not MT]: about to CFRunLoopPerform
2026-08-27 01:08:37.455 Df ReactTestApp[64575:87298d6] [com.apple.dt.xctest:Default] XCTPerformOnMainRunLoop[not MT]: waiting with 30.00s responsiveness timeout
2026-08-27 01:08:37.455 Df ReactTestApp[64575:8728df6] [com.apple.dt.xctest:Default] XCTPerformOnMainRunLoop[MT]: inside CFRunLoopPerform
2026-08-27 01:08:37.455 Df ReactTestApp[64575:8728df6] [com.apple.dt.xctest:Default] XCTPerformOnMainRunLoop[MT]: MT responded in time (won the race to the busy flag)
2026-08-27 01:08:37.455 Df ReactTestApp[64575:87298d6] [com.apple.dt.xctest:Default] XCTPerformOnMainRunLoop[not MT]: waiting 60.00s for work to complete
2026-08-27 01:08:37.455 Df ReactTestApp[64575:8728df6] [com.apple.dt.xctest:Default] XCTElementQuery: set data source for rootElementSnapshot to <XCTAutomationSession: 0x123d75470>
2026-08-27 01:08:37.455 Df ReactTestApp[64575:87298d6] [com.apple.dt.xctest:Default] Finding all matches with input Application, pid: 64575 using transformers
↪︎ Descendants matching type Button
    ↪︎ Element at index 0
2026-08-27 01:08:37.456 Df ReactTestApp[64575:87298d6] [com.apple.dt.xctest:Default] [Match All] applied transformer `Descendants matching type Button` to input {(
    Application, pid: 64575
)}, found {(
    Button, identifier: 'BackButton',
    Button, Selected,
    Button,
    Button,
    Button,
    Button
)}
2026-08-27 01:08:37.456 Df ReactTestApp[64575:87298d6] [com.apple.dt.xctest:Default] [Match All] applied transformer `Element at index 0` to input {(
    Button, identifier: 'BackButton',
    Button, Selected,
    Button,
    Button,
    Button,
    Button
)}, found {(
    Button, identifier: 'BackButton'
)}
2026-08-27 01:08:37.456 Df ReactTestApp[64575:87298d6] [com.apple.dt.xctest:Default] [Match All] setting out related elements {(
)}
2026-08-27 01:08:37.459 Df ReactTestApp[64575:87298d6] [com.apple.dt.xctest:Default] Current tree:
Application, 0x119cfe8c0, pid: 64575 <App element pid: 64575>
  Window (Main), 0x11a0d12c0 <AX element pid: 64575, elementOrHash.elementID: 4432973440.4>
    Other, 0x11817dbc0 <AX element pid: 64575, elementOrHash.elementID: 4448266304.68>
    Other, 0x11817da40 <AX element pid: 64575, elementOrHash.elementID: 4431517824.5>
      Other, 0x1181c04c0 <AX element pid: 64575, elementOrHash.elementID: 4437854080.6>
        Other, 0x1181103c0 <AX element pid: 64575, elementOrHash.elementID: 4437857152.7>
          Other, 0x110bf3ac0 <AX element pid: 64575, elementOrHash.elementID: 4448745536.8>
            Other, 0x108d29440 <AX element pid: 64575, elementOrHash.elementID: 4453532800.9>
              Other, 0x110ba0b40 <AX element pid: 64575, elementOrHash.elementID: 4453589120.10>
                Other, 0x11a581640 <AX element pid: 64575, elementOrHash.elementID: 4453679232.12>
                  Other, 0x110babf40 <AX element pid: 64575, elementOrHash.elementID: 4563712640.14>
                    Navigat<…>
2026-08-27 01:08:37.459 Df ReactTestApp[64575:87298d6] [com.apple.dt.xctest:Default] Query ↪︎ Descendants matching type Button
    ↪︎ Element at index 0 found matching snapshots: {(
    Button, identifier: 'BackButton'
)} (error: (null))
2026-08-27 01:08:37.459 Df ReactTestApp[64575:87298d6] [com.apple.dt.xctest:Default] Replying to query ↪︎ Descendants matching type Button
    ↪︎ Element at index 0 with results: <XCTElementQueryResults: 0x12f50b9d0> (error: (null))
2026-08-27 01:08:37.461 Df ReactTestApp[64575:87298d6] [com.apple.dt.xctest:Default] Received attributes request for element: AX element pid: 64575, elementOrHash.elementID: 4502569376.168. Attributes: (
    "XC_kAXXCAttributeLabel"
)
2026-08-27 01:08:37.461 Df ReactTestApp[64575:87298d6] [com.apple.dt.xctest:Default] XCTPerformOnMainRunLoop[not MT]: about to CFRunLoopPerform
2026-08-27 01:08:37.461 Df ReactTestApp[64575:87298d6] [com.apple.dt.xctest:Default] XCTPerformOnMainRunLoop[not MT]: waiting with 30.00s responsiveness timeout
2026-08-27 01:08:37.461 Df ReactTestApp[64575:8728df6] [com.apple.dt.xctest:Default] XCTPerformOnMainRunLoop[MT]: inside CFRunLoopPerform
2026-08-27 01:08:37.461 Df ReactTestApp[64575:8728df6] [com.apple.dt.xctest:Default] XCTPerformOnMainRunLoop[MT]: MT responded in time (won the race to the busy flag)
2026-08-27 01:08:37.461 Df ReactTestApp[64575:87298d6] [com.apple.dt.xctest:Default] XCTPerformOnMainRunLoop[not MT]: waiting 60.00s for work to complete
2026-08-27 01:08:37.461 Df ReactTestApp[64575:8728df6] [com.apple.dt.xctest:Default] Fetching AX attributes XC_kAXXCAttributeLabel for AX element pid: 64575, elementOrHash.elementID: 4502569376.168
2026-08-27 01:08:37.461 Df ReactTestApp[64575:8728df6] [com.apple.dt.xctest:Default] Got attributes, transferring to dictionary for return.
2026-08-27 01:08:37.461 Df ReactTestApp[64575:8728df6] [com.apple.dt.xctest:Default] Checking 'BottomTabs Example' for privileged AX value slot attributes
2026-08-27 01:08:37.461 Df ReactTestApp[64575:87298d6] [com.apple.dt.xctest:Default] Replying with attribute values: {
    "XC_kAXXCAttributeLabel" = "BottomTabs Example";
}
2026-08-27 01:08:37.462 Df ReactTestApp[64575:87298d6] [com.apple.dt.xctest:Default] Received attributes request for element: AX element pid: 64575, elementOrHash.elementID: 4502569376.168. Attributes: (
    "XC_kAXXCAttributeValue"
)
2026-08-27 01:08:37.462 Df ReactTestApp[64575:87298d5] [com.apple.dt.xctest:Default] XCTPerformOnMainRunLoop[not MT]: about to CFRunLoopPerform
2026-08-27 01:08:37.462 Df ReactTestApp[64575:87298d5] [com.apple.dt.xctest:Default] XCTPerformOnMainRunLoop[not MT]: waiting with 30.00s responsiveness timeout
2026-08-27 01:08:37.462 Df ReactTestApp[64575:8728df6] [com.apple.dt.xctest:Default] XCTPerformOnMainRunLoop[MT]: inside CFRunLoopPerform
2026-08-27 01:08:37.462 Df ReactTestApp[64575:8728df6] [com.apple.dt.xctest:Default] XCTPerformOnMainRunLoop[MT]: MT responded in time (won the race to the busy flag)
2026-08-27 01:08:37.462 Df ReactTestApp[64575:87298d5] [com.apple.dt.xctest:Default] XCTPerformOnMainRunLoop[not MT]: waiting 60.00s for work to complete
2026-08-27 01:08:37.462 Df ReactTestApp[64575:8728df6] [com.apple.dt.xctest:Default] Fetching AX attributes XC_kAXXCAttributeValue for AX element pid: 64575, elementOrHash.elementID: 4502569376.168
2026-08-27 01:08:37.462 Df ReactTestApp[64575:8728df6] [com.apple.dt.xctest:Default] Got attributes, transferring to dictionary for return.
2026-08-27 01:08:37.462 Df ReactTestApp[64575:87298d5] [com.apple.dt.xctest:Default] Replying with attribute values: {
}
2026-08-27 01:08:37.463 Df ReactTestApp[64575:87298d5] [com.apple.dt.xctest:Default] Received attributes request for element: AX element pid: 64575, elementOrHash.elementID: 4502569376.168. Attributes: (
    "XC_kAXXCAttributePlaceholderValue"
)
2026-08-27 01:08:37.463 Df ReactTestApp[64575:87298d5] [com.apple.dt.xctest:Default] XCTPerformOnMainRunLoop[not MT]: about to CFRunLoopPerform
2026-08-27 01:08:37.463 Df ReactTestApp[64575:87298d5] [com.apple.dt.xctest:Default] XCTPerformOnMainRunLoop[not MT]: waiting with 30.00s responsiveness timeout
2026-08-27 01:08:37.463 Df ReactTestApp[64575:8728df6] [com.apple.dt.xctest:Default] XCTPerformOnMainRunLoop[MT]: inside CFRunLoopPerform
2026-08-27 01:08:37.463 Df ReactTestApp[64575:8728df6] [com.apple.dt.xctest:Default] XCTPerformOnMainRunLoop[MT]: MT responded in time (won the race to the busy flag)
2026-08-27 01:08:37.463 Df ReactTestApp[64575:87298d5] [com.apple.dt.xctest:Default] XCTPerformOnMainRunLoop[not MT]: waiting 60.00s for work to complete
2026-08-27 01:08:37.463 Df ReactTestApp[64575:8728df6] [com.apple.dt.xctest:Default] Fetching AX attributes XC_kAXXCAttributePlaceholderValue for AX element pid: 64575, elementOrHash.elementID: 4502569376.168
2026-08-27 01:08:37.463 Df ReactTestApp[64575:8728df6] [com.apple.dt.xctest:Default] Got attributes, transferring to dictionary for return.
2026-08-27 01:08:37.463 Df ReactTestApp[64575:87298d5] [com.apple.dt.xctest:Default] Replying with attribute values: {
}
2026-08-27 01:08:37.464 Df ReactTestApp[64575:87298d5] [com.apple.dt.xctest:Default] Received request to fetch matches for query: ↪︎ Descendants matching type Button
    ↪︎ Element at index 0
2026-08-27 01:08:37.464 Df ReactTestApp[64575:87298d5] [com.apple.dt.xctest:Default] Evaluating query:
 ↪︎ Descendants matching type Button
    ↪︎ Element at index 0
2026-08-27 01:08:37.464 Df ReactTestApp[64575:87298d5] [com.apple.dt.xctest:Default] Getting root element snapshot
2026-08-27 01:08:37.464 Df ReactTestApp[64575:87298d5] [com.apple.dt.xctest:Default] Getting snapshot for App element pid: 64575 for query ↪︎ Descendants matching type Button
    ↪︎ Element at index 0
2026-08-27 01:08:37.464 Df ReactTestApp[64575:87298d5] [com.apple.dt.xctest:Default] Query requires iOS snapshot attributes XC_kAXXCAttributeElementType, XC_kAXXCAttributeElementBaseType, XC_kAXXCAttributeAutomationType, XC_kAXXCAttributeTraits.
2026-08-27 01:08:37.464 Df ReactTestApp[64575:87298d5] [com.apple.dt.xctest:Default] XCTPerformOnMainRunLoop[not MT]: about to CFRunLoopPerform
2026-08-27 01:08:37.464 Df ReactTestApp[64575:87298d5] [com.apple.dt.xctest:Default] XCTPerformOnMainRunLoop[not MT]: waiting with 30.00s responsiveness timeout
2026-08-27 01:08:37.464 Df ReactTestApp[64575:8728df6] [com.apple.dt.xctest:Default] XCTPerformOnMainRunLoop[MT]: inside CFRunLoopPerform
2026-08-27 01:08:37.464 Df ReactTestApp[64575:8728df6] [com.apple.dt.xctest:Default] XCTPerformOnMainRunLoop[MT]: MT responded in time (won the race to the busy flag)
2026-08-27 01:08:37.464 Df ReactTestApp[64575:87298d5] [com.apple.dt.xctest:Default] XCTPerformOnMainRunLoop[not MT]: waiting 60.00s for work to complete
2026-08-27 01:08:37.464 Df ReactTestApp[64575:8728df6] [com.apple.dt.xctest:Default] Got main window <AXUIElementRef 0x10c3f55d0> {pid=64575} {uid=[ID:4 hash:0x10839ce80]}
2026-08-27 01:08:37.464 Df ReactTestApp[64575:8728df6] [com.apple.dt.xctest:Default] Capturing hierarchy with attributes XC_kAXXCAttributeElementType, XC_kAXXCAttributeElementBaseType, XC_kAXXCAttributeParent, XC_kAXXCAttributeIdentifier, XC_kAXXCAttributeAutomationType, XC_kAXXCAttributeTraits
2026-08-27 01:08:37.464 Df ReactTestApp[64575:8728df6] [com.apple.dt.xctest:Default] Capturing hierarchy with parameters {
    attributes =     (
        5003,
        5004,
        5002,
        5019,
        5058,
        2004
    );
    maxArrayCount = 2147483647;
    maxChildren = 2147483647;
    maxDepth = 2147483647;
    snapshotKeyHonorModalViews = 0;
    traverseFromParentsToChildren = 1;
}
2026-08-27 01:08:37.465 Df ReactTestApp[64575:8728df6] [com.apple.dt.xctest:Default] Snapshot attributes 5003, 5004, 5002, 5019, 5058, 2004
2026-08-27 01:08:37.493 Df ReactTestApp[64575:8728df6] [com.apple.dt.xctest:Default] Got snapshot for <AXUIElementRef 0x128b95dd0> {pid=64575} {uid=[ID:1 hash:0x0]}
2026-08-27 01:08:37.493 Df ReactTestApp[64575:8728df6] [com.apple.dt.xctest:Default] Got app orientation 0
2026-08-27 01:08:37.493 Df ReactTestApp[64575:8728df6] [com.apple.dt.xctest:Default] Captured accessibility snapshot data in 0.03s
2026-08-27 01:08:37.493 Df ReactTestApp[64575:87298d5] [com.apple.dt.xctest:Default] Found main window: Window
2026-08-27 01:08:37.493 Df ReactTestApp[64575:87298d5] [com.apple.dt.xctest:Default] Preferring automation type 48 instead of legacy element type OTHER derived from class/trait: UILabel:UILabel 8590000128
2026-08-27 01:08:37.494 Df ReactTestApp[64575:87298d5] [com.apple.dt.xctest:Default] Other is not actually a child of Other, including at this point anyway (rdar://problem/20738636)
2026-08-27 01:08:37.494 Df ReactTestApp[64575:87298d5] [com.apple.dt.xctest:Default] Other is not actually a child of Other, including at this point anyway (rdar://problem/20738636)
2026-08-27 01:08:37.494 Df ReactTestApp[64575:87298d5] [com.apple.dt.xctest:Default] Other is not actually a child of Other, including at this point anyway (rdar://problem/20738636)
2026-08-27 01:08:37.494 Df ReactTestApp[64575:87298d5] [com.apple.dt.xctest:Default] Other is not actually a child of Other, including at this point anyway (rdar://problem/20738636)
2026-08-27 01:08:37.494 Df ReactTestApp[64575:87298d5] [com.apple.dt.xctest:Default] Other is not actually a child of Other, including at this point anyway (rdar://problem/20738636)
2026-08-27 01:08:37.494 Df ReactTestApp[64575:87298d5] [com.apple.dt.xctest:Default] Preferring automation type 24 instead of legacy element type OTHER derived from class/trait: _UIFloatingBarContainerView:_UIFloatingBarContainerView 8589934592
2026-08-27 01:08:37.494 Df ReactTestApp[64575:87298d5] [com.apple.dt.xctest:Default] XCTPerformOnMainRunLoop[not MT]: about to CFRunLoopPerform
2026-08-27 01:08:37.494 Df ReactTestApp[64575:87298d5] [com.apple.dt.xctest:Default] XCTPerformOnMainRunLoop[not MT]: waiting with 30.00s responsiveness timeout
2026-08-27 01:08:37.494 Df ReactTestApp[64575:8728df6] [com.apple.dt.xctest:Default] XCTPerformOnMainRunLoop[MT]: inside CFRunLoopPerform
2026-08-27 01:08:37.495 Df ReactTestApp[64575:8728df6] [com.apple.dt.xctest:Default] XCTPerformOnMainRunLoop[MT]: MT responded in time (won the race to the busy flag)
2026-08-27 01:08:37.495 Df ReactTestApp[64575:87298d5] [com.apple.dt.xctest:Default] XCTPerformOnMainRunLoop[not MT]: waiting 60.00s for work to complete
2026-08-27 01:08:37.495 Df ReactTestApp[64575:8728df6] [com.apple.dt.xctest:Default] XCTElementQuery: set data source for rootElementSnapshot to <XCTAutomationSession: 0x123d75470>
2026-08-27 01:08:37.495 Df ReactTestApp[64575:87298d5] [com.apple.dt.xctest:Default] Finding all matches with input Application, pid: 64575 using transformers
↪︎ Descendants matching type Button
    ↪︎ Element at index 0
2026-08-27 01:08:37.495 Df ReactTestApp[64575:87298d5] [com.apple.dt.xctest:Default] [Match All] applied transformer `Descendants matching type Button` to input {(
    Application, pid: 64575
)}, found {(
    Button, identifier: 'BackButton',
    Button, Selected,
    Button,
    Button,
    Button,
    Button
)}
2026-08-27 01:08:37.495 Df ReactTestApp[64575:87298d5] [com.apple.dt.xctest:Default] [Match All] applied transformer `Element at index 0` to input {(
    Button, identifier: 'BackButton',
    Button, Selected,
    Button,
    Button,
    Button,
    Button
)}, found {(
    Button, identifier: 'BackButton'
)}
2026-08-27 01:08:37.495 Df ReactTestApp[64575:87298d5] [com.apple.dt.xctest:Default] [Match All] setting out related elements {(
)}
2026-08-27 01:08:37.499 Df ReactTestApp[64575:87298d5] [com.apple.dt.xctest:Default] Current tree:
Application, 0x119caccc0, pid: 64575 <App element pid: 64575>
  Window (Main), 0x1181b65c0 <AX element pid: 64575, elementOrHash.elementID: 4432973440.4>
    Other, 0x1181b62c0 <AX element pid: 64575, elementOrHash.elementID: 4448266304.68>
    Other, 0x1181bb9c0 <AX element pid: 64575, elementOrHash.elementID: 4431517824.5>
      Other, 0x119c0d6c0 <AX element pid: 64575, elementOrHash.elementID: 4437854080.6>
        Other, 0x1181b6740 <AX element pid: 64575, elementOrHash.elementID: 4437857152.7>
          Other, 0x118151640 <AX element pid: 64575, elementOrHash.elementID: 4448745536.8>
            Other, 0x1181bc8c0 <AX element pid: 64575, elementOrHash.elementID: 4453532800.9>
              Other, 0x108de1040 <AX element pid: 64575, elementOrHash.elementID: 4453589120.10>
                Other, 0x108d30dc0 <AX element pid: 64575, elementOrHash.elementID: 4453679232.12>
                  Other, 0x119c31240 <AX element pid: 64575, elementOrHash.elementID: 4563712640.14>
                    Navigat<…>
2026-08-27 01:08:37.499 Df ReactTestApp[64575:87298d5] [com.apple.dt.xctest:Default] Query ↪︎ Descendants matching type Button
    ↪︎ Element at index 0 found matching snapshots: {(
    Button, identifier: 'BackButton'
)} (error: (null))
2026-08-27 01:08:37.499 Df ReactTestApp[64575:87298d5] [com.apple.dt.xctest:Default] Replying to query ↪︎ Descendants matching type Button
    ↪︎ Element at index 0 with results: <XCTElementQueryResults: 0x121d85cd0> (error: (null))
2026-08-27 01:08:37.501 Df ReactTestApp[64575:87298d5] [com.apple.dt.xctest:Default] Received attributes request for element: AX element pid: 64575, elementOrHash.elementID: 4502569376.168. Attributes: (
    "XC_kAXXCAttributeVisiblePoint"
)
2026-08-27 01:08:37.501 Df ReactTestApp[64575:87298d6] [com.apple.dt.xctest:Default] XCTPerformOnMainRunLoop[not MT]: about to CFRunLoopPerform
2026-08-27 01:08:37.501 Df ReactTestApp[64575:87298d6] [com.apple.dt.xctest:Default] XCTPerformOnMainRunLoop[not MT]: waiting with 30.00s responsiveness timeout
2026-08-27 01:08:37.501 Df ReactTestApp[64575:8728df6] [com.apple.dt.xctest:Default] XCTPerformOnMainRunLoop[MT]: inside CFRunLoopPerform
2026-08-27 01:08:37.501 Df ReactTestApp[64575:8728df6] [com.apple.dt.xctest:Default] XCTPerformOnMainRunLoop[MT]: MT responded in time (won the race to the busy flag)
2026-08-27 01:08:37.501 Df ReactTestApp[64575:87298d6] [com.apple.dt.xctest:Default] XCTPerformOnMainRunLoop[not MT]: waiting 60.00s for work to complete
2026-08-27 01:08:37.501 Df ReactTestApp[64575:8728df6] [com.apple.dt.xctest:Default] Fetching AX attributes XC_kAXXCAttributeVisiblePoint for AX element pid: 64575, elementOrHash.elementID: 4502569376.168
2026-08-27 01:08:37.539 E  ReactTestApp[64575:8728df6] [com.apple.Accessibility:AXRuntimeCommon] Unknown client: ReactTestApp
2026-08-27 01:08:37.548 Df ReactTestApp[64575:8728df6] [com.apple.dt.xctest:Default] Got attributes, transferring to dictionary for return.
2026-08-27 01:08:37.549 Df ReactTestApp[64575:87298d6] [com.apple.dt.xctest:Default] Replying with attribute values: {
    "XC_kAXXCAttributeVisiblePoint" =     {
        X = 38;
        Y = 84;
    };
}
2026-08-27 01:08:37.549 Df ReactTestApp[64575:87298d6] [com.apple.dt.xctest:Default] Received attributes request for element: AX element pid: 64575, elementOrHash.elementID: 4502569376.168. Attributes: (
    "XC_kAXXCAttributeWindowContextId"
)
2026-08-27 01:08:37.549 Df ReactTestApp[64575:87298d6] [com.apple.dt.xctest:Default] XCTPerformOnMainRunLoop[not MT]: about to CFRunLoopPerform
2026-08-27 01:08:37.549 Df ReactTestApp[64575:87298d6] [com.apple.dt.xctest:Default] XCTPerformOnMainRunLoop[not MT]: waiting with 30.00s responsiveness timeout
2026-08-27 01:08:37.549 Df ReactTestApp[64575:8728df6] [com.apple.dt.xctest:Default] XCTPerformOnMainRunLoop[MT]: inside CFRunLoopPerform
2026-08-27 01:08:37.549 Df ReactTestApp[64575:8728df6] [com.apple.dt.xctest:Default] XCTPerformOnMainRunLoop[MT]: MT responded in time (won the race to the busy flag)
2026-08-27 01:08:37.550 Df ReactTestApp[64575:8728df6] [com.apple.dt.xctest:Default] Fetching AX attributes XC_kAXXCAttributeWindowContextId for AX element pid: 64575, elementOrHash.elementID: 4502569376.168
2026-08-27 01:08:37.550 Df ReactTestApp[64575:87298d6] [com.apple.dt.xctest:Default] XCTPerformOnMainRunLoop[not MT]: waiting 60.00s for work to complete
2026-08-27 01:08:37.550 Df ReactTestApp[64575:8728df6] [com.apple.dt.xctest:Default] Got attributes, transferring to dictionary for return.
2026-08-27 01:08:37.550 Df ReactTestApp[64575:87298d6] [com.apple.dt.xctest:Default] Replying with attribute values: {
    "XC_kAXXCAttributeWindowContextId" = 1635110261;
}
2026-08-27 01:08:37.550 Df ReactTestApp[64575:87298d6] [com.apple.dt.xctest:Default] Received attributes request for element: AX element pid: 64575, elementOrHash.elementID: 4502569376.168. Attributes: (
    "XC_kAXXCAttributeWindowDisplayId"
)
2026-08-27 01:08:37.550 Df ReactTestApp[64575:87298d5] [com.apple.dt.xctest:Default] XCTPerformOnMainRunLoop[not MT]: about to CFRunLoopPerform
2026-08-27 01:08:37.550 Df ReactTestApp[64575:87298d5] [com.apple.dt.xctest:Default] XCTPerformOnMainRunLoop[not MT]: waiting with 30.00s responsiveness timeout
2026-08-27 01:08:37.550 Df ReactTestApp[64575:8728df6] [com.apple.dt.xctest:Default] XCTPerformOnMainRunLoop[MT]: inside CFRunLoopPerform
2026-08-27 01:08:37.551 Df ReactTestApp[64575:8728df6] [com.apple.dt.xctest:Default] XCTPerformOnMainRunLoop[MT]: MT responded in time (won the race to the busy flag)
2026-08-27 01:08:37.551 Df ReactTestApp[64575:87298d5] [com.apple.dt.xctest:Default] XCTPerformOnMainRunLoop[not MT]: waiting 60.00s for work to complete
2026-08-27 01:08:37.551 Df ReactTestApp[64575:8728df6] [com.apple.dt.xctest:Default] Fetching AX attributes XC_kAXXCAttributeWindowDisplayId for AX element pid: 64575, elementOrHash.elementID: 4502569376.168
2026-08-27 01:08:37.551 Df ReactTestApp[64575:8728df6] [com.apple.dt.xctest:Default] Got attributes, transferring to dictionary for return.
2026-08-27 01:08:37.551 Df ReactTestApp[64575:87298d5] [com.apple.dt.xctest:Default] Replying with attribute values: {
    "XC_kAXXCAttributeWindowDisplayId" = 1;
}
2026-08-27 01:08:37.552 Df ReactTestApp[64575:87298d5] [com.apple.dt.xctest:Default] Received attributes request for element: AX element pid: 64575, elementOrHash.elementID: 4502569376.168. Attributes: (
    "XC_kAXXCAttributeFrame",
    "XC_kAXXCAttributeWindowDisplayId",
    "XC_kAXXCAttributeWindowContextId"
)
2026-08-27 01:08:37.552 Df ReactTestApp[64575:87298d5] [com.apple.dt.xctest:Default] XCTPerformOnMainRunLoop[not MT]: about to CFRunLoopPerform
2026-08-27 01:08:37.552 Df ReactTestApp[64575:87298d5] [com.apple.dt.xctest:Default] XCTPerformOnMainRunLoop[not MT]: waiting with 30.00s responsiveness timeout
2026-08-27 01:08:37.552 Df ReactTestApp[64575:8728df6] [com.apple.dt.xctest:Default] XCTPerformOnMainRunLoop[MT]: inside CFRunLoopPerform
2026-08-27 01:08:37.552 Df ReactTestApp[64575:8728df6] [com.apple.dt.xctest:Default] XCTPerformOnMainRunLoop[MT]: MT responded in time (won the race to the busy flag)
2026-08-27 01:08:37.552 Df ReactTestApp[64575:87298d5] [com.apple.dt.xctest:Default] XCTPerformOnMainRunLoop[not MT]: waiting 60.00s for work to complete
2026-08-27 01:08:37.552 Df ReactTestApp[64575:8728df6] [com.apple.dt.xctest:Default] Fetching AX attributes XC_kAXXCAttributeFrame, XC_kAXXCAttributeWindowDisplayId, XC_kAXXCAttributeWindowContextId for AX element pid: 64575, elementOrHash.elementID: 4502569376.168
2026-08-27 01:08:37.552 Df ReactTestApp[64575:8728df6] [com.apple.dt.xctest:Default] Got attributes, transferring to dictionary for return.
2026-08-27 01:08:37.552 Df ReactTestApp[64575:87298d5] [com.apple.dt.xctest:Default] Replying with attribute values: {
    "XC_kAXXCAttributeFrame" =     {
        Height = 44;
        Width = 44;
        X = 16;
        Y = 62;
    };
    "XC_kAXXCAttributeWindowContextId" = 1635110261;
    "XC_kAXXCAttributeWindowDisplayId" = 1;
}
2026-08-27 01:08:37.555 Df ReactTestApp[64575:87298d5] [com.apple.dt.xctest:Default] Received attributes request for element: AX element pid: 64575, elementOrHash.elementID: 4502569376.168. Attributes: (
    "XC_kAXXCAttributeLabel"
)
2026-08-27 01:08:37.555 Df ReactTestApp[64575:87298d5] [com.apple.dt.xctest:Default] XCTPerformOnMainRunLoop[not MT]: about to CFRunLoopPerform
2026-08-27 01:08:37.555 Df ReactTestApp[64575:87298d5] [com.apple.dt.xctest:Default] XCTPerformOnMainRunLoop[not MT]: waiting with 30.00s responsiveness timeout
2026-08-27 01:08:37.555 Df ReactTestApp[64575:8728df6] [com.apple.dt.xctest:Default] XCTPerformOnMainRunLoop[MT]: inside CFRunLoopPerform
2026-08-27 01:08:37.555 Df ReactTestApp[64575:8728df6] [com.apple.dt.xctest:Default] XCTPerformOnMainRunLoop[MT]: MT responded in time (won the race to the busy flag)
2026-08-27 01:08:37.555 Df ReactTestApp[64575:87298d5] [com.apple.dt.xctest:Default] XCTPerformOnMainRunLoop[not MT]: waiting 60.00s for work to complete
2026-08-27 01:08:37.555 Df ReactTestApp[64575:8728df6] [com.apple.dt.xctest:Default] Fetching AX attributes XC_kAXXCAttributeLabel for AX element pid: 64575, elementOrHash.elementID: 4502569376.168
2026-08-27 01:08:37.556 Df ReactTestApp[64575:8728df6] [com.apple.dt.xctest:Default] Got attributes, transferring to dictionary for return.
2026-08-27 01:08:37.556 Df ReactTestApp[64575:8728df6] [com.apple.dt.xctest:Default] Checking 'BottomTabs Example' for privileged AX value slot attributes
2026-08-27 01:08:37.556 Df ReactTestApp[64575:87298d5] [com.apple.dt.xctest:Default] Replying with attribute values: {
    "XC_kAXXCAttributeLabel" = "BottomTabs Example";
}
2026-08-27 01:08:37.557 Df ReactTestApp[64575:87298d5] [com.apple.dt.xctest:Default] Received attributes request for element: AX element pid: 64575, elementOrHash.elementID: 4502569376.168. Attributes: (
    "XC_kAXXCAttributeValue"
)
2026-08-27 01:08:37.557 Df ReactTestApp[64575:87298d6] [com.apple.dt.xctest:Default] XCTPerformOnMainRunLoop[not MT]: about to CFRunLoopPerform
2026-08-27 01:08:37.557 Df ReactTestApp[64575:87298d6] [com.apple.dt.xctest:Default] XCTPerformOnMainRunLoop[not MT]: waiting with 30.00s responsiveness timeout
2026-08-27 01:08:37.557 Df ReactTestApp[64575:8728df6] [com.apple.dt.xctest:Default] XCTPerformOnMainRunLoop[MT]: inside CFRunLoopPerform
2026-08-27 01:08:37.557 Df ReactTestApp[64575:8728df6] [com.apple.dt.xctest:Default] XCTPerformOnMainRunLoop[MT]: MT responded in time (won the race to the busy flag)
2026-08-27 01:08:37.557 Df ReactTestApp[64575:87298d6] [com.apple.dt.xctest:Default] XCTPerformOnMainRunLoop[not MT]: waiting 60.00s for work to complete
2026-08-27 01:08:37.557 Df ReactTestApp[64575:8728df6] [com.apple.dt.xctest:Default] Fetching AX attributes XC_kAXXCAttributeValue for AX element pid: 64575, elementOrHash.elementID: 4502569376.168
2026-08-27 01:08:37.557 Df ReactTestApp[64575:8728df6] [com.apple.dt.xctest:Default] Got attributes, transferring to dictionary for return.
2026-08-27 01:08:37.557 Df ReactTestApp[64575:87298d6] [com.apple.dt.xctest:Default] Replying with attribute values: {
}
2026-08-27 01:08:37.558 Df ReactTestApp[64575:87298d6] [com.apple.dt.xctest:Default] Received attributes request for element: AX element pid: 64575, elementOrHash.elementID: 4502569376.168. Attributes: (
    "XC_kAXXCAttributePlaceholderValue"
)
2026-08-27 01:08:37.558 Df ReactTestApp[64575:87298d5] [com.apple.dt.xctest:Default] XCTPerformOnMainRunLoop[not MT]: about to CFRunLoopPerform
2026-08-27 01:08:37.558 Df ReactTestApp[64575:87298d5] [com.apple.dt.xctest:Default] XCTPerformOnMainRunLoop[not MT]: waiting with 30.00s responsiveness timeout
2026-08-27 01:08:37.558 Df ReactTestApp[64575:8728df6] [com.apple.dt.xctest:Default] XCTPerformOnMainRunLoop[MT]: inside CFRunLoopPerform
2026-08-27 01:08:37.558 Df ReactTestApp[64575:8728df6] [com.apple.dt.xctest:Default] XCTPerformOnMainRunLoop[MT]: MT responded in time (won the race to the busy flag)
2026-08-27 01:08:37.558 Df ReactTestApp[64575:87298d5] [com.apple.dt.xctest:Default] XCTPerformOnMainRunLoop[not MT]: waiting 60.00s for work to complete
2026-08-27 01:08:37.558 Df ReactTestApp[64575:8728df6] [com.apple.dt.xctest:Default] Fetching AX attributes XC_kAXXCAttributePlaceholderValue for AX element pid: 64575, elementOrHash.elementID: 4502569376.168
2026-08-27 01:08:37.558 Df ReactTestApp[64575:8728df6] [com.apple.dt.xctest:Default] Got attributes, transferring to dictionary for return.
2026-08-27 01:08:37.558 Df ReactTestApp[64575:87298d5] [com.apple.dt.xctest:Default] Replying with attribute values: {
}
2026-08-27 01:08:37.559 Df ReactTestApp[64575:87298d5] [com.apple.dt.xctest:Default] Received request to fetch matches for query: ↪︎ Descendants matching type Button
    ↪︎ Element at index 0
2026-08-27 01:08:37.559 Df ReactTestApp[64575:87298d5] [com.apple.dt.xctest:Default] Evaluating query:
 ↪︎ Descendants matching type Button
    ↪︎ Element at index 0
2026-08-27 01:08:37.560 Df ReactTestApp[64575:87298d5] [com.apple.dt.xctest:Default] Getting root element snapshot
2026-08-27 01:08:37.560 Df ReactTestApp[64575:87298d5] [com.apple.dt.xctest:Default] Getting snapshot for App element pid: 64575 for query ↪︎ Descendants matching type Button
    ↪︎ Element at index 0
2026-08-27 01:08:37.560 Df ReactTestApp[64575:87298d5] [com.apple.dt.xctest:Default] Query requires iOS snapshot attributes XC_kAXXCAttributeElementType, XC_kAXXCAttributeElementBaseType, XC_kAXXCAttributeAutomationType, XC_kAXXCAttributeTraits.
2026-08-27 01:08:37.560 Df ReactTestApp[64575:87298d5] [com.apple.dt.xctest:Default] XCTPerformOnMainRunLoop[not MT]: about to CFRunLoopPerform
2026-08-27 01:08:37.560 Df ReactTestApp[64575:87298d5] [com.apple.dt.xctest:Default] XCTPerformOnMainRunLoop[not MT]: waiting with 30.00s responsiveness timeout
2026-08-27 01:08:37.560 Df ReactTestApp[64575:8728df6] [com.apple.dt.xctest:Default] XCTPerformOnMainRunLoop[MT]: inside CFRunLoopPerform
2026-08-27 01:08:37.560 Df ReactTestApp[64575:8728df6] [com.apple.dt.xctest:Default] XCTPerformOnMainRunLoop[MT]: MT responded in time (won the race to the busy flag)
2026-08-27 01:08:37.560 Df ReactTestApp[64575:87298d5] [com.apple.dt.xctest:Default] XCTPerformOnMainRunLoop[not MT]: waiting 60.00s for work to complete
2026-08-27 01:08:37.560 Df ReactTestApp[64575:8728df6] [com.apple.dt.xctest:Default] Got main window <AXUIElementRef 0x121da3d10> {pid=64575} {uid=[ID:4 hash:0x10839ce80]}
2026-08-27 01:08:37.560 Df ReactTestApp[64575:8728df6] [com.apple.dt.xctest:Default] Capturing hierarchy with attributes XC_kAXXCAttributeElementType, XC_kAXXCAttributeElementBaseType, XC_kAXXCAttributeParent, XC_kAXXCAttributeIdentifier, XC_kAXXCAttributeAutomationType, XC_kAXXCAttributeTraits
2026-08-27 01:08:37.560 Df ReactTestApp[64575:8728df6] [com.apple.dt.xctest:Default] Capturing hierarchy with parameters {
    attributes =     (
        5003,
        5004,
        5002,
        5019,
        5058,
        2004
    );
    maxArrayCount = 2147483647;
    maxChildren = 2147483647;
    maxDepth = 2147483647;
    snapshotKeyHonorModalViews = 0;
    traverseFromParentsToChildren = 1;
}
2026-08-27 01:08:37.560 Df ReactTestApp[64575:8728df6] [com.apple.dt.xctest:Default] Snapshot attributes 5003, 5004, 5002, 5019, 5058, 2004
2026-08-27 01:08:37.588 Df ReactTestApp[64575:8728df6] [com.apple.dt.xctest:Default] Got snapshot for <AXUIElementRef 0x121dbbe90> {pid=64575} {uid=[ID:1 hash:0x0]}
2026-08-27 01:08:37.588 Df ReactTestApp[64575:8728df6] [com.apple.dt.xctest:Default] Got app orientation 0
2026-08-27 01:08:37.588 Df ReactTestApp[64575:8728df6] [com.apple.dt.xctest:Default] Captured accessibility snapshot data in 0.03s
2026-08-27 01:08:37.588 Df ReactTestApp[64575:87298d5] [com.apple.dt.xctest:Default] Found main window: Window
2026-08-27 01:08:37.588 Df ReactTestApp[64575:87298d5] [com.apple.dt.xctest:Default] Preferring automation type 48 instead of legacy element type OTHER derived from class/trait: UILabel:UILabel 8590000128
2026-08-27 01:08:37.589 Df ReactTestApp[64575:87298d5] [com.apple.dt.xctest:Default] Other is not actually a child of Other, including at this point anyway (rdar://problem/20738636)
2026-08-27 01:08:37.589 Df ReactTestApp[64575:87298d5] [com.apple.dt.xctest:Default] Other is not actually a child of Other, including at this point anyway (rdar://problem/20738636)
2026-08-27 01:08:37.589 Df ReactTestApp[64575:87298d5] [com.apple.dt.xctest:Default] Other is not actually a child of Other, including at this point anyway (rdar://problem/20738636)
2026-08-27 01:08:37.589 Df ReactTestApp[64575:87298d5] [com.apple.dt.xctest:Default] Other is not actually a child of Other, including at this point anyway (rdar://problem/20738636)
2026-08-27 01:08:37.589 Df ReactTestApp[64575:87298d5] [com.apple.dt.xctest:Default] Other is not actually a child of Other, including at this point anyway (rdar://problem/20738636)
2026-08-27 01:08:37.589 Df ReactTestApp[64575:87298d5] [com.apple.dt.xctest:Default] Preferring automation type 24 instead of legacy element type OTHER derived from class/trait: _UIFloatingBarContainerView:_UIFloatingBarContainerView 8589934592
2026-08-27 01:08:37.590 Df ReactTestApp[64575:87298d5] [com.apple.dt.xctest:Default] XCTPerformOnMainRunLoop[not MT]: about to CFRunLoopPerform
2026-08-27 01:08:37.590 Df ReactTestApp[64575:87298d5] [com.apple.dt.xctest:Default] XCTPerformOnMainRunLoop[not MT]: waiting with 30.00s responsiveness timeout
2026-08-27 01:08:37.590 Df ReactTestApp[64575:8728df6] [com.apple.dt.xctest:Default] XCTPerformOnMainRunLoop[MT]: inside CFRunLoopPerform
2026-08-27 01:08:37.590 Df ReactTestApp[64575:8728df6] [com.apple.dt.xctest:Default] XCTPerformOnMainRunLoop[MT]: MT responded in time (won the race to the busy flag)
2026-08-27 01:08:37.590 Df ReactTestApp[64575:87298d5] [com.apple.dt.xctest:Default] XCTPerformOnMainRunLoop[not MT]: waiting 60.00s for work to complete
2026-08-27 01:08:37.590 Df ReactTestApp[64575:8728df6] [com.apple.dt.xctest:Default] XCTElementQuery: set data source for rootElementSnapshot to <XCTAutomationSession: 0x123d75470>
2026-08-27 01:08:37.590 Df ReactTestApp[64575:87298d5] [com.apple.dt.xctest:Default] Finding all matches with input Application, pid: 64575 using transformers
↪︎ Descendants matching type Button
    ↪︎ Element at index 0
2026-08-27 01:08:37.590 Df ReactTestApp[64575:87298d5] [com.apple.dt.xctest:Default] [Match All] applied transformer `Descendants matching type Button` to input {(
    Application, pid: 64575
)}, found {(
    Button, identifier: 'BackButton',
    Button, Selected,
    Button,
    Button,
    Button,
    Button
)}
2026-08-27 01:08:37.590 Df ReactTestApp[64575:87298d5] [com.apple.dt.xctest:Default] [Match All] applied transformer `Element at index 0` to input {(
    Button, identifier: 'BackButton',
    Button, Selected,
    Button,
    Button,
    Button,
    Button
)}, found {(
    Button, identifier: 'BackButton'
)}
2026-08-27 01:08:37.590 Df ReactTestApp[64575:87298d5] [com.apple.dt.xctest:Default] [Match All] setting out related elements {(
)}
2026-08-27 01:08:37.594 Df ReactTestApp[64575:87298d5] [com.apple.dt.xctest:Default] Current tree:
Application, 0x11819e5c0, pid: 64575 <App element pid: 64575>
  Window (Main), 0x118142dc0 <AX element pid: 64575, elementOrHash.elementID: 4432973440.4>
    Other, 0x119c49240 <AX element pid: 64575, elementOrHash.elementID: 4448266304.68>
    Other, 0x110bc6c40 <AX element pid: 64575, elementOrHash.elementID: 4431517824.5>
      Other, 0x110bf1b40 <AX element pid: 64575, elementOrHash.elementID: 4437854080.6>
        Other, 0x110b757c0 <AX element pid: 64575, elementOrHash.elementID: 4437857152.7>
          Other, 0x119c20140 <AX element pid: 64575, elementOrHash.elementID: 4448745536.8>
            Other, 0x119c26ec0 <AX element pid: 64575, elementOrHash.elementID: 4453532800.9>
              Other, 0x11a0bf2c0 <AX element pid: 64575, elementOrHash.elementID: 4453589120.10>
                Other, 0x1181c8bc0 <AX element pid: 64575, elementOrHash.elementID: 4453679232.12>
                  Other, 0x110b8a640 <AX element pid: 64575, elementOrHash.elementID: 4563712640.14>
                    Navigat<…>
2026-08-27 01:08:37.594 Df ReactTestApp[64575:87298d5] [com.apple.dt.xctest:Default] Query ↪︎ Descendants matching type Button
    ↪︎ Element at index 0 found matching snapshots: {(
    Button, identifier: 'BackButton'
)} (error: (null))
2026-08-27 01:08:37.595 Df ReactTestApp[64575:87298d5] [com.apple.dt.xctest:Default] Replying to query ↪︎ Descendants matching type Button
    ↪︎ Element at index 0 with results: <XCTElementQueryResults: 0x10e359750> (error: (null))
2026-08-27 01:08:37.596 Df ReactTestApp[64575:87298d5] [com.apple.dt.xctest:Default] Received attributes request for element: AX element pid: 64575, elementOrHash.elementID: 4502569376.168. Attributes: (
    "XC_kAXXCAttributeHasNativeFocus"
)
2026-08-27 01:08:37.596 Df ReactTestApp[64575:87298d5] [com.apple.dt.xctest:Default] XCTPerformOnMainRunLoop[not MT]: about to CFRunLoopPerform
2026-08-27 01:08:37.596 Df ReactTestApp[64575:87298d5] [com.apple.dt.xctest:Default] XCTPerformOnMainRunLoop[not MT]: waiting with 30.00s responsiveness timeout
2026-08-27 01:08:37.596 Df ReactTestApp[64575:8728df6] [com.apple.dt.xctest:Default] XCTPerformOnMainRunLoop[MT]: inside CFRunLoopPerform
2026-08-27 01:08:37.596 Df ReactTestApp[64575:8728df6] [com.apple.dt.xctest:Default] XCTPerformOnMainRunLoop[MT]: MT responded in time (won the race to the busy flag)
2026-08-27 01:08:37.596 Df ReactTestApp[64575:87298d5] [com.apple.dt.xctest:Default] XCTPerformOnMainRunLoop[not MT]: waiting 60.00s for work to complete
2026-08-27 01:08:37.596 Df ReactTestApp[64575:8728df6] [com.apple.dt.xctest:Default] Fetching AX attributes XC_kAXXCAttributeHasNativeFocus for AX element pid: 64575, elementOrHash.elementID: 4502569376.168
2026-08-27 01:08:37.596 Df ReactTestApp[64575:8728df6] [com.apple.dt.xctest:Default] Got attributes, transferring to dictionary for return.
2026-08-27 01:08:37.597 Df ReactTestApp[64575:87298d5] [com.apple.dt.xctest:Default] Replying with attribute values: {
    "XC_kAXXCAttributeHasNativeFocus" = 0;
}
2026-08-27 01:08:37.597 Df ReactTestApp[64575:87298d5] [com.apple.dt.xctest:Default] Received attributes request for element: AX element pid: 64575, elementOrHash.elementID: 4502569376.168. Attributes: (
    "XC_kAXXCAttributeLabel"
)
2026-08-27 01:08:37.597 Df ReactTestApp[64575:87298d5] [com.apple.dt.xctest:Default] XCTPerformOnMainRunLoop[not MT]: about to CFRunLoopPerform
2026-08-27 01:08:37.597 Df ReactTestApp[64575:87298d5] [com.apple.dt.xctest:Default] XCTPerformOnMainRunLoop[not MT]: waiting with 30.00s responsiveness timeout
2026-08-27 01:08:37.597 Df ReactTestApp[64575:8728df6] [com.apple.dt.xctest:Default] XCTPerformOnMainRunLoop[MT]: inside CFRunLoopPerform
2026-08-27 01:08:37.597 Df ReactTestApp[64575:8728df6] [com.apple.dt.xctest:Default] XCTPerformOnMainRunLoop[MT]: MT responded in time (won the race to the busy flag)
2026-08-27 01:08:37.597 Df ReactTestApp[64575:87298d5] [com.apple.dt.xctest:Default] XCTPerformOnMainRunLoop[not MT]: waiting 60.00s for work to complete
2026-08-27 01:08:37.597 Df ReactTestApp[64575:8728df6] [com.apple.dt.xctest:Default] Fetching AX attributes XC_kAXXCAttributeLabel for AX element pid: 64575, elementOrHash.elementID: 4502569376.168
2026-08-27 01:08:37.598 Df ReactTestApp[64575:8728df6] [com.apple.dt.xctest:Default] Got attributes, transferring to dictionary for return.
2026-08-27 01:08:37.598 Df ReactTestApp[64575:8728df6] [com.apple.dt.xctest:Default] Checking 'BottomTabs Example' for privileged AX value slot attributes
2026-08-27 01:08:37.598 Df ReactTestApp[64575:87298d5] [com.apple.dt.xctest:Default] Replying with attribute values: {
    "XC_kAXXCAttributeLabel" = "BottomTabs Example";
}
2026-08-27 01:08:37.599 Df ReactTestApp[64575:87298d5] [com.apple.dt.xctest:Default] Received attributes request for element: AX element pid: 64575, elementOrHash.elementID: 4502569376.168. Attributes: (
    "XC_kAXXCAttributeValue"
)
2026-08-27 01:08:37.599 Df ReactTestApp[64575:87298d5] [com.apple.dt.xctest:Default] XCTPerformOnMainRunLoop[not MT]: about to CFRunLoopPerform
2026-08-27 01:08:37.599 Df ReactTestApp[64575:87298d5] [com.apple.dt.xctest:Default] XCTPerformOnMainRunLoop[not MT]: waiting with 30.00s responsiveness timeout
2026-08-27 01:08:37.599 Df ReactTestApp[64575:8728df6] [com.apple.dt.xctest:Default] XCTPerformOnMainRunLoop[MT]: inside CFRunLoopPerform
2026-08-27 01:08:37.599 Df ReactTestApp[64575:8728df6] [com.apple.dt.xctest:Default] XCTPerformOnMainRunLoop[MT]: MT responded in time (won the race to the busy flag)
2026-08-27 01:08:37.599 Df ReactTestApp[64575:87298d5] [com.apple.dt.xctest:Default] XCTPerformOnMainRunLoop[not MT]: waiting 60.00s for work to complete
2026-08-27 01:08:37.599 Df ReactTestApp[64575:8728df6] [com.apple.dt.xctest:Default] Fetching AX attributes XC_kAXXCAttributeValue for AX element pid: 64575, elementOrHash.elementID: 4502569376.168
2026-08-27 01:08:37.599 Df ReactTestApp[64575:8728df6] [com.apple.dt.xctest:Default] Got attributes, transferring to dictionary for return.
2026-08-27 01:08:37.599 Df ReactTestApp[64575:87298d5] [com.apple.dt.xctest:Default] Replying with attribute values: {
}
2026-08-27 01:08:37.599 Df ReactTestApp[64575:87298d5] [com.apple.dt.xctest:Default] Received attributes request for element: AX element pid: 64575, elementOrHash.elementID: 4502569376.168. Attributes: (
    "XC_kAXXCAttributePlaceholderValue"
)
2026-08-27 01:08:37.599 Df ReactTestApp[64575:87298d5] [com.apple.dt.xctest:Default] XCTPerformOnMainRunLoop[not MT]: about to CFRunLoopPerform
2026-08-27 01:08:37.599 Df ReactTestApp[64575:87298d5] [com.apple.dt.xctest:Default] XCTPerformOnMainRunLoop[not MT]: waiting with 30.00s responsiveness timeout
2026-08-27 01:08:37.599 Df ReactTestApp[64575:8728df6] [com.apple.dt.xctest:Default] XCTPerformOnMainRunLoop[MT]: inside CFRunLoopPerform
2026-08-27 01:08:37.600 Df ReactTestApp[64575:8728df6] [com.apple.dt.xctest:Default] XCTPerformOnMainRunLoop[MT]: MT responded in time (won the race to the busy flag)
2026-08-27 01:08:37.600 Df ReactTestApp[64575:87298d5] [com.apple.dt.xctest:Default] XCTPerformOnMainRunLoop[not MT]: waiting 60.00s for work to complete
2026-08-27 01:08:37.600 Df ReactTestApp[64575:8728df6] [com.apple.dt.xctest:Default] Fetching AX attributes XC_kAXXCAttributePlaceholderValue for AX element pid: 64575, elementOrHash.elementID: 4502569376.168
2026-08-27 01:08:37.600 Df ReactTestApp[64575:8728df6] [com.apple.dt.xctest:Default] Got attributes, transferring to dictionary for return.
2026-08-27 01:08:37.600 Df ReactTestApp[64575:87298d5] [com.apple.dt.xctest:Default] Replying with attribute values: {
}
2026-08-27 01:08:37.601 Df ReactTestApp[64575:87298d5] [com.apple.dt.xctest:Default] Received request to fetch matches for query: ↪︎ Descendants matching type Button
    ↪︎ Element at index 0
2026-08-27 01:08:37.601 Df ReactTestApp[64575:87298d5] [com.apple.dt.xctest:Default] Evaluating query:
 ↪︎ Descendants matching type Button
    ↪︎ Element at index 0
2026-08-27 01:08:37.601 Df ReactTestApp[64575:87298d5] [com.apple.dt.xctest:Default] Getting root element snapshot
2026-08-27 01:08:37.601 Df ReactTestApp[64575:87298d5] [com.apple.dt.xctest:Default] Getting snapshot for App element pid: 64575 for query ↪︎ Descendants matching type Button
    ↪︎ Element at index 0
2026-08-27 01:08:37.601 Df ReactTestApp[64575:87298d5] [com.apple.dt.xctest:Default] Query requires iOS snapshot attributes XC_kAXXCAttributeElementType, XC_kAXXCAttributeElementBaseType, XC_kAXXCAttributeAutomationType, XC_kAXXCAttributeTraits.
2026-08-27 01:08:37.601 Df ReactTestApp[64575:87298d5] [com.apple.dt.xctest:Default] XCTPerformOnMainRunLoop[not MT]: about to CFRunLoopPerform
2026-08-27 01:08:37.601 Df ReactTestApp[64575:87298d5] [com.apple.dt.xctest:Default] XCTPerformOnMainRunLoop[not MT]: waiting with 30.00s responsiveness timeout
2026-08-27 01:08:37.601 Df ReactTestApp[64575:8728df6] [com.apple.dt.xctest:Default] XCTPerformOnMainRunLoop[MT]: inside CFRunLoopPerform
2026-08-27 01:08:37.602 Df ReactTestApp[64575:8728df6] [com.apple.dt.xctest:Default] XCTPerformOnMainRunLoop[MT]: MT responded in time (won the race to the busy flag)
2026-08-27 01:08:37.602 Df ReactTestApp[64575:87298d5] [com.apple.dt.xctest:Default] XCTPerformOnMainRunLoop[not MT]: waiting 60.00s for work to complete
2026-08-27 01:08:37.602 Df ReactTestApp[64575:8728df6] [com.apple.dt.xctest:Default] Got main window <AXUIElementRef 0x107d94210> {pid=64575} {uid=[ID:4 hash:0x10839ce80]}
2026-08-27 01:08:37.602 Df ReactTestApp[64575:8728df6] [com.apple.dt.xctest:Default] Capturing hierarchy with attributes XC_kAXXCAttributeElementType, XC_kAXXCAttributeElementBaseType, XC_kAXXCAttributeParent, XC_kAXXCAttributeIdentifier, XC_kAXXCAttributeAutomationType, XC_kAXXCAttributeTraits
2026-08-27 01:08:37.602 Df ReactTestApp[64575:8728df6] [com.apple.dt.xctest:Default] Capturing hierarchy with parameters {
    attributes =     (
        5003,
        5004,
        5002,
        5019,
        5058,
        2004
    );
    maxArrayCount = 2147483647;
    maxChildren = 2147483647;
    maxDepth = 2147483647;
    snapshotKeyHonorModalViews = 0;
    traverseFromParentsToChildren = 1;
}
2026-08-27 01:08:37.602 Df ReactTestApp[64575:8728df6] [com.apple.dt.xctest:Default] Snapshot attributes 5003, 5004, 5002, 5019, 5058, 2004
2026-08-27 01:08:37.629 Df ReactTestApp[64575:8728df6] [com.apple.dt.xctest:Default] Got snapshot for <AXUIElementRef 0x128b9da90> {pid=64575} {uid=[ID:1 hash:0x0]}
2026-08-27 01:08:37.629 Df ReactTestApp[64575:8728df6] [com.apple.dt.xctest:Default] Got app orientation 0
2026-08-27 01:08:37.629 Df ReactTestApp[64575:8728df6] [com.apple.dt.xctest:Default] Captured accessibility snapshot data in 0.03s
2026-08-27 01:08:37.629 Df ReactTestApp[64575:87298d5] [com.apple.dt.xctest:Default] Found main window: Window
2026-08-27 01:08:37.629 Df ReactTestApp[64575:87298d5] [com.apple.dt.xctest:Default] Preferring automation type 48 instead of legacy element type OTHER derived from class/trait: UILabel:UILabel 8590000128
2026-08-27 01:08:37.630 Df ReactTestApp[64575:87298d5] [com.apple.dt.xctest:Default] Other is not actually a child of Other, including at this point anyway (rdar://problem/20738636)
2026-08-27 01:08:37.630 Df ReactTestApp[64575:87298d5] [com.apple.dt.xctest:Default] Other is not actually a child of Other, including at this point anyway (rdar://problem/20738636)
2026-08-27 01:08:37.630 Df ReactTestApp[64575:87298d5] [com.apple.dt.xctest:Default] Other is not actually a child of Other, including at this point anyway (rdar://problem/20738636)
2026-08-27 01:08:37.630 Df ReactTestApp[64575:87298d5] [com.apple.dt.xctest:Default] Other is not actually a child of Other, including at this point anyway (rdar://problem/20738636)
2026-08-27 01:08:37.630 Df ReactTestApp[64575:87298d5] [com.apple.dt.xctest:Default] Other is not actually a child of Other, including at this point anyway (rdar://problem/20738636)
2026-08-27 01:08:37.630 Df ReactTestApp[64575:87298d5] [com.apple.dt.xctest:Default] Preferring automation type 24 instead of legacy element type OTHER derived from class/trait: _UIFloatingBarContainerView:_UIFloatingBarContainerView 8589934592
2026-08-27 01:08:37.630 Df ReactTestApp[64575:87298d5] [com.apple.dt.xctest:Default] XCTPerformOnMainRunLoop[not MT]: about to CFRunLoopPerform
2026-08-27 01:08:37.630 Df ReactTestApp[64575:87298d5] [com.apple.dt.xctest:Default] XCTPerformOnMainRunLoop[not MT]: waiting with 30.00s responsiveness timeout
2026-08-27 01:08:37.630 Df ReactTestApp[64575:8728df6] [com.apple.dt.xctest:Default] XCTPerformOnMainRunLoop[MT]: inside CFRunLoopPerform
2026-08-27 01:08:37.630 Df ReactTestApp[64575:8728df6] [com.apple.dt.xctest:Default] XCTPerformOnMainRunLoop[MT]: MT responded in time (won the race to the busy flag)
2026-08-27 01:08:37.630 Df ReactTestApp[64575:87298d5] [com.apple.dt.xctest:Default] XCTPerformOnMainRunLoop[not MT]: waiting 60.00s for work to complete
2026-08-27 01:08:37.630 Df ReactTestApp[64575:8728df6] [com.apple.dt.xctest:Default] XCTElementQuery: set data source for rootElementSnapshot to <XCTAutomationSession: 0x123d75470>
2026-08-27 01:08:37.630 Df ReactTestApp[64575:87298d5] [com.apple.dt.xctest:Default] Finding all matches with input Application, pid: 64575 using transformers
↪︎ Descendants matching type Button
    ↪︎ Element at index 0
2026-08-27 01:08:37.631 Df ReactTestApp[64575:87298d5] [com.apple.dt.xctest:Default] [Match All] applied transformer `Descendants matching type Button` to input {(
    Application, pid: 64575
)}, found {(
    Button, identifier: 'BackButton',
    Button, Selected,
    Button,
    Button,
    Button,
    Button
)}
2026-08-27 01:08:37.631 Df ReactTestApp[64575:87298d5] [com.apple.dt.xctest:Default] [Match All] applied transformer `Element at index 0` to input {(
    Button, identifier: 'BackButton',
    Button, Selected,
    Button,
    Button,
    Button,
    Button
)}, found {(
    Button, identifier: 'BackButton'
)}
2026-08-27 01:08:37.631 Df ReactTestApp[64575:87298d5] [com.apple.dt.xctest:Default] [Match All] setting out related elements {(
)}
2026-08-27 01:08:37.634 Df ReactTestApp[64575:87298d5] [com.apple.dt.xctest:Default] Current tree:
Application, 0x119c367c0, pid: 64575 <App element pid: 64575>
  Window (Main), 0x119c304c0 <AX element pid: 64575, elementOrHash.elementID: 4432973440.4>
    Other, 0x119c2f440 <AX element pid: 64575, elementOrHash.elementID: 4448266304.68>
    Other, 0x119c5ecc0 <AX element pid: 64575, elementOrHash.elementID: 4431517824.5>
      Other, 0x119c2f8c0 <AX element pid: 64575, elementOrHash.elementID: 4437854080.6>
        Other, 0x119c36dc0 <AX element pid: 64575, elementOrHash.elementID: 4437857152.7>
          Other, 0x119c36c40 <AX element pid: 64575, elementOrHash.elementID: 4448745536.8>
            Other, 0x110bd4140 <AX element pid: 64575, elementOrHash.elementID: 4453532800.9>
              Other, 0x119c4fe40 <AX element pid: 64575, elementOrHash.elementID: 4453589120.10>
                Other, 0x110b496c0 <AX element pid: 64575, elementOrHash.elementID: 4453679232.12>
                  Other, 0x119c2fbc0 <AX element pid: 64575, elementOrHash.elementID: 4563712640.14>
                    Navigat<…>
2026-08-27 01:08:37.634 Df ReactTestApp[64575:87298d5] [com.apple.dt.xctest:Default] Query ↪︎ Descendants matching type Button
    ↪︎ Element at index 0 found matching snapshots: {(
    Button, identifier: 'BackButton'
)} (error: (null))
2026-08-27 01:08:37.635 Df ReactTestApp[64575:87298d5] [com.apple.dt.xctest:Default] Replying to query ↪︎ Descendants matching type Button
    ↪︎ Element at index 0 with results: <XCTElementQueryResults: 0x121d6ca90> (error: (null))
2026-08-27 01:08:38.340 I  ReactTestApp[64575:8728df6] [com.apple.Accessibility:AXAppAccessibility] Presentation controller doesn't modalize: <_UIRootPresentationController: 0x1096d6d80>
2026-08-27 01:08:38.341 E  ReactTestApp[64575:8728df6] [com.apple.UIKit:Assert] -[UIApplication statusBarStyle] API has been deprecated and is a no-op on 27.0 and later.
2026-08-27 01:08:38.353 I  ReactTestApp[64575:8728df6] [com.apple.Accessibility:AXRuntimeNotifications] Attempting to send notification:  (4002) <private>
2026-08-27 01:08:38.353 I  ReactTestApp[64575:8728df6] [com.apple.Accessibility:AXRuntimeNotifications] Did post notification. notification:  (4002) error:0 data:<private>
2026-08-27 01:08:39.199 E  ReactTestApp[64575:8728df6] [com.apple.UIKit:Assert] -[UIApplication statusBarStyle] API has been deprecated and is a no-op on 27.0 and later.
2026-08-27 01:08:39.199 I  ReactTestApp[64575:8728df6] [com.apple.Accessibility:AXRuntimeNotifications] Attempting to send notification:  (4002) <private>
2026-08-27 01:08:39.200 I  ReactTestApp[64575:8728df6] [com.apple.Accessibility:AXRuntimeNotifications] Attempting to send notification:  (1025) <private>
2026-08-27 01:08:39.200 I  ReactTestApp[64575:8728df6] [com.apple.Accessibility:AXRuntimeNotifications] Did post notification. notification:  (4002) error:0 data:<private>
2026-08-27 01:08:39.200 I  ReactTestApp[64575:8728df6] [com.apple.Accessibility:AXRuntimeNotifications] Did post notification. notification:  (1025) error:0 data:<private>
2026-08-27 01:08:39.227 Df ReactTestApp[64575:8728df6] [com.apple.UIKit:EventDispatch] Evaluating dispatch of UIEvent: 0x11ba44240; type: 0; subtype: 0; backing type: 11; tagged context: 0x6175CD75; shouldSend: 1; ignoreInteractionEvents: 0, systemGestureStateChange: 0
2026-08-27 01:08:39.227 Df ReactTestApp[64575:8728df6] [com.apple.UIKit:EventDispatch] Sending UIEvent type: 0; subtype: 0; to windows: 1; dispatchLevel: 1
2026-08-27 01:08:39.227 Df ReactTestApp[64575:8728df6] [com.apple.UIKit:EventDispatch] Sending UIEvent type: 0; subtype: 0; to window: <UIWindow: 0x10839ce80>; contextId: 0x6175CD75
2026-08-27 01:08:39.238 A  ReactTestApp[64575:8728df6] (UIKitCore) send gesture actions
2026-08-27 01:08:39.244 A  ReactTestApp[64575:8728df6] (UIKitCore) send gesture actions
2026-08-27 01:08:39.259 Df ReactTestApp[64575:8728df6] [com.apple.UIKit:EventDispatch] Evaluating dispatch of UIEvent: 0x11ba44240; type: 0; subtype: 0; backing type: 11; tagged context: 0x6175CD75; shouldSend: 0; ignoreInteractionEvents: 0, systemGestureStateChange: 0
2026-08-27 01:08:39.268 I  ReactTestApp[64575:8728df6] [com.apple.Accessibility:AXRuntimeNotifications] Attempting to send notification:  (1001) <private>
2026-08-27 01:08:39.278 Df ReactTestApp[64575:8728df6] [com.apple.UIKit:EventDispatch] Evaluating dispatch of UIEvent: 0x11ba44240; type: 0; subtype: 0; backing type: 11; tagged context: 0x6175CD75; shouldSend: 0; ignoreInteractionEvents: 0, systemGestureStateChange: 0
2026-08-27 01:08:39.289 I  ReactTestApp[64575:8728df6] [com.apple.Accessibility:AXRuntimeNotifications] Did post notification. notification:  (1001) error:0 data:<private>
2026-08-27 01:08:39.290 I  ReactTestApp[64575:8728df6] [com.apple.Accessibility:AXRuntimeNotifications] Attempting to send notification:  (1025) <private>
2026-08-27 01:08:39.290 I  ReactTestApp[64575:8728df6] [com.apple.Accessibility:AXRuntimeNotifications] Attempting to send notification:  (1025) <private>
2026-08-27 01:08:39.290 I  ReactTestApp[64575:8728df6] [com.apple.Accessibility:AXRuntimeNotifications] Attempting to send notification:  (1025) <private>
2026-08-27 01:08:39.290 I  ReactTestApp[64575:8728df6] [com.apple.Accessibility:AXRuntimeNotifications] Attempting to send notification:  (1025) <private>
2026-08-27 01:08:39.290 I  ReactTestApp[64575:8728df6] [com.apple.Accessibility:AXRuntimeNotifications] Attempting to send notification:  (1025) <private>
2026-08-27 01:08:39.290 I  ReactTestApp[64575:8728df6] [com.apple.Accessibility:AXRuntimeNotifications] Attempting to send notification:  (1025) <private>
2026-08-27 01:08:39.290 I  ReactTestApp[64575:8728df6] [com.apple.Accessibility:AXRuntimeNotifications] Attempting to send notification:  (1025) <private>
2026-08-27 01:08:39.290 I  ReactTestApp[64575:8728df6] [com.apple.Accessibility:AXRuntimeNotifications] Attempting to send notification:  (1025) <private>
2026-08-27 01:08:39.290 I  ReactTestApp[64575:8728df6] [com.apple.Accessibility:AXRuntimeNotifications] Attempting to send notification:  (1025) <private>
2026-08-27 01:08:39.290 I  ReactTestApp[64575:8728df6] [com.apple.Accessibility:AXRuntimeNotifications] Attempting to send notification:  (1025) <private>
2026-08-27 01:08:39.290 I  ReactTestApp[64575:8728df6] [com.apple.Accessibility:AXRuntimeNotifications] Attempting to send notification:  (1025) <private>
2026-08-27 01:08:39.290 I  ReactTestApp[64575:8728df6] [com.apple.Accessibility:AXRuntimeNotifications] Attempting to send notification:  (1025) <private>
2026-08-27 01:08:39.290 I  ReactTestApp[64575:8728df6] [com.apple.Accessibility:AXRuntimeNotifications] Attempting to send notification:  (1025) <private>
2026-08-27 01:08:39.290 I  ReactTestApp[64575:8728df6] [com.apple.Accessibility:AXRuntimeNotifications] Attempting to send notification:  (1025) <private>
2026-08-27 01:08:39.290 I  ReactTestApp[64575:8728df6] [com.apple.Accessibility:AXRuntimeNotifications] Attempting to send notification:  (1025) <private>
2026-08-27 01:08:39.290 I  ReactTestApp[64575:8728df6] [com.apple.Accessibility:AXRuntimeNotifications] Attempting to send notification:  (1025) <private>
2026-08-27 01:08:39.290 I  ReactTestApp[64575:8728df6] [com.apple.Accessibility:AXRuntimeNotifications] Attempting to send notification:  (1025) <private>
2026-08-27 01:08:39.291 I  ReactTestApp[64575:8728df6] [com.apple.Accessibility:AXRuntimeNotifications] Attempting to send notification:  (1025) <private>
2026-08-27 01:08:39.291 I  ReactTestApp[64575:8728df6] [com.apple.Accessibility:AXRuntimeNotifications] Attempting to send notification:  (1025) <private>
2026-08-27 01:08:39.291 I  ReactTestApp[64575:8728df6] [com.apple.Accessibility:AXRuntimeNotifications] Attempting to send notification:  (1025) <private>
2026-08-27 01:08:39.291 I  ReactTestApp[64575:8728df6] [com.apple.Accessibility:AXRuntimeNotifications] Attempting to send notification:  (1025) <private>
2026-08-27 01:08:39.291 I  ReactTestApp[64575:8728df6] [com.apple.Accessibility:AXRuntimeNotifications] Attempting to send notification:  (1025) <private>
2026-08-27 01:08:39.291 I  ReactTestApp[64575:8728df6] [com.apple.Accessibility:AXRuntimeNotifications] Attempting to send notification:  (1025) <private>
2026-08-27 01:08:39.291 I  ReactTestApp[64575:8728df6] [com.apple.Accessibility:AXRuntimeNotifications] Attempting to send notification:  (1025) <private>
2026-08-27 01:08:39.291 I  ReactTestApp[64575:8728df6] [com.apple.Accessibility:AXRuntimeNotifications] Attempting to send notification:  (1025) <private>
2026-08-27 01:08:39.291 I  ReactTestApp[64575:8728df6] [com.apple.Accessibility:AXRuntimeNotifications] Attempting to send notification:  (1025) <private>
2026-08-27 01:08:39.291 I  ReactTestApp[64575:8728df6] [com.apple.Accessibility:AXRuntimeNotifications] Attempting to send notification:  (1025) <private>
2026-08-27 01:08:39.291 I  ReactTestApp[64575:8728df6] [com.apple.Accessibility:AXRuntimeNotifications] Attempting to send notification:  (1025) <private>
2026-08-27 01:08:39.291 I  ReactTestApp[64575:8728df6] [com.apple.Accessibility:AXRuntimeNotifications] Attempting to send notification:  (1025) <private>
2026-08-27 01:08:39.291 I  ReactTestApp[64575:8728df6] [com.apple.Accessibility:AXRuntimeNotifications] Attempting to send notification:  (1025) <private>
2026-08-27 01:08:39.291 I  ReactTestApp[64575:8728df6] [com.apple.Accessibility:AXRuntimeNotifications] Attempting to send notification:  (1025) <private>
2026-08-27 01:08:39.291 I  ReactTestApp[64575:8728df6] [com.apple.Accessibility:AXRuntimeNotifications] Attempting to send notification:  (1025) <private>
2026-08-27 01:08:39.291 I  ReactTestApp[64575:8728df6] [com.apple.Accessibility:AXRuntimeNotifications] Attempting to send notification:  (1025) <private>
2026-08-27 01:08:39.291 I  ReactTestApp[64575:8728df6] [com.apple.Accessibility:AXRuntimeNotifications] Attempting to send notification:  (1025) <private>
2026-08-27 01:08:39.291 I  ReactTestApp[64575:8728df6] [com.apple.Accessibility:AXRuntimeNotifications] Attempting to send notification:  (1025) <private>
2026-08-27 01:08:39.292 I  ReactTestApp[64575:8728df6] [com.apple.Accessibility:AXRuntimeNotifications] Attempting to send notification:  (1025) <private>
2026-08-27 01:08:39.292 I  ReactTestApp[64575:8728df6] [com.apple.Accessibility:AXRuntimeNotifications] Attempting to send notification:  (1025) <private>
2026-08-27 01:08:39.292 I  ReactTestApp[64575:8728df6] [com.apple.Accessibility:AXRuntimeNotifications] Attempting to send notification:  (1025) <private>
2026-08-27 01:08:39.292 I  ReactTestApp[64575:8728df6] [com.apple.Accessibility:AXRuntimeNotifications] Attempting to send notification:  (1025) <private>
2026-08-27 01:08:39.292 I  ReactTestApp[64575:8728df6] [com.apple.Accessibility:AXRuntimeNotifications] Attempting to send notification:  (1025) <private>
2026-08-27 01:08:39.292 I  ReactTestApp[64575:8728df6] [com.apple.Accessibility:AXRuntimeNotifications] Attempting to send notification:  (1025) <private>
2026-08-27 01:08:39.292 I  ReactTestApp[64575:8728df6] [com.apple.Accessibility:AXRuntimeNotifications] Attempting to send notification:  (1025) <private>
2026-08-27 01:08:39.292 I  ReactTestApp[64575:8728df6] [com.apple.Accessibility:AXRuntimeNotifications] Attempting to send notification:  (1025) <private>
2026-08-27 01:08:39.292 I  ReactTestApp[64575:8728df6] [com.apple.Accessibility:AXRuntimeNotifications] Attempting to send notification:  (1025) <private>
2026-08-27 01:08:39.292 I  ReactTestApp[64575:8728df6] [com.apple.Accessibility:AXRuntimeNotifications] Attempting to send notification:  (1025) <private>
2026-08-27 01:08:39.293 Df ReactTestApp[64575:8728df6] [com.apple.UIKit:EventDispatch] Evaluating dispatch of UIEvent: 0x11ba44240; type: 0; subtype: 0; backing type: 11; tagged context: 0x6175CD75; shouldSend: 0; ignoreInteractionEvents: 0, systemGestureStateChange: 0
2026-08-27 01:08:39.293 Df ReactTestApp[64575:8728df6] [com.apple.UIKit:EventDispatch] Evaluating dispatch of UIEvent: 0x11ba44240; type: 0; subtype: 0; backing type: 11; tagged context: 0x6175CD75; shouldSend: 1; ignoreInteractionEvents: 0, systemGestureStateChange: 0
2026-08-27 01:08:39.293 Df ReactTestApp[64575:8728df6] [com.apple.UIKit:EventDispatch] Sending UIEvent type: 0; subtype: 0; to windows: 1; dispatchLevel: 1
2026-08-27 01:08:39.293 Df ReactTestApp[64575:8728df6] [com.apple.UIKit:EventDispatch] Sending UIEvent type: 0; subtype: 0; to window: <UIWindow: 0x10839ce80>; contextId: 0x6175CD75
2026-08-27 01:08:39.293 A  ReactTestApp[64575:8728df6] (UIKitCore) send gesture actions
2026-08-27 01:08:39.293 A  ReactTestApp[64575:8728df6] (UIKitCore) send gesture actions
2026-08-27 01:08:39.294 A  ReactTestApp[64575:8728df6] (UIKitCore) send control actions
2026-08-27 01:08:39.294 Df ReactTestApp[64575:8728df6] (CoreFoundation) Incorrect NSStringEncoding value 0x8000100 detected. Assuming NSStringEncodingASCII. Will stop this compatibility mapping behavior in the near future.
2026-08-27 01:08:39.295 Df ReactTestApp[64575:8728df6] [com.apple.UIKit:EventDispatch] Enqueueing block for execution after current event dispatch completes
2026-08-27 01:08:39.295 Df ReactTestApp[64575:8728df6] [com.apple.UIKit:EventDispatch] Enqueueing block for execution after current event dispatch completes
2026-08-27 01:08:39.295 Df ReactTestApp[64575:8728df6] [com.apple.UIKit:EventDispatch] Enqueueing block for execution after current event dispatch completes
2026-08-27 01:08:39.296 Df ReactTestApp[64575:8728df6] [com.apple.UIKit:EventDispatch] Enqueueing block for execution after current event dispatch completes
2026-08-27 01:08:39.296 Df ReactTestApp[64575:8728df6] [com.apple.UIKit:EventDispatch] Enqueueing block for execution after current event dispatch completes
2026-08-27 01:08:39.296 Df ReactTestApp[64575:8728df6] [com.apple.UIKit:EventDispatch] Enqueueing block for execution after current event dispatch completes
2026-08-27 01:08:39.296 Df ReactTestApp[64575:8728df6] [com.apple.UIKit:EventDispatch] Enqueueing block for execution after current event dispatch completes
2026-08-27 01:08:39.296 Df ReactTestApp[64575:8728df6] [com.apple.UIKit:EventDispatch] Enqueueing block for execution after current event dispatch completes
2026-08-27 01:08:39.296 Df ReactTestApp[64575:8728df6] [com.apple.UIKit:EventDispatch] Enqueueing block for execution after current event dispatch completes
2026-08-27 01:08:39.296 Df ReactTestApp[64575:8728df6] [com.apple.UIKit:EventDispatch] Enqueueing block for execution after current event dispatch completes
2026-08-27 01:08:39.296 Df ReactTestApp[64575:8728df6] [com.apple.UIKit:EventDispatch] Enqueueing block for execution after current event dispatch completes
2026-08-27 01:08:39.296 Df ReactTestApp[64575:8728df6] [com.apple.UIKit:EventDispatch] Enqueueing block for execution after current event dispatch completes
2026-08-27 01:08:39.296 Df ReactTestApp[64575:8728df6] [com.apple.UIKit:EventDispatch] Enqueueing block for execution after current event dispatch completes
2026-08-27 01:08:39.296 Df ReactTestApp[64575:8728df6] [com.apple.UIKit:EventDispatch] Enqueueing block for execution after current event dispatch completes
2026-08-27 01:08:39.296 Df ReactTestApp[64575:8728df6] [com.apple.UIKit:EventDispatch] Enqueueing block for execution after current event dispatch completes
2026-08-27 01:08:39.296 Df ReactTestApp[64575:8728df6] [com.apple.UIKit:EventDispatch] Enqueueing block for execution after current event dispatch completes
2026-08-27 01:08:39.296 Df ReactTestApp[64575:8728df6] [com.apple.UIKit:EventDispatch] Enqueueing block for execution after current event dispatch completes
2026-08-27 01:08:39.296 Df ReactTestApp[64575:8728df6] [com.apple.UIKit:EventDispatch] Enqueueing block for execution after current event dispatch completes
2026-08-27 01:08:39.296 Df ReactTestApp[64575:8728df6] [com.apple.UIKit:EventDispatch] Enqueueing block for execution after current event dispatch completes
2026-08-27 01:08:39.296 Df ReactTestApp[64575:8728df6] [com.apple.UIKit:EventDispatch] Enqueueing block for execution after current event dispatch completes
2026-08-27 01:08:39.296 Df ReactTestApp[64575:8728df6] [com.apple.UIKit:EventDispatch] Enqueueing block for execution after current event dispatch completes
2026-08-27 01:08:39.296 Df ReactTestApp[64575:8728df6] [com.apple.UIKit:EventDispatch] Enqueueing block for execution after current event dispatch completes
2026-08-27 01:08:39.296 Df ReactTestApp[64575:8728df6] [com.apple.UIKit:EventDispatch] Enqueueing block for execution after current event dispatch completes
2026-08-27 01:08:39.296 Df ReactTestApp[64575:8728df6] [com.apple.UIKit:EventDispatch] Enqueueing block for execution after current event dispatch completes
2026-08-27 01:08:39.296 Df ReactTestApp[64575:8728df6] [com.apple.UIKit:EventDispatch] Enqueueing block for execution after current event dispatch completes
2026-08-27 01:08:39.296 Df ReactTestApp[64575:8728df6] [com.apple.UIKit:EventDispatch] Enqueueing block for execution after current event dispatch completes
2026-08-27 01:08:39.296 Df ReactTestApp[64575:8728df6] [com.apple.UIKit:EventDispatch] Enqueueing block for execution after current event dispatch completes
2026-08-27 01:08:39.296 Df ReactTestApp[64575:8728df6] [com.apple.UIKit:EventDispatch] Enqueueing block for execution after current event dispatch completes
2026-08-27 01:08:39.296 Df ReactTestApp[64575:8728df6] [com.apple.UIKit:EventDispatch] Enqueueing block for execution after current event dispatch completes
2026-08-27 01:08:39.296 Df ReactTestApp[64575:8728df6] [com.apple.UIKit:EventDispatch] Enqueueing block for execution after current event dispatch completes
2026-08-27 01:08:39.296 Df ReactTestApp[64575:8728df6] [com.apple.UIKit:EventDispatch] Enqueueing block for execution after current event dispatch completes
2026-08-27 01:08:39.296 Df ReactTestApp[64575:8728df6] [com.apple.UIKit:EventDispatch] Enqueueing block for execution after current event dispatch completes
2026-08-27 01:08:39.296 Df ReactTestApp[64575:8728df6] [com.apple.UIKit:EventDispatch] Enqueueing block for execution after current event dispatch completes
2026-08-27 01:08:39.296 Df ReactTestApp[64575:8728df6] [com.apple.UIKit:EventDispatch] Enqueueing block for execution after current event dispatch completes
2026-08-27 01:08:39.296 Df ReactTestApp[64575:8728df6] [com.apple.UIKit:EventDispatch] Enqueueing block for execution after current event dispatch completes
2026-08-27 01:08:39.296 Df ReactTestApp[64575:8728df6] [com.apple.UIKit:EventDispatch] Enqueueing block for execution after current event dispatch completes
2026-08-27 01:08:39.296 Df ReactTestApp[64575:8728df6] [com.apple.UIKit:EventDispatch] Enqueueing block for execution after current event dispatch completes
2026-08-27 01:08:39.296 Df ReactTestApp[64575:8728df6] [com.apple.UIKit:EventDispatch] Enqueueing block for execution after current event dispatch completes
2026-08-27 01:08:39.296 Df ReactTestApp[64575:8728df6] [com.apple.UIKit:EventDispatch] Enqueueing block for execution after current event dispatch completes
2026-08-27 01:08:39.297 Df ReactTestApp[64575:8728df6] [com.apple.UIKit:EventDispatch] Enqueueing block for execution after current event dispatch completes
2026-08-27 01:08:39.297 Df ReactTestApp[64575:8728df6] [com.apple.UIKit:EventDispatch] Enqueueing block for execution after current event dispatch completes
2026-08-27 01:08:39.297 Df ReactTestApp[64575:8728df6] [com.apple.UIKit:EventDispatch] Enqueueing block for execution after current event dispatch completes
2026-08-27 01:08:39.297 Df ReactTestApp[64575:8728df6] [com.apple.UIKit:EventDispatch] Enqueueing block for execution after current event dispatch completes
2026-08-27 01:08:39.297 Df ReactTestApp[64575:8728df6] [com.apple.UIKit:EventDispatch] Enqueueing block for execution after current event dispatch completes
2026-08-27 01:08:39.297 Df ReactTestApp[64575:8728df6] [com.apple.UIKit:EventDispatch] Enqueueing block for execution after current event dispatch completes
2026-08-27 01:08:39.297 Df ReactTestApp[64575:8728df6] [com.apple.UIKit:EventDispatch] Enqueueing block for execution after current event dispatch completes
2026-08-27 01:08:39.297 Df ReactTestApp[64575:8728df6] [com.apple.UIKit:EventDispatch] Enqueueing block for execution after current event dispatch completes
2026-08-27 01:08:39.297 I  ReactTestApp[64575:8728df6] [com.apple.Accessibility:AXRuntimeNotifications] Attempting to send notification:  (1000) <private>
2026-08-27 01:08:39.299 I  ReactTestApp[64575:8728df6] [com.apple.Accessibility:AXRuntimeNotifications] Attempting to send notification:  (4002) <private>
2026-08-27 01:08:39.299 Df ReactTestApp[64575:8728df6] [com.apple.UIKit:EventDispatch] Draining post send event blocks: 47; pass: 1
2026-08-27 01:08:39.299 Df ReactTestApp[64575:8728df6] [com.apple.UIKit:EventDispatch] Evaluating dispatch of UIEvent: 0x11ba44240; type: 0; subtype: 0; backing type: 11; tagged context: 0x6175CD75; shouldSend: 0; ignoreInteractionEvents: 0, systemGestureStateChange: 1
2026-08-27 01:08:39.305 E  ReactTestApp[64575:8728df6] [com.apple.coreanimation:API] cannot add handler to 0 from 0 - dropping
2026-08-27 01:08:39.305 E  ReactTestApp[64575:8728df6] [com.apple.coreanimation:API] cannot add handler to 0 from 0 - dropping
2026-08-27 01:08:39.305 E  ReactTestApp[64575:8728df6] [com.apple.coreanimation:API] cannot add handler to 0 from 0 - dropping
2026-08-27 01:08:39.305 E  ReactTestApp[64575:8728df6] [com.apple.coreanimation:API] cannot add handler to 0 from 0 - dropping
2026-08-27 01:08:39.305 E  ReactTestApp[64575:8728df6] [com.apple.UIKit:Assert] -[UIApplication statusBarStyle] API has been deprecated and is a no-op on 27.0 and later.
2026-08-27 01:08:39.305 I  ReactTestApp[64575:8728df6] [com.apple.Accessibility:AXRuntimeNotifications] Attempting to send notification:  (4002) <private>
2026-08-27 01:08:39.305 I  ReactTestApp[64575:8728df6] [com.apple.Accessibility:AXRuntimeNotifications] Attempting to send notification:  (4002) <private>
2026-08-27 01:08:39.306 E  ReactTestApp[64575:8728df6] [com.apple.coreanimation:API] cannot add handler to 0 from 0 - dropping
2026-08-27 01:08:39.306 E  ReactTestApp[64575:8728df6] [com.apple.coreanimation:API] cannot add handler to 0 from 0 - dropping
2026-08-27 01:08:39.306 E  ReactTestApp[64575:8728df6] [com.apple.coreanimation:API] cannot add handler to 0 from 0 - dropping
2026-08-27 01:08:39.306 E  ReactTestApp[64575:8728df6] [com.apple.coreanimation:API] cannot add handler to 0 from 0 - dropping
2026-08-27 01:08:39.306 E  ReactTestApp[64575:8728df6] [com.apple.coreanimation:API] cannot add handler to 0 from 0 - dropping
2026-08-27 01:08:39.306 E  ReactTestApp[64575:8728df6] [com.apple.UIKit:Assert] -[UIApplication statusBarStyle] API has been deprecated and is a no-op on 27.0 and later.
2026-08-27 01:08:39.308 I  ReactTestApp[64575:8728df6] [com.apple.Accessibility:AXRuntimeNotifications] Did post notification. notification:  (1025) error:0 data:<private>
2026-08-27 01:08:39.309 I  ReactTestApp[64575:8728df6] [com.apple.Accessibility:AXRuntimeNotifications] Did post notification. notification:  (1000) error:0 data:<private>
2026-08-27 01:08:39.309 I  ReactTestApp[64575:8728df6] [com.apple.Accessibility:AXRuntimeNotifications] Did post notification. notification:  (4002) error:0 data:<private>
2026-08-27 01:08:39.309 I  ReactTestApp[64575:8728df6] [com.apple.Accessibility:AXRuntimeNotifications] Attempting to send notification:  (1025) <private>
2026-08-27 01:08:39.309 I  ReactTestApp[64575:8728df6] [com.apple.Accessibility:AXRuntimeNotifications] Attempting to send notification:  (1025) <private>
2026-08-27 01:08:39.309 I  ReactTestApp[64575:8728df6] [com.apple.Accessibility:AXRuntimeNotifications] Attempting to send notification:  (1025) <private>
2026-08-27 01:08:39.309 I  ReactTestApp[64575:8728df6] [com.apple.Accessibility:AXRuntimeNotifications] Attempting to send notification:  (1025) <private>
2026-08-27 01:08:39.309 I  ReactTestApp[64575:8728df6] [com.apple.Accessibility:AXRuntimeNotifications] Attempting to send notification:  (1025) <private>
2026-08-27 01:08:39.309 I  ReactTestApp[64575:8728df6] [com.apple.Accessibility:AXRuntimeNotifications] Attempting to send notification:  (1025) <private>
2026-08-27 01:08:39.309 I  ReactTestApp[64575:8728df6] [com.apple.Accessibility:AXRuntimeNotifications] Attempting to send notification:  (1025) <private>
2026-08-27 01:08:39.309 I  ReactTestApp[64575:8728df6] [com.apple.Accessibility:AXRuntimeNotifications] Attempting to send notification:  (1025) <private>
2026-08-27 01:08:39.309 I  ReactTestApp[64575:8728df6] [com.apple.Accessibility:AXRuntimeNotifications] Attempting to send notification:  (1025) <private>
2026-08-27 01:08:39.309 I  ReactTestApp[64575:8728df6] [com.apple.Accessibility:AXRuntimeNotifications] Attempting to send notification:  (1025) <private>
2026-08-27 01:08:39.309 I  ReactTestApp[64575:8728df6] [com.apple.Accessibility:AXRuntimeNotifications] Did post notification. notification:  (4002) error:0 data:<private>
2026-08-27 01:08:39.309 I  ReactTestApp[64575:8728df6] [com.apple.Accessibility:AXRuntimeNotifications] Did post notification. notification:  (4002) error:0 data:<private>
2026-08-27 01:08:39.310 I  ReactTestApp[64575:8728df6] [com.apple.Accessibility:AXRuntimeNotifications] Did post notification. notification:  (1025) error:0 data:<private>
2026-08-27 01:08:39.310 A  ReactTestApp[64575:8728df6] (UIKitCore) send gesture actions
2026-08-27 01:08:39.310 A  ReactTestApp[64575:8728df6] (UIKitCore) send gesture actions
2026-08-27 01:08:39.320 I  ReactTestApp[64575:8728df6] [com.apple.Accessibility:AXRuntimeNotifications] Attempting to send notification:  (1025) <private>
2026-08-27 01:08:39.320 I  ReactTestApp[64575:8728df6] [com.apple.Accessibility:AXRuntimeNotifications] Attempting to send notification:  (1025) <private>
2026-08-27 01:08:39.320 I  ReactTestApp[64575:8728df6] [com.apple.Accessibility:AXRuntimeNotifications] Attempting to send notification:  (1025) <private>
2026-08-27 01:08:39.320 I  ReactTestApp[64575:8728df6] [com.apple.Accessibility:AXRuntimeNotifications] Did post notification. notification:  (1025) error:0 data:<private>
2026-08-27 01:08:39.329 Df ReactTestApp[64575:8728df6] [com.apple.UIKit:KeyboardFocusAssistant] requestKeyboardFocusWithProvenance:<BKSHIDEventSimpleProvenance: 0x128bbde90> (token:<uq: 1; UIKit-localContainer>)
2026-08-27 01:08:39.331 I  ReactTestApp[64575:8728e65] [com.facebook.react.log:javascript] 'ios', ' Rendering Contacts'
2026-08-27 01:08:39.337 I  ReactTestApp[64575:8728df6] [com.apple.Accessibility:AXRuntimeNotifications] Attempting to send notification:  (1025) <private>
2026-08-27 01:08:39.337 I  ReactTestApp[64575:8728df6] [com.apple.Accessibility:AXRuntimeNotifications] Attempting to send notification:  (1025) <private>
2026-08-27 01:08:39.337 I  ReactTestApp[64575:8728df6] [com.apple.Accessibility:AXRuntimeNotifications] Attempting to send notification:  (1025) <private>
2026-08-27 01:08:39.337 I  ReactTestApp[64575:8728df6] [com.apple.Accessibility:AXRuntimeNotifications] Did post notification. notification:  (1025) error:0 data:<private>
2026-08-27 01:08:39.343 I  ReactTestApp[64575:8728e65] [com.facebook.react.log:javascript] SafeAreaView has been deprecated and will be removed in a future release. Please use 'react-native-safe-area-context' instead. See https://github.com/th3rdwave/react-native-safe-area-context
2026-08-27 01:08:39.353 I  ReactTestApp[64575:8728df6] [com.apple.Accessibility:AXRuntimeNotifications] Attempting to send notification:  (1025) <private>
2026-08-27 01:08:39.353 I  ReactTestApp[64575:8728df6] [com.apple.Accessibility:AXRuntimeNotifications] Attempting to send notification:  (1025) <private>
2026-08-27 01:08:39.354 I  ReactTestApp[64575:8728df6] [com.apple.Accessibility:AXRuntimeNotifications] Attempting to send notification:  (1025) <private>
2026-08-27 01:08:39.354 I  ReactTestApp[64575:8728df6] [com.apple.Accessibility:AXRuntimeNotifications] Did post notification. notification:  (1025) error:0 data:<private>
2026-08-27 01:08:39.370 I  ReactTestApp[64575:8728df6] [com.apple.Accessibility:AXRuntimeNotifications] Attempting to send notification:  (1025) <private>
2026-08-27 01:08:39.370 I  ReactTestApp[64575:8728df6] [com.apple.Accessibility:AXRuntimeNotifications] Attempting to send notification:  (1025) <private>
2026-08-27 01:08:39.370 I  ReactTestApp[64575:8728df6] [com.apple.Accessibility:AXRuntimeNotifications] Attempting to send notification:  (1025) <private>
2026-08-27 01:08:39.370 I  ReactTestApp[64575:8728df6] [com.apple.Accessibility:AXRuntimeNotifications] Did post notification. notification:  (1025) error:0 data:<private>
2026-08-27 01:08:39.387 I  ReactTestApp[64575:8728df6] [com.apple.Accessibility:AXRuntimeNotifications] Attempting to send notification:  (1025) <private>
2026-08-27 01:08:39.387 I  ReactTestApp[64575:8728df6] [com.apple.Accessibility:AXRuntimeNotifications] Attempting to send notification:  (1025) <private>
2026-08-27 01:08:39.387 I  ReactTestApp[64575:8728df6] [com.apple.Accessibility:AXRuntimeNotifications] Attempting to send notification:  (1025) <private>
2026-08-27 01:08:39.387 I  ReactTestApp[64575:8728df6] [com.apple.Accessibility:AXRuntimeNotifications] Did post notification. notification:  (1025) error:0 data:<private>
2026-08-27 01:08:39.403 I  ReactTestApp[64575:8728df6] [com.apple.Accessibility:AXRuntimeNotifications] Attempting to send notification:  (1025) <private>
2026-08-27 01:08:39.404 I  ReactTestApp[64575:8728df6] [com.apple.Accessibility:AXRuntimeNotifications] Attempting to send notification:  (1025) <private>
2026-08-27 01:08:39.404 I  ReactTestApp[64575:8728df6] [com.apple.Accessibility:AXRuntimeNotifications] Attempting to send notification:  (1025) <private>
2026-08-27 01:08:39.404 I  ReactTestApp[64575:8728df6] [com.apple.Accessibility:AXRuntimeNotifications] Attempting to send notification:  (1025) <private>
2026-08-27 01:08:39.404 I  ReactTestApp[64575:8728df6] [com.apple.Accessibility:AXRuntimeNotifications] Did post notification. notification:  (1025) error:0 data:<private>
2026-08-27 01:08:39.420 I  ReactTestApp[64575:8728df6] [com.apple.Accessibility:AXRuntimeNotifications] Attempting to send notification:  (1025) <private>
2026-08-27 01:08:39.420 I  ReactTestApp[64575:8728df6] [com.apple.Accessibility:AXRuntimeNotifications] Attempting to send notification:  (1025) <private>
2026-08-27 01:08:39.420 I  ReactTestApp[64575:8728df6] [com.apple.Accessibility:AXRuntimeNotifications] Attempting to send notification:  (1025) <private>
2026-08-27 01:08:39.420 I  ReactTestApp[64575:8728df6] [com.apple.Accessibility:AXRuntimeNotifications] Did post notification. notification:  (1025) error:0 data:<private>
2026-08-27 01:08:39.430 I  ReactTestApp[64575:8728e65] [com.facebook.react.log:javascript] ┘ %caction %cNAVIGATE %c{ %cname%c: %c"Contacts"%c, %cparams%c: %cundefined%c, %cmerge%c: %cundefined%c, %cpop%c: %cundefined%c }
2026-08-27 01:08:39.432 I  ReactTestApp[64575:8728e65] [com.facebook.react.log:javascript] │ '%caction', 'color: #C2185B; font-weight: bold', { type: 'NAVIGATE',
  payload:
   { name: 'Contacts',
     params: undefined,
     merge: undefined,
     pop: undefined },
  target: 'tab-sqiYlZ7KLG1cWJOyOLZgH' }
2026-08-27 01:08:39.433 I  ReactTestApp[64575:8728e65] [com.facebook.react.log:javascript] │ '%cstate', 'color: #C2185B; font-weight: bold', { stale: false,
  type: 'stack',
  key: 'stack-hDyYOUh9b7HYyR9fgYENt',
  index: 1,
  routeNames:
   [ 'BottomTabs Example',
     'Three Tabs',
     'Four Tabs',
     'Five Tabs',
     'Six Tabs',
     'SF Symbols',
     'Labeled Tabs',
     'Unlabeled Tabs',
     'Embedded stacks',
     'Lazy Tabs',
     'Tab Bar Hidden',
     'Custom tabBar',
     'Original icon colors',
     'Four Tabs - no animations',
     'Four Tabs - Transparent scroll edge appearance',
     'Four Tabs - Opaque scroll edge appearance',
     'Four Tabs - Custom Background Color of Tabs',
     'Four Tabs - Active Indicator color',
     'Four Tabs - With Hidden Tab',
     'Native Bottom Tabs with freezeOnBlur',
     'Native Bottom Tabs with SVG Icons',
     'Native Bottom Tabs unmounting',
     'Native Bottom Tabs with SVG Remote Icons',
     'Native Bottom Tabs with custom tabBar',
     'Native Bottom Tabs with screenLayout',
     'Native Bottom Tabs with Lazy',
     'Native Bo<…>
2026-08-27 01:08:39.433 I  ReactTestApp[64575:8728e65] [com.facebook.react.log:javascript] ┘
2026-08-27 01:08:39.478 I  ReactTestApp[64575:8728df6] [com.apple.Accessibility:AXRuntimeNotifications] Attempting to send notification:  (1025) <private>
2026-08-27 01:08:39.478 I  ReactTestApp[64575:8728df6] [com.apple.Accessibility:AXRuntimeNotifications] Attempting to send notification:  (1025) <private>
2026-08-27 01:08:39.478 I  ReactTestApp[64575:8728df6] [com.apple.Accessibility:AXRuntimeNotifications] Attempting to send notification:  (1025) <private>
2026-08-27 01:08:39.478 I  ReactTestApp[64575:8728df6] [com.apple.Accessibility:AXRuntimeNotifications] Attempting to send notification:  (1025) <private>
2026-08-27 01:08:39.478 I  ReactTestApp[64575:8728df6] [com.apple.Accessibility:AXRuntimeNotifications] Attempting to send notification:  (1025) <private>
2026-08-27 01:08:39.478 I  ReactTestApp[64575:8728df6] [com.apple.Accessibility:AXRuntimeNotifications] Attempting to send notification:  (1025) <private>
2026-08-27 01:08:39.478 I  ReactTestApp[64575:8728df6] [com.apple.Accessibility:AXRuntimeNotifications] Attempting to send notification:  (1025) <private>
2026-08-27 01:08:39.478 I  ReactTestApp[64575:8728df6] [com.apple.Accessibility:AXRuntimeNotifications] Attempting to send notification:  (1025) <private>
2026-08-27 01:08:39.478 I  ReactTestApp[64575:8728df6] [com.apple.Accessibility:AXRuntimeNotifications] Attempting to send notification:  (1025) <private>
2026-08-27 01:08:39.478 I  ReactTestApp[64575:8728df6] [com.apple.Accessibility:AXRuntimeNotifications] Attempting to send notification:  (1025) <private>
2026-08-27 01:08:39.514 I  ReactTestApp[64575:8728df6] [com.apple.Accessibility:AXRuntimeNotifications] Did post notification. notification:  (1025) error:0 data:<private>
2026-08-27 01:08:39.521 I  ReactTestApp[64575:8728df6] [com.apple.Accessibility:AXRuntimeNotifications] Attempting to send notification:  (1025) <private>
2026-08-27 01:08:39.521 I  ReactTestApp[64575:8728df6] [com.apple.Accessibility:AXRuntimeNotifications] Attempting to send notification:  (1025) <private>
2026-08-27 01:08:39.521 I  ReactTestApp[64575:8728df6] [com.apple.Accessibility:AXRuntimeNotifications] Attempting to send notification:  (1025) <private>
2026-08-27 01:08:39.521 I  ReactTestApp[64575:8728df6] [com.apple.Accessibility:AXRuntimeNotifications] Attempting to send notification:  (1025) <private>
2026-08-27 01:08:39.521 I  ReactTestApp[64575:8728df6] [com.apple.Accessibility:AXRuntimeNotifications] Attempting to send notification:  (1025) <private>
2026-08-27 01:08:39.521 I  ReactTestApp[64575:8728df6] [com.apple.Accessibility:AXRuntimeNotifications] Attempting to send notification:  (1025) <private>
2026-08-27 01:08:39.521 I  ReactTestApp[64575:8728df6] [com.apple.Accessibility:AXRuntimeNotifications] Attempting to send notification:  (1025) <private>
2026-08-27 01:08:39.521 I  ReactTestApp[64575:8728df6] [com.apple.Accessibility:AXRuntimeNotifications] Attempting to send notification:  (1025) <private>
2026-08-27 01:08:39.521 I  ReactTestApp[64575:8728df6] [com.apple.Accessibility:AXRuntimeNotifications] Attempting to send notification:  (1025) <private>
2026-08-27 01:08:39.521 I  ReactTestApp[64575:8728df6] [com.apple.Accessibility:AXRuntimeNotifications] Attempting to send notification:  (1025) <private>
2026-08-27 01:08:39.521 I  ReactTestApp[64575:8728df6] [com.apple.Accessibility:AXRuntimeNotifications] Attempting to send notification:  (1025) <private>
2026-08-27 01:08:39.521 I  ReactTestApp[64575:8728df6] [com.apple.Accessibility:AXRuntimeNotifications] Attempting to send notification:  (1025) <private>
2026-08-27 01:08:39.521 I  ReactTestApp[64575:8728df6] [com.apple.Accessibility:AXRuntimeNotifications] Attempting to send notification:  (1025) <private>
2026-08-27 01:08:39.522 I  ReactTestApp[64575:8728df6] [com.apple.Accessibility:AXRuntimeNotifications] Attempting to send notification:  (1025) <private>
2026-08-27 01:08:39.522 I  ReactTestApp[64575:8728df6] [com.apple.Accessibility:AXRuntimeNotifications] Attempting to send notification:  (1025) <private>
2026-08-27 01:08:39.522 I  ReactTestApp[64575:8728df6] [com.apple.Accessibility:AXRuntimeNotifications] Attempting to send notification:  (1025) <private>
2026-08-27 01:08:39.522 I  ReactTestApp[64575:8728df6] [com.apple.Accessibility:AXRuntimeNotifications] Attempting to send notification:  (1025) <private>
2026-08-27 01:08:39.522 I  ReactTestApp[64575:8728df6] [com.apple.Accessibility:AXRuntimeNotifications] Attempting to send notification:  (1025) <private>
2026-08-27 01:08:39.522 I  ReactTestApp[64575:8728df6] [com.apple.Accessibility:AXRuntimeNotifications] Attempting to send notification:  (1025) <private>
2026-08-27 01:08:39.522 I  ReactTestApp[64575:8728df6] [com.apple.Accessibility:AXRuntimeNotifications] Attempting to send notification:  (1025) <private>
2026-08-27 01:08:39.522 I  ReactTestApp[64575:8728df6] [com.apple.Accessibility:AXRuntimeNotifications] Attempting to send notification:  (1025) <private>
2026-08-27 01:08:39.522 I  ReactTestApp[64575:8728df6] [com.apple.Accessibility:AXRuntimeNotifications] Attempting to send notification:  (1025) <private>
2026-08-27 01:08:39.522 I  ReactTestApp[64575:8728df6] [com.apple.Accessibility:AXRuntimeNotifications] Attempting to send notification:  (1025) <private>
2026-08-27 01:08:39.522 I  ReactTestApp[64575:8728df6] [com.apple.Accessibility:AXRuntimeNotifications] Attempting to send notification:  (1025) <private>
2026-08-27 01:08:39.522 I  ReactTestApp[64575:8728df6] [com.apple.Accessibility:AXRuntimeNotifications] Attempting to send notification:  (1025) <private>
2026-08-27 01:08:39.522 I  ReactTestApp[64575:8728df6] [com.apple.Accessibility:AXRuntimeNotifications] Attempting to send notification:  (1025) <private>
2026-08-27 01:08:39.522 I  ReactTestApp[64575:8728df6] [com.apple.Accessibility:AXRuntimeNotifications] Attempting to send notification:  (1025) <private>
2026-08-27 01:08:39.522 I  ReactTestApp[64575:8728df6] [com.apple.Accessibility:AXRuntimeNotifications] Attempting to send notification:  (1025) <private>
2026-08-27 01:08:39.522 I  ReactTestApp[64575:8728df6] [com.apple.Accessibility:AXRuntimeNotifications] Attempting to send notification:  (1025) <private>
2026-08-27 01:08:39.522 I  ReactTestApp[64575:8728df6] [com.apple.Accessibility:AXRuntimeNotifications] Attempting to send notification:  (1025) <private>
2026-08-27 01:08:39.522 I  ReactTestApp[64575:8728df6] [com.apple.Accessibility:AXRuntimeNotifications] Attempting to send notification:  (1025) <private>
2026-08-27 01:08:39.522 I  ReactTestApp[64575:8728df6] [com.apple.Accessibility:AXRuntimeNotifications] Attempting to send notification:  (1025) <private>
2026-08-27 01:08:39.522 I  ReactTestApp[64575:8728df6] [com.apple.Accessibility:AXRuntimeNotifications] Attempting to send notification:  (1025) <private>
2026-08-27 01:08:39.523 I  ReactTestApp[64575:8728df6] [com.apple.Accessibility:AXRuntimeNotifications] Attempting to send notification:  (1025) <private>
2026-08-27 01:08:39.523 I  ReactTestApp[64575:8728df6] [com.apple.Accessibility:AXRuntimeNotifications] Attempting to send notification:  (1025) <private>
2026-08-27 01:08:39.523 I  ReactTestApp[64575:8728df6] [com.apple.Accessibility:AXRuntimeNotifications] Attempting to send notification:  (1025) <private>
2026-08-27 01:08:39.523 I  ReactTestApp[64575:8728df6] [com.apple.Accessibility:AXRuntimeNotifications] Attempting to send notification:  (1025) <private>
2026-08-27 01:08:39.523 I  ReactTestApp[64575:8728df6] [com.apple.Accessibility:AXRuntimeNotifications] Attempting to send notification:  (1025) <private>
2026-08-27 01:08:39.523 I  ReactTestApp[64575:8728df6] [com.apple.Accessibility:AXRuntimeNotifications] Attempting to send notification:  (1025) <private>
2026-08-27 01:08:39.523 I  ReactTestApp[64575:8728df6] [com.apple.Accessibility:AXRuntimeNotifications] Attempting to send notification:  (1025) <private>
2026-08-27 01:08:39.523 I  ReactTestApp[64575:8728df6] [com.apple.Accessibility:AXRuntimeNotifications] Attempting to send notification:  (1025) <private>
2026-08-27 01:08:39.523 I  ReactTestApp[64575:8728df6] [com.apple.Accessibility:AXRuntimeNotifications] Attempting to send notification:  (1025) <private>
2026-08-27 01:08:39.523 I  ReactTestApp[64575:8728df6] [com.apple.Accessibility:AXRuntimeNotifications] Attempting to send notification:  (1025) <private>
2026-08-27 01:08:39.523 I  ReactTestApp[64575:8728df6] [com.apple.Accessibility:AXRuntimeNotifications] Attempting to send notification:  (1025) <private>
2026-08-27 01:08:39.523 I  ReactTestApp[64575:8728df6] [com.apple.Accessibility:AXRuntimeNotifications] Attempting to send notification:  (1025) <private>
2026-08-27 01:08:39.523 I  ReactTestApp[64575:8728df6] [com.apple.Accessibility:AXRuntimeNotifications] Attempting to send notification:  (1025) <private>
2026-08-27 01:08:39.523 I  ReactTestApp[64575:8728df6] [com.apple.Accessibility:AXRuntimeNotifications] Attempting to send notification:  (1025) <private>
2026-08-27 01:08:39.524 I  ReactTestApp[64575:8728df6] [com.apple.Accessibility:AXRuntimeNotifications] Attempting to send notification:  (1025) <private>
2026-08-27 01:08:39.524 I  ReactTestApp[64575:8728df6] [com.apple.Accessibility:AXRuntimeNotifications] Attempting to send notification:  (1025) <private>
2026-08-27 01:08:39.524 I  ReactTestApp[64575:8728df6] [com.apple.Accessibility:AXRuntimeNotifications] Attempting to send notification:  (1025) <private>
2026-08-27 01:08:39.524 I  ReactTestApp[64575:8728df6] [com.apple.Accessibility:AXRuntimeNotifications] Attempting to send notification:  (1025) <private>
2026-08-27 01:08:39.524 I  ReactTestApp[64575:8728df6] [com.apple.Accessibility:AXRuntimeNotifications] Attempting to send notification:  (1025) <private>
2026-08-27 01:08:39.524 I  ReactTestApp[64575:8728df6] [com.apple.Accessibility:AXRuntimeNotifications] Attempting to send notification:  (1025) <private>
2026-08-27 01:08:39.524 I  ReactTestApp[64575:8728df6] [com.apple.Accessibility:AXRuntimeNotifications] Attempting to send notification:  (1025) <private>
2026-08-27 01:08:39.524 I  ReactTestApp[64575:8728df6] [com.apple.Accessibility:AXRuntimeNotifications] Attempting to send notification:  (1025) <private>
2026-08-27 01:08:39.524 I  ReactTestApp[64575:8728df6] [com.apple.Accessibility:AXRuntimeNotifications] Attempting to send notification:  (1025) <private>
2026-08-27 01:08:39.524 I  ReactTestApp[64575:8728df6] [com.apple.Accessibility:AXRuntimeNotifications] Attempting to send notification:  (1025) <private>
2026-08-27 01:08:39.524 I  ReactTestApp[64575:8728df6] [com.apple.Accessibility:AXRuntimeNotifications] Attempting to send notification:  (1025) <private>
2026-08-27 01:08:39.524 I  ReactTestApp[64575:8728df6] [com.apple.Accessibility:AXRuntimeNotifications] Attempting to send notification:  (1025) <private>
2026-08-27 01:08:39.524 I  ReactTestApp[64575:8728df6] [com.apple.Accessibility:AXRuntimeNotifications] Attempting to send notification:  (1025) <private>
2026-08-27 01:08:39.524 I  ReactTestApp[64575:8728df6] [com.apple.Accessibility:AXRuntimeNotifications] Attempting to send notification:  (1025) <private>
2026-08-27 01:08:39.524 I  ReactTestApp[64575:8728df6] [com.apple.Accessibility:AXRuntimeNotifications] Attempting to send notification:  (1025) <private>
2026-08-27 01:08:39.524 I  ReactTestApp[64575:8728df6] [com.apple.Accessibility:AXRuntimeNotifications] Attempting to send notification:  (1025) <private>
2026-08-27 01:08:39.524 I  ReactTestApp[64575:8728df6] [com.apple.Accessibility:AXRuntimeNotifications] Attempting to send notification:  (1025) <private>
2026-08-27 01:08:39.525 I  ReactTestApp[64575:8728df6] [com.apple.Accessibility:AXRuntimeNotifications] Attempting to send notification:  (1025) <private>
2026-08-27 01:08:39.525 I  ReactTestApp[64575:8728df6] [com.apple.Accessibility:AXRuntimeNotifications] Attempting to send notification:  (1025) <private>
2026-08-27 01:08:39.525 I  ReactTestApp[64575:8728df6] [com.apple.Accessibility:AXRuntimeNotifications] Attempting to send notification:  (1025) <private>
2026-08-27 01:08:39.525 I  ReactTestApp[64575:8728df6] [com.apple.Accessibility:AXRuntimeNotifications] Attempting to send notification:  (1025) <private>
2026-08-27 01:08:39.525 I  ReactTestApp[64575:8728df6] [com.apple.Accessibility:AXRuntimeNotifications] Attempting to send notification:  (1025) <private>
2026-08-27 01:08:39.525 I  ReactTestApp[64575:8728df6] [com.apple.Accessibility:AXRuntimeNotifications] Attempting to send notification:  (1025) <private>
2026-08-27 01:08:39.525 I  ReactTestApp[64575:8728df6] [com.apple.Accessibility:AXRuntimeNotifications] Attempting to send notification:  (1025) <private>
2026-08-27 01:08:39.525 I  ReactTestApp[64575:8728df6] [com.apple.Accessibility:AXRuntimeNotifications] Attempting to send notification:  (1025) <private>
2026-08-27 01:08:39.525 I  ReactTestApp[64575:8728df6] [com.apple.Accessibility:AXRuntimeNotifications] Attempting to send notification:  (1025) <private>
2026-08-27 01:08:39.525 I  ReactTestApp[64575:8728df6] [com.apple.Accessibility:AXRuntimeNotifications] Attempting to send notification:  (1025) <private>
2026-08-27 01:08:39.525 I  ReactTestApp[64575:8728df6] [com.apple.Accessibility:AXRuntimeNotifications] Attempting to send notification:  (1025) <private>
2026-08-27 01:08:39.525 I  ReactTestApp[64575:8728df6] [com.apple.Accessibility:AXRuntimeNotifications] Attempting to send notification:  (1025) <private>
2026-08-27 01:08:39.525 I  ReactTestApp[64575:8728df6] [com.apple.Accessibility:AXRuntimeNotifications] Attempting to send notification:  (1025) <private>
2026-08-27 01:08:39.525 I  ReactTestApp[64575:8728df6] [com.apple.Accessibility:AXRuntimeNotifications] Attempting to send notification:  (1025) <private>
2026-08-27 01:08:39.525 I  ReactTestApp[64575:8728df6] [com.apple.Accessibility:AXRuntimeNotifications] Attempting to send notification:  (1025) <private>
2026-08-27 01:08:39.525 I  ReactTestApp[64575:8728df6] [com.apple.Accessibility:AXRuntimeNotifications] Attempting to send notification:  (1025) <private>
2026-08-27 01:08:39.525 I  ReactTestApp[64575:8728df6] [com.apple.Accessibility:AXRuntimeNotifications] Attempting to send notification:  (1025) <private>
2026-08-27 01:08:39.525 I  ReactTestApp[64575:8728df6] [com.apple.Accessibility:AXRuntimeNotifications] Attempting to send notification:  (1025) <private>
2026-08-27 01:08:39.526 I  ReactTestApp[64575:8728df6] [com.apple.Accessibility:AXRuntimeNotifications] Attempting to send notification:  (1025) <private>
2026-08-27 01:08:39.526 I  ReactTestApp[64575:8728df6] [com.apple.Accessibility:AXRuntimeNotifications] Attempting to send notification:  (1025) <private>
2026-08-27 01:08:39.526 I  ReactTestApp[64575:8728df6] [com.apple.Accessibility:AXRuntimeNotifications] Attempting to send notification:  (1025) <private>
2026-08-27 01:08:39.526 I  ReactTestApp[64575:8728df6] [com.apple.Accessibility:AXRuntimeNotifications] Attempting to send notification:  (1025) <private>
2026-08-27 01:08:39.526 I  ReactTestApp[64575:8728df6] [com.apple.Accessibility:AXRuntimeNotifications] Attempting to send notification:  (1025) <private>
2026-08-27 01:08:39.526 I  ReactTestApp[64575:8728df6] [com.apple.Accessibility:AXRuntimeNotifications] Attempting to send notification:  (1025) <private>
2026-08-27 01:08:39.526 I  ReactTestApp[64575:8728df6] [com.apple.Accessibility:AXRuntimeNotifications] Attempting to send notification:  (1025) <private>
2026-08-27 01:08:39.526 I  ReactTestApp[64575:8728df6] [com.apple.Accessibility:AXRuntimeNotifications] Attempting to send notification:  (1025) <private>
2026-08-27 01:08:39.526 I  ReactTestApp[64575:8728df6] [com.apple.Accessibility:AXRuntimeNotifications] Attempting to send notification:  (1025) <private>
2026-08-27 01:08:39.526 I  ReactTestApp[64575:8728df6] [com.apple.Accessibility:AXRuntimeNotifications] Attempting to send notification:  (1025) <private>
2026-08-27 01:08:39.526 I  ReactTestApp[64575:8728df6] [com.apple.Accessibility:AXRuntimeNotifications] Attempting to send notification:  (1025) <private>
2026-08-27 01:08:39.526 I  ReactTestApp[64575:8728df6] [com.apple.Accessibility:AXRuntimeNotifications] Attempting to send notification:  (1025) <private>
2026-08-27 01:08:39.526 I  ReactTestApp[64575:8728df6] [com.apple.Accessibility:AXRuntimeNotifications] Attempting to send notification:  (1025) <private>
2026-08-27 01:08:39.526 I  ReactTestApp[64575:8728df6] [com.apple.Accessibility:AXRuntimeNotifications] Attempting to send notification:  (1025) <private>
2026-08-27 01:08:39.526 I  ReactTestApp[64575:8728df6] [com.apple.Accessibility:AXRuntimeNotifications] Attempting to send notification:  (1025) <private>
2026-08-27 01:08:39.526 I  ReactTestApp[64575:8728df6] [com.apple.Accessibility:AXRuntimeNotifications] Attempting to send notification:  (1025) <private>
2026-08-27 01:08:39.526 I  ReactTestApp[64575:8728df6] [com.apple.Accessibility:AXRuntimeNotifications] Attempting to send notification:  (1025) <private>
2026-08-27 01:08:39.526 I  ReactTestApp[64575:8728df6] [com.apple.Accessibility:AXRuntimeNotifications] Attempting to send notification:  (1025) <private>
2026-08-27 01:08:39.526 I  ReactTestApp[64575:8728df6] [com.apple.Accessibility:AXRuntimeNotifications] Attempting to send notification:  (1025) <private>
2026-08-27 01:08:39.526 I  ReactTestApp[64575:8728df6] [com.apple.Accessibility:AXRuntimeNotifications] Attempting to send notification:  (1025) <private>
2026-08-27 01:08:39.527 I  ReactTestApp[64575:8728df6] [com.apple.Accessibility:AXRuntimeNotifications] Attempting to send notification:  (1025) <private>
2026-08-27 01:08:39.527 I  ReactTestApp[64575:8728df6] [com.apple.Accessibility:AXRuntimeNotifications] Attempting to send notification:  (1025) <private>
2026-08-27 01:08:39.527 I  ReactTestApp[64575:8728df6] [com.apple.Accessibility:AXRuntimeNotifications] Attempting to send notification:  (1025) <private>
2026-08-27 01:08:39.527 I  ReactTestApp[64575:8728df6] [com.apple.Accessibility:AXRuntimeNotifications] Attempting to send notification:  (1025) <private>
2026-08-27 01:08:39.527 I  ReactTestApp[64575:8728df6] [com.apple.Accessibility:AXRuntimeNotifications] Attempting to send notification:  (1025) <private>
2026-08-27 01:08:39.527 I  ReactTestApp[64575:8728df6] [com.apple.Accessibility:AXRuntimeNotifications] Attempting to send notification:  (1025) <private>
2026-08-27 01:08:39.527 I  ReactTestApp[64575:8728df6] [com.apple.Accessibility:AXRuntimeNotifications] Attempting to send notification:  (1025) <private>
2026-08-27 01:08:39.527 I  ReactTestApp[64575:8728df6] [com.apple.Accessibility:AXRuntimeNotifications] Attempting to send notification:  (1025) <private>
2026-08-27 01:08:39.527 I  ReactTestApp[64575:8728df6] [com.apple.Accessibility:AXRuntimeNotifications] Attempting to send notification:  (1025) <private>
2026-08-27 01:08:39.527 I  ReactTestApp[64575:8728df6] [com.apple.Accessibility:AXRuntimeNotifications] Attempting to send notification:  (1025) <private>
2026-08-27 01:08:39.527 I  ReactTestApp[64575:8728df6] [com.apple.Accessibility:AXRuntimeNotifications] Attempting to send notification:  (1025) <private>
2026-08-27 01:08:39.527 I  ReactTestApp[64575:8728df6] [com.apple.Accessibility:AXRuntimeNotifications] Attempting to send notification:  (1025) <private>
2026-08-27 01:08:39.527 I  ReactTestApp[64575:8728df6] [com.apple.Accessibility:AXRuntimeNotifications] Attempting to send notification:  (1025) <private>
2026-08-27 01:08:39.527 I  ReactTestApp[64575:8728df6] [com.apple.Accessibility:AXRuntimeNotifications] Attempting to send notification:  (1025) <private>
2026-08-27 01:08:39.527 I  ReactTestApp[64575:8728df6] [com.apple.Accessibility:AXRuntimeNotifications] Attempting to send notification:  (1025) <private>
2026-08-27 01:08:39.527 I  ReactTestApp[64575:8728df6] [com.apple.Accessibility:AXRuntimeNotifications] Attempting to send notification:  (1025) <private>
2026-08-27 01:08:39.527 I  ReactTestApp[64575:8728df6] [com.apple.Accessibility:AXRuntimeNotifications] Attempting to send notification:  (1025) <private>
2026-08-27 01:08:39.527 I  ReactTestApp[64575:8728df6] [com.apple.Accessibility:AXRuntimeNotifications] Attempting to send notification:  (1025) <private>
2026-08-27 01:08:39.527 I  ReactTestApp[64575:8728df6] [com.apple.Accessibility:AXRuntimeNotifications] Attempting to send notification:  (1025) <private>
2026-08-27 01:08:39.528 I  ReactTestApp[64575:8728df6] [com.apple.Accessibility:AXRuntimeNotifications] Attempting to send notification:  (1025) <private>
2026-08-27 01:08:39.528 I  ReactTestApp[64575:8728df6] [com.apple.Accessibility:AXRuntimeNotifications] Attempting to send notification:  (1025) <private>
2026-08-27 01:08:39.528 I  ReactTestApp[64575:8728df6] [com.apple.Accessibility:AXRuntimeNotifications] Attempting to send notification:  (1025) <private>
2026-08-27 01:08:39.548 I  ReactTestApp[64575:8728df6] [com.apple.Accessibility:AXRuntimeNotifications] Did post notification. notification:  (1025) error:0 data:<private>
2026-08-27 01:08:39.555 I  ReactTestApp[64575:8728df6] [com.apple.Accessibility:AXRuntimeNotifications] Attempting to send notification:  (1025) <private>
2026-08-27 01:08:39.555 I  ReactTestApp[64575:8728df6] [com.apple.Accessibility:AXRuntimeNotifications] Attempting to send notification:  (1025) <private>
2026-08-27 01:08:39.555 I  ReactTestApp[64575:8728df6] [com.apple.Accessibility:AXRuntimeNotifications] Attempting to send notification:  (1025) <private>
2026-08-27 01:08:39.555 I  ReactTestApp[64575:8728df6] [com.apple.Accessibility:AXRuntimeNotifications] Attempting to send notification:  (1025) <private>
2026-08-27 01:08:39.555 I  ReactTestApp[64575:8728df6] [com.apple.Accessibility:AXRuntimeNotifications] Attempting to send notification:  (1025) <private>
2026-08-27 01:08:39.555 I  ReactTestApp[64575:8728df6] [com.apple.Accessibility:AXRuntimeNotifications] Attempting to send notification:  (1025) <private>
2026-08-27 01:08:39.555 I  ReactTestApp[64575:8728df6] [com.apple.Accessibility:AXRuntimeNotifications] Attempting to send notification:  (1025) <private>
2026-08-27 01:08:39.555 I  ReactTestApp[64575:8728df6] [com.apple.Accessibility:AXRuntimeNotifications] Attempting to send notification:  (1025) <private>
2026-08-27 01:08:39.562 I  ReactTestApp[64575:8728df6] [com.apple.Accessibility:AXRuntimeNotifications] Did post notification. notification:  (1025) error:0 data:<private>
2026-08-27 01:08:39.563 I  ReactTestApp[64575:8728df6] [com.apple.Accessibility:AXRuntimeNotifications] Attempting to send notification:  (1025) <private>
2026-08-27 01:08:39.563 I  ReactTestApp[64575:8728df6] [com.apple.Accessibility:AXRuntimeNotifications] Attempting to send notification:  (1025) <private>
2026-08-27 01:08:39.563 I  ReactTestApp[64575:8728df6] [com.apple.Accessibility:AXRuntimeNotifications] Attempting to send notification:  (1025) <private>
2026-08-27 01:08:39.563 I  ReactTestApp[64575:8728df6] [com.apple.Accessibility:AXRuntimeNotifications] Did post notification. notification:  (1025) error:0 data:<private>
2026-08-27 01:08:39.570 I  ReactTestApp[64575:8728df6] [com.apple.Accessibility:AXRuntimeNotifications] Attempting to send notification:  (1025) <private>
2026-08-27 01:08:39.571 I  ReactTestApp[64575:8728df6] [com.apple.Accessibility:AXRuntimeNotifications] Attempting to send notification:  (1025) <private>
2026-08-27 01:08:39.571 I  ReactTestApp[64575:8728df6] [com.apple.Accessibility:AXRuntimeNotifications] Attempting to send notification:  (1025) <private>
2026-08-27 01:08:39.571 I  ReactTestApp[64575:8728df6] [com.apple.Accessibility:AXRuntimeNotifications] Did post notification. notification:  (1025) error:0 data:<private>
2026-08-27 01:08:39.587 I  ReactTestApp[64575:8728df6] [com.apple.Accessibility:AXRuntimeNotifications] Attempting to send notification:  (1025) <private>
2026-08-27 01:08:39.587 I  ReactTestApp[64575:8728df6] [com.apple.Accessibility:AXRuntimeNotifications] Attempting to send notification:  (1025) <private>
2026-08-27 01:08:39.587 I  ReactTestApp[64575:8728df6] [com.apple.Accessibility:AXRuntimeNotifications] Attempting to send notification:  (1025) <private>
2026-08-27 01:08:39.587 I  ReactTestApp[64575:8728df6] [com.apple.Accessibility:AXRuntimeNotifications] Did post notification. notification:  (1025) error:0 data:<private>
2026-08-27 01:08:39.603 I  ReactTestApp[64575:8728df6] [com.apple.Accessibility:AXRuntimeNotifications] Attempting to send notification:  (1025) <private>
2026-08-27 01:08:39.603 I  ReactTestApp[64575:8728df6] [com.apple.Accessibility:AXRuntimeNotifications] Attempting to send notification:  (1025) <private>
2026-08-27 01:08:39.604 I  ReactTestApp[64575:8728df6] [com.apple.Accessibility:AXRuntimeNotifications] Attempting to send notification:  (1025) <private>
2026-08-27 01:08:39.604 I  ReactTestApp[64575:8728df6] [com.apple.Accessibility:AXRuntimeNotifications] Did post notification. notification:  (1025) error:0 data:<private>
2026-08-27 01:08:39.620 I  ReactTestApp[64575:8728df6] [com.apple.Accessibility:AXRuntimeNotifications] Attempting to send notification:  (1025) <private>
2026-08-27 01:08:39.620 I  ReactTestApp[64575:8728df6] [com.apple.Accessibility:AXRuntimeNotifications] Attempting to send notification:  (1025) <private>
2026-08-27 01:08:39.620 I  ReactTestApp[64575:8728df6] [com.apple.Accessibility:AXRuntimeNotifications] Attempting to send notification:  (1025) <private>
2026-08-27 01:08:39.629 I  ReactTestApp[64575:8728df6] [com.apple.Accessibility:AXRuntimeNotifications] Did post notification. notification:  (1025) error:0 data:<private>
2026-08-27 01:08:39.642 I  ReactTestApp[64575:8728df6] [com.apple.Accessibility:AXRuntimeNotifications] Attempting to send notification:  (1025) <private>
2026-08-27 01:08:39.643 I  ReactTestApp[64575:8728df6] [com.apple.Accessibility:AXRuntimeNotifications] Attempting to send notification:  (1025) <private>
2026-08-27 01:08:39.643 I  ReactTestApp[64575:8728df6] [com.apple.Accessibility:AXRuntimeNotifications] Attempting to send notification:  (1025) <private>
2026-08-27 01:08:39.643 I  ReactTestApp[64575:8728df6] [com.apple.Accessibility:AXRuntimeNotifications] Attempting to send notification:  (1025) <private>
2026-08-27 01:08:39.643 I  ReactTestApp[64575:8728df6] [com.apple.Accessibility:AXRuntimeNotifications] Did post notification. notification:  (1025) error:0 data:<private>
2026-08-27 01:08:39.654 I  ReactTestApp[64575:8728df6] [com.apple.Accessibility:AXRuntimeNotifications] Attempting to send notification:  (1025) <private>
2026-08-27 01:08:39.654 I  ReactTestApp[64575:8728df6] [com.apple.Accessibility:AXRuntimeNotifications] Attempting to send notification:  (1025) <private>
2026-08-27 01:08:39.654 I  ReactTestApp[64575:8728df6] [com.apple.Accessibility:AXRuntimeNotifications] Attempting to send notification:  (1025) <private>
2026-08-27 01:08:39.654 I  ReactTestApp[64575:8728df6] [com.apple.Accessibility:AXRuntimeNotifications] Did post notification. notification:  (1025) error:0 data:<private>
2026-08-27 01:08:39.670 I  ReactTestApp[64575:8728df6] [com.apple.Accessibility:AXRuntimeNotifications] Attempting to send notification:  (1025) <private>
2026-08-27 01:08:39.670 I  ReactTestApp[64575:8728df6] [com.apple.Accessibility:AXRuntimeNotifications] Attempting to send notification:  (1025) <private>
2026-08-27 01:08:39.670 I  ReactTestApp[64575:8728df6] [com.apple.Accessibility:AXRuntimeNotifications] Attempting to send notification:  (1025) <private>
2026-08-27 01:08:39.670 I  ReactTestApp[64575:8728df6] [com.apple.Accessibility:AXRuntimeNotifications] Attempting to send notification:  (1025) <private>
2026-08-27 01:08:39.670 I  ReactTestApp[64575:8728df6] [com.apple.Accessibility:AXRuntimeNotifications] Attempting to send notification:  (1025) <private>
2026-08-27 01:08:39.671 I  ReactTestApp[64575:8728df6] [com.apple.Accessibility:AXRuntimeNotifications] Did post notification. notification:  (1025) error:0 data:<private>
2026-08-27 01:08:39.687 I  ReactTestApp[64575:8728df6] [com.apple.Accessibility:AXRuntimeNotifications] Attempting to send notification:  (1025) <private>
2026-08-27 01:08:39.687 I  ReactTestApp[64575:8728df6] [com.apple.Accessibility:AXRuntimeNotifications] Attempting to send notification:  (1025) <private>
2026-08-27 01:08:39.687 I  ReactTestApp[64575:8728df6] [com.apple.Accessibility:AXRuntimeNotifications] Attempting to send notification:  (1025) <private>
2026-08-27 01:08:39.687 I  ReactTestApp[64575:8728df6] [com.apple.Accessibility:AXRuntimeNotifications] Attempting to send notification:  (1025) <private>
2026-08-27 01:08:39.687 I  ReactTestApp[64575:8728df6] [com.apple.Accessibility:AXRuntimeNotifications] Did post notification. notification:  (1025) error:0 data:<private>
2026-08-27 01:08:39.703 I  ReactTestApp[64575:8728df6] [com.apple.Accessibility:AXRuntimeNotifications] Attempting to send notification:  (1025) <private>
2026-08-27 01:08:39.704 I  ReactTestApp[64575:8728df6] [com.apple.Accessibility:AXRuntimeNotifications] Attempting to send notification:  (1025) <private>
2026-08-27 01:08:39.704 I  ReactTestApp[64575:8728df6] [com.apple.Accessibility:AXRuntimeNotifications] Attempting to send notification:  (1025) <private>
2026-08-27 01:08:39.704 I  ReactTestApp[64575:8728df6] [com.apple.Accessibility:AXRuntimeNotifications] Attempting to send notification:  (1025) <private>
2026-08-27 01:08:39.704 I  ReactTestApp[64575:8728df6] [com.apple.Accessibility:AXRuntimeNotifications] Did post notification. notification:  (1025) error:0 data:<private>
2026-08-27 01:08:39.725 I  ReactTestApp[64575:8728df6] [com.apple.Accessibility:AXRuntimeNotifications] Attempting to send notification:  (1025) <private>
2026-08-27 01:08:39.725 I  ReactTestApp[64575:8728df6] [com.apple.Accessibility:AXRuntimeNotifications] Attempting to send notification:  (1025) <private>
2026-08-27 01:08:39.725 I  ReactTestApp[64575:8728df6] [com.apple.Accessibility:AXRuntimeNotifications] Attempting to send notification:  (1025) <private>
2026-08-27 01:08:39.726 I  ReactTestApp[64575:8728df6] [com.apple.Accessibility:AXRuntimeNotifications] Attempting to send notification:  (1025) <private>
2026-08-27 01:08:39.726 I  ReactTestApp[64575:8728df6] [com.apple.Accessibility:AXRuntimeNotifications] Did post notification. notification:  (1025) error:0 data:<private>
2026-08-27 01:08:39.737 I  ReactTestApp[64575:8728df6] [com.apple.Accessibility:AXRuntimeNotifications] Attempting to send notification:  (1025) <private>
2026-08-27 01:08:39.737 I  ReactTestApp[64575:8728df6] [com.apple.Accessibility:AXRuntimeNotifications] Attempting to send notification:  (1025) <private>
2026-08-27 01:08:39.737 I  ReactTestApp[64575:8728df6] [com.apple.Accessibility:AXRuntimeNotifications] Attempting to send notification:  (1025) <private>
2026-08-27 01:08:39.737 I  ReactTestApp[64575:8728df6] [com.apple.Accessibility:AXRuntimeNotifications] Attempting to send notification:  (1025) <private>
2026-08-27 01:08:39.738 I  ReactTestApp[64575:8728df6] [com.apple.Accessibility:AXRuntimeNotifications] Attempting to send notification:  (1025) <private>
2026-08-27 01:08:39.738 I  ReactTestApp[64575:8728df6] [com.apple.Accessibility:AXRuntimeNotifications] Attempting to send notification:  (1025) <private>
2026-08-27 01:08:39.738 I  ReactTestApp[64575:8728df6] [com.apple.Accessibility:AXRuntimeNotifications] Attempting to send notification:  (1025) <private>
2026-08-27 01:08:39.738 I  ReactTestApp[64575:8728df6] [com.apple.Accessibility:AXRuntimeNotifications] Attempting to send notification:  (1025) <private>
2026-08-27 01:08:39.738 I  ReactTestApp[64575:8728df6] [com.apple.Accessibility:AXRuntimeNotifications] Attempting to send notification:  (1025) <private>
2026-08-27 01:08:39.738 I  ReactTestApp[64575:8728df6] [com.apple.Accessibility:AXRuntimeNotifications] Attempting to send notification:  (1025) <private>
2026-08-27 01:08:39.738 I  ReactTestApp[64575:8728df6] [com.apple.Accessibility:AXRuntimeNotifications] Attempting to send notification:  (1025) <private>
2026-08-27 01:08:39.738 I  ReactTestApp[64575:8728df6] [com.apple.Accessibility:AXRuntimeNotifications] Attempting to send notification:  (1025) <private>
2026-08-27 01:08:39.738 I  ReactTestApp[64575:8728df6] [com.apple.Accessibility:AXRuntimeNotifications] Attempting to send notification:  (1025) <private>
2026-08-27 01:08:39.738 I  ReactTestApp[64575:8728df6] [com.apple.Accessibility:AXRuntimeNotifications] Attempting to send notification:  (1025) <private>
2026-08-27 01:08:39.738 I  ReactTestApp[64575:8728df6] [com.apple.Accessibility:AXRuntimeNotifications] Attempting to send notification:  (1025) <private>
2026-08-27 01:08:39.738 I  ReactTestApp[64575:8728df6] [com.apple.Accessibility:AXRuntimeNotifications] Attempting to send notification:  (1025) <private>
2026-08-27 01:08:39.738 I  ReactTestApp[64575:8728df6] [com.apple.Accessibility:AXRuntimeNotifications] Attempting to send notification:  (1025) <private>
2026-08-27 01:08:39.738 I  ReactTestApp[64575:8728df6] [com.apple.Accessibility:AXRuntimeNotifications] Attempting to send notification:  (1025) <private>
2026-08-27 01:08:39.738 I  ReactTestApp[64575:8728df6] [com.apple.Accessibility:AXRuntimeNotifications] Attempting to send notification:  (1025) <private>
2026-08-27 01:08:39.738 I  ReactTestApp[64575:8728df6] [com.apple.Accessibility:AXRuntimeNotifications] Attempting to send notification:  (1025) <private>
2026-08-27 01:08:39.738 I  ReactTestApp[64575:8728df6] [com.apple.Accessibility:AXRuntimeNotifications] Attempting to send notification:  (1025) <private>
2026-08-27 01:08:39.738 I  ReactTestApp[64575:8728df6] [com.apple.Accessibility:AXRuntimeNotifications] Attempting to send notification:  (1025) <private>
2026-08-27 01:08:39.738 I  ReactTestApp[64575:8728df6] [com.apple.Accessibility:AXRuntimeNotifications] Attempting to send notification:  (1025) <private>
2026-08-27 01:08:39.739 I  ReactTestApp[64575:8728df6] [com.apple.Accessibility:AXRuntimeNotifications] Attempting to send notification:  (1025) <private>
2026-08-27 01:08:39.739 I  ReactTestApp[64575:8728df6] [com.apple.Accessibility:AXRuntimeNotifications] Attempting to send notification:  (1025) <private>
2026-08-27 01:08:39.739 I  ReactTestApp[64575:8728df6] [com.apple.Accessibility:AXRuntimeNotifications] Attempting to send notification:  (1025) <private>
2026-08-27 01:08:39.739 I  ReactTestApp[64575:8728df6] [com.apple.Accessibility:AXRuntimeNotifications] Attempting to send notification:  (1025) <private>
2026-08-27 01:08:39.739 I  ReactTestApp[64575:8728df6] [com.apple.Accessibility:AXRuntimeNotifications] Attempting to send notification:  (1025) <private>
2026-08-27 01:08:39.739 I  ReactTestApp[64575:8728df6] [com.apple.Accessibility:AXRuntimeNotifications] Attempting to send notification:  (1025) <private>
2026-08-27 01:08:39.739 I  ReactTestApp[64575:8728df6] [com.apple.Accessibility:AXRuntimeNotifications] Attempting to send notification:  (1025) <private>
2026-08-27 01:08:39.739 I  ReactTestApp[64575:8728df6] [com.apple.Accessibility:AXRuntimeNotifications] Attempting to send notification:  (1025) <private>
2026-08-27 01:08:39.739 I  ReactTestApp[64575:8728df6] [com.apple.Accessibility:AXRuntimeNotifications] Attempting to send notification:  (1025) <private>
2026-08-27 01:08:39.739 I  ReactTestApp[64575:8728df6] [com.apple.Accessibility:AXRuntimeNotifications] Attempting to send notification:  (1025) <private>
2026-08-27 01:08:39.739 I  ReactTestApp[64575:8728df6] [com.apple.Accessibility:AXRuntimeNotifications] Attempting to send notification:  (1025) <private>
2026-08-27 01:08:39.739 I  ReactTestApp[64575:8728df6] [com.apple.Accessibility:AXRuntimeNotifications] Attempting to send notification:  (1025) <private>
2026-08-27 01:08:39.739 I  ReactTestApp[64575:8728df6] [com.apple.Accessibility:AXRuntimeNotifications] Attempting to send notification:  (1025) <private>
2026-08-27 01:08:39.739 I  ReactTestApp[64575:8728df6] [com.apple.Accessibility:AXRuntimeNotifications] Attempting to send notification:  (1025) <private>
2026-08-27 01:08:39.739 I  ReactTestApp[64575:8728df6] [com.apple.Accessibility:AXRuntimeNotifications] Attempting to send notification:  (1025) <private>
2026-08-27 01:08:39.739 I  ReactTestApp[64575:8728df6] [com.apple.Accessibility:AXRuntimeNotifications] Attempting to send notification:  (1025) <private>
2026-08-27 01:08:39.739 I  ReactTestApp[64575:8728df6] [com.apple.Accessibility:AXRuntimeNotifications] Attempting to send notification:  (1025) <private>
2026-08-27 01:08:39.739 I  ReactTestApp[64575:8728df6] [com.apple.Accessibility:AXRuntimeNotifications] Attempting to send notification:  (1025) <private>
2026-08-27 01:08:39.740 I  ReactTestApp[64575:8728df6] [com.apple.Accessibility:AXRuntimeNotifications] Attempting to send notification:  (1025) <private>
2026-08-27 01:08:39.740 I  ReactTestApp[64575:8728df6] [com.apple.Accessibility:AXRuntimeNotifications] Attempting to send notification:  (1025) <private>
2026-08-27 01:08:39.740 I  ReactTestApp[64575:8728df6] [com.apple.Accessibility:AXRuntimeNotifications] Attempting to send notification:  (1025) <private>
2026-08-27 01:08:39.740 I  ReactTestApp[64575:8728df6] [com.apple.Accessibility:AXRuntimeNotifications] Attempting to send notification:  (1025) <private>
2026-08-27 01:08:39.740 I  ReactTestApp[64575:8728df6] [com.apple.Accessibility:AXRuntimeNotifications] Attempting to send notification:  (1025) <private>
2026-08-27 01:08:39.740 I  ReactTestApp[64575:8728df6] [com.apple.Accessibility:AXRuntimeNotifications] Attempting to send notification:  (1025) <private>
2026-08-27 01:08:39.740 I  ReactTestApp[64575:8728df6] [com.apple.Accessibility:AXRuntimeNotifications] Attempting to send notification:  (1025) <private>
2026-08-27 01:08:39.740 I  ReactTestApp[64575:8728df6] [com.apple.Accessibility:AXRuntimeNotifications] Attempting to send notification:  (1025) <private>
2026-08-27 01:08:39.740 I  ReactTestApp[64575:8728df6] [com.apple.Accessibility:AXRuntimeNotifications] Attempting to send notification:  (1025) <private>
2026-08-27 01:08:39.740 I  ReactTestApp[64575:8728df6] [com.apple.Accessibility:AXRuntimeNotifications] Attempting to send notification:  (1025) <private>
2026-08-27 01:08:39.740 I  ReactTestApp[64575:8728df6] [com.apple.Accessibility:AXRuntimeNotifications] Attempting to send notification:  (1025) <private>
2026-08-27 01:08:39.740 I  ReactTestApp[64575:8728df6] [com.apple.Accessibility:AXRuntimeNotifications] Attempting to send notification:  (1025) <private>
2026-08-27 01:08:39.740 I  ReactTestApp[64575:8728df6] [com.apple.Accessibility:AXRuntimeNotifications] Attempting to send notification:  (1025) <private>
2026-08-27 01:08:39.740 I  ReactTestApp[64575:8728df6] [com.apple.Accessibility:AXRuntimeNotifications] Attempting to send notification:  (1025) <private>
2026-08-27 01:08:39.740 I  ReactTestApp[64575:8728df6] [com.apple.Accessibility:AXRuntimeNotifications] Attempting to send notification:  (1025) <private>
2026-08-27 01:08:39.740 I  ReactTestApp[64575:8728df6] [com.apple.Accessibility:AXRuntimeNotifications] Attempting to send notification:  (1025) <private>
2026-08-27 01:08:39.740 I  ReactTestApp[64575:8728df6] [com.apple.Accessibility:AXRuntimeNotifications] Attempting to send notification:  (1025) <private>
2026-08-27 01:08:39.740 I  ReactTestApp[64575:8728df6] [com.apple.Accessibility:AXRuntimeNotifications] Attempting to send notification:  (1025) <private>
2026-08-27 01:08:39.740 I  ReactTestApp[64575:8728df6] [com.apple.Accessibility:AXRuntimeNotifications] Attempting to send notification:  (1025) <private>
2026-08-27 01:08:39.741 I  ReactTestApp[64575:8728df6] [com.apple.Accessibility:AXRuntimeNotifications] Attempting to send notification:  (1025) <private>
2026-08-27 01:08:39.741 I  ReactTestApp[64575:8728df6] [com.apple.Accessibility:AXRuntimeNotifications] Attempting to send notification:  (1025) <private>
2026-08-27 01:08:39.741 I  ReactTestApp[64575:8728df6] [com.apple.Accessibility:AXRuntimeNotifications] Did post notification. notification:  (1025) error:0 data:<private>
2026-08-27 01:08:39.753 I  ReactTestApp[64575:8728df6] [com.apple.Accessibility:AXRuntimeNotifications] Attempting to send notification:  (1025) <private>
2026-08-27 01:08:39.753 I  ReactTestApp[64575:8728df6] [com.apple.Accessibility:AXRuntimeNotifications] Attempting to send notification:  (1025) <private>
2026-08-27 01:08:39.753 I  ReactTestApp[64575:8728df6] [com.apple.Accessibility:AXRuntimeNotifications] Attempting to send notification:  (1025) <private>
2026-08-27 01:08:39.754 I  ReactTestApp[64575:8728df6] [com.apple.Accessibility:AXRuntimeNotifications] Did post notification. notification:  (1025) error:0 data:<private>
2026-08-27 01:08:39.839 I  ReactTestApp[64575:8728df6] [com.apple.Accessibility:AXRuntimeNotifications] Attempting to send notification:  (1001) <private>
2026-08-27 01:08:39.839 I  ReactTestApp[64575:8728df6] [com.apple.Accessibility:AXRuntimeNotifications] Attempting to send notification:  (1001) <private>
2026-08-27 01:08:39.840 I  ReactTestApp[64575:8728df6] [com.apple.Accessibility:AXRuntimeNotifications] Attempting to send notification:  (1025) <private>
2026-08-27 01:08:39.840 I  ReactTestApp[64575:8728df6] [com.apple.Accessibility:AXRuntimeNotifications] Attempting to send notification:  (1025) <private>
2026-08-27 01:08:39.840 I  ReactTestApp[64575:8728df6] [com.apple.Accessibility:AXRuntimeNotifications] Attempting to send notification:  (1025) <private>
2026-08-27 01:08:39.840 I  ReactTestApp[64575:8728df6] [com.apple.Accessibility:AXRuntimeNotifications] Attempting to send notification:  (1025) <private>
2026-08-27 01:08:39.840 I  ReactTestApp[64575:8728df6] [com.apple.Accessibility:AXRuntimeNotifications] Attempting to send notification:  (1025) <private>
2026-08-27 01:08:39.840 I  ReactTestApp[64575:8728df6] [com.apple.Accessibility:AXRuntimeNotifications] Attempting to send notification:  (1025) <private>
2026-08-27 01:08:39.840 I  ReactTestApp[64575:8728df6] [com.apple.Accessibility:AXRuntimeNotifications] Attempting to send notification:  (1025) <private>
2026-08-27 01:08:39.840 I  ReactTestApp[64575:8728df6] [com.apple.Accessibility:AXRuntimeNotifications] Attempting to send notification:  (1025) <private>
2026-08-27 01:08:39.840 I  ReactTestApp[64575:8728df6] [com.apple.Accessibility:AXRuntimeNotifications] Attempting to send notification:  (1025) <private>
2026-08-27 01:08:39.840 I  ReactTestApp[64575:8728df6] [com.apple.Accessibility:AXRuntimeNotifications] Attempting to send notification:  (1025) <private>
2026-08-27 01:08:39.840 I  ReactTestApp[64575:8728df6] [com.apple.Accessibility:AXRuntimeNotifications] Attempting to send notification:  (1025) <private>
2026-08-27 01:08:39.840 I  ReactTestApp[64575:8728df6] [com.apple.Accessibility:AXRuntimeNotifications] Attempting to send notification:  (1025) <private>
2026-08-27 01:08:39.840 I  ReactTestApp[64575:8728df6] [com.apple.Accessibility:AXRuntimeNotifications] Attempting to send notification:  (1025) <private>
2026-08-27 01:08:39.840 I  ReactTestApp[64575:8728df6] [com.apple.Accessibility:AXRuntimeNotifications] Attempting to send notification:  (1025) <private>
2026-08-27 01:08:39.840 I  ReactTestApp[64575:8728df6] [com.apple.Accessibility:AXRuntimeNotifications] Attempting to send notification:  (1025) <private>
2026-08-27 01:08:39.840 I  ReactTestApp[64575:8728df6] [com.apple.Accessibility:AXRuntimeNotifications] Attempting to send notification:  (1025) <private>
2026-08-27 01:08:39.840 I  ReactTestApp[64575:8728df6] [com.apple.Accessibility:AXRuntimeNotifications] Attempting to send notification:  (1025) <private>
2026-08-27 01:08:39.840 I  ReactTestApp[64575:8728df6] [com.apple.Accessibility:AXRuntimeNotifications] Attempting to send notification:  (1025) <private>
2026-08-27 01:08:39.841 I  ReactTestApp[64575:8728df6] [com.apple.Accessibility:AXRuntimeNotifications] Attempting to send notification:  (1025) <private>
2026-08-27 01:08:39.841 I  ReactTestApp[64575:8728df6] [com.apple.Accessibility:AXRuntimeNotifications] Attempting to send notification:  (1025) <private>
2026-08-27 01:08:39.841 I  ReactTestApp[64575:8728df6] [com.apple.Accessibility:AXRuntimeNotifications] Attempting to send notification:  (1025) <private>
2026-08-27 01:08:39.841 I  ReactTestApp[64575:8728df6] [com.apple.Accessibility:AXRuntimeNotifications] Attempting to send notification:  (1025) <private>
2026-08-27 01:08:39.841 I  ReactTestApp[64575:8728df6] [com.apple.Accessibility:AXRuntimeNotifications] Attempting to send notification:  (1025) <private>
2026-08-27 01:08:39.841 I  ReactTestApp[64575:8728df6] [com.apple.Accessibility:AXRuntimeNotifications] Attempting to send notification:  (1025) <private>
2026-08-27 01:08:39.841 I  ReactTestApp[64575:8728df6] [com.apple.Accessibility:AXRuntimeNotifications] Attempting to send notification:  (1025) <private>
2026-08-27 01:08:39.841 I  ReactTestApp[64575:8728df6] [com.apple.Accessibility:AXRuntimeNotifications] Attempting to send notification:  (1025) <private>
2026-08-27 01:08:39.841 I  ReactTestApp[64575:8728df6] [com.apple.Accessibility:AXRuntimeNotifications] Attempting to send notification:  (1025) <private>
2026-08-27 01:08:39.841 I  ReactTestApp[64575:8728df6] [com.apple.Accessibility:AXRuntimeNotifications] Attempting to send notification:  (1025) <private>
2026-08-27 01:08:39.841 I  ReactTestApp[64575:8728df6] [com.apple.Accessibility:AXRuntimeNotifications] Did post notification. notification:  (1001) error:0 data:<private>
2026-08-27 01:08:39.841 I  ReactTestApp[64575:8728df6] [com.apple.Accessibility:AXRuntimeNotifications] Did post notification. notification:  (1025) error:0 data:<private>
2026-08-27 01:08:39.853 I  ReactTestApp[64575:8728df6] [com.apple.Accessibility:AXRuntimeNotifications] Attempting to send notification:  (1025) <private>
2026-08-27 01:08:39.853 I  ReactTestApp[64575:8728df6] [com.apple.Accessibility:AXRuntimeNotifications] Attempting to send notification:  (1025) <private>
2026-08-27 01:08:39.853 I  ReactTestApp[64575:8728df6] [com.apple.Accessibility:AXRuntimeNotifications] Attempting to send notification:  (1025) <private>
2026-08-27 01:08:39.853 I  ReactTestApp[64575:8728df6] [com.apple.Accessibility:AXRuntimeNotifications] Attempting to send notification:  (1025) <private>
2026-08-27 01:08:39.853 I  ReactTestApp[64575:8728df6] [com.apple.Accessibility:AXRuntimeNotifications] Attempting to send notification:  (1025) <private>
2026-08-27 01:08:39.853 I  ReactTestApp[64575:8728df6] [com.apple.Accessibility:AXRuntimeNotifications] Attempting to send notification:  (1025) <private>
2026-08-27 01:08:39.853 I  ReactTestApp[64575:8728df6] [com.apple.Accessibility:AXRuntimeNotifications] Attempting to send notification:  (1025) <private>
2026-08-27 01:08:39.854 I  ReactTestApp[64575:8728df6] [com.apple.Accessibility:AXRuntimeNotifications] Did post notification. notification:  (1025) error:0 data:<private>
2026-08-27 01:08:39.870 I  ReactTestApp[64575:8728df6] [com.apple.Accessibility:AXRuntimeNotifications] Attempting to send notification:  (1025) <private>
2026-08-27 01:08:39.870 I  ReactTestApp[64575:8728df6] [com.apple.Accessibility:AXRuntimeNotifications] Attempting to send notification:  (1025) <private>
2026-08-27 01:08:39.870 I  ReactTestApp[64575:8728df6] [com.apple.Accessibility:AXRuntimeNotifications] Attempting to send notification:  (1025) <private>
2026-08-27 01:08:39.870 I  ReactTestApp[64575:8728df6] [com.apple.Accessibility:AXRuntimeNotifications] Attempting to send notification:  (1025) <private>
2026-08-27 01:08:39.870 I  ReactTestApp[64575:8728df6] [com.apple.Accessibility:AXRuntimeNotifications] Attempting to send notification:  (1025) <private>
2026-08-27 01:08:39.870 I  ReactTestApp[64575:8728df6] [com.apple.Accessibility:AXRuntimeNotifications] Did post notification. notification:  (1025) error:0 data:<private>
2026-08-27 01:08:39.886 I  ReactTestApp[64575:8728df6] [com.apple.Accessibility:AXRuntimeNotifications] Attempting to send notification:  (1025) <private>
2026-08-27 01:08:39.887 I  ReactTestApp[64575:8728df6] [com.apple.Accessibility:AXRuntimeNotifications] Attempting to send notification:  (1025) <private>
2026-08-27 01:08:39.887 I  ReactTestApp[64575:8728df6] [com.apple.Accessibility:AXRuntimeNotifications] Attempting to send notification:  (1025) <private>
2026-08-27 01:08:39.887 I  ReactTestApp[64575:8728df6] [com.apple.Accessibility:AXRuntimeNotifications] Attempting to send notification:  (1025) <private>
2026-08-27 01:08:39.887 I  ReactTestApp[64575:8728df6] [com.apple.Accessibility:AXRuntimeNotifications] Attempting to send notification:  (1025) <private>
2026-08-27 01:08:39.887 I  ReactTestApp[64575:8728df6] [com.apple.Accessibility:AXRuntimeNotifications] Did post notification. notification:  (1025) error:0 data:<private>
2026-08-27 01:08:39.903 I  ReactTestApp[64575:8728df6] [com.apple.Accessibility:AXRuntimeNotifications] Attempting to send notification:  (1025) <private>
2026-08-27 01:08:39.903 I  ReactTestApp[64575:8728df6] [com.apple.Accessibility:AXRuntimeNotifications] Attempting to send notification:  (1025) <private>
2026-08-27 01:08:39.903 I  ReactTestApp[64575:8728df6] [com.apple.Accessibility:AXRuntimeNotifications] Attempting to send notification:  (1025) <private>
2026-08-27 01:08:39.903 I  ReactTestApp[64575:8728df6] [com.apple.Accessibility:AXRuntimeNotifications] Attempting to send notification:  (1025) <private>
2026-08-27 01:08:39.903 I  ReactTestApp[64575:8728df6] [com.apple.Accessibility:AXRuntimeNotifications] Attempting to send notification:  (1025) <private>
2026-08-27 01:08:39.903 I  ReactTestApp[64575:8728df6] [com.apple.Accessibility:AXRuntimeNotifications] Attempting to send notification:  (1025) <private>
2026-08-27 01:08:39.903 I  ReactTestApp[64575:8728df6] [com.apple.Accessibility:AXRuntimeNotifications] Attempting to send notification:  (1025) <private>
2026-08-27 01:08:39.903 I  ReactTestApp[64575:8728df6] [com.apple.Accessibility:AXRuntimeNotifications] Attempting to send notification:  (1025) <private>
2026-08-27 01:08:39.904 I  ReactTestApp[64575:8728df6] [com.apple.Accessibility:AXRuntimeNotifications] Attempting to send notification:  (1025) <private>
2026-08-27 01:08:39.904 I  ReactTestApp[64575:8728df6] [com.apple.Accessibility:AXRuntimeNotifications] Did post notification. notification:  (1025) error:0 data:<private>
2026-08-27 01:08:39.920 I  ReactTestApp[64575:8728df6] [com.apple.Accessibility:AXRuntimeNotifications] Attempting to send notification:  (1025) <private>
2026-08-27 01:08:39.920 I  ReactTestApp[64575:8728df6] [com.apple.Accessibility:AXRuntimeNotifications] Attempting to send notification:  (1025) <private>
2026-08-27 01:08:39.920 I  ReactTestApp[64575:8728df6] [com.apple.Accessibility:AXRuntimeNotifications] Attempting to send notification:  (1025) <private>
2026-08-27 01:08:39.920 I  ReactTestApp[64575:8728df6] [com.apple.Accessibility:AXRuntimeNotifications] Did post notification. notification:  (1025) error:0 data:<private>
2026-08-27 01:08:39.936 I  ReactTestApp[64575:8728df6] [com.apple.Accessibility:AXRuntimeNotifications] Attempting to send notification:  (1025) <private>
2026-08-27 01:08:39.936 I  ReactTestApp[64575:8728df6] [com.apple.Accessibility:AXRuntimeNotifications] Attempting to send notification:  (1025) <private>
2026-08-27 01:08:39.936 I  ReactTestApp[64575:8728df6] [com.apple.Accessibility:AXRuntimeNotifications] Attempting to send notification:  (1025) <private>
2026-08-27 01:08:39.936 I  ReactTestApp[64575:8728df6] [com.apple.Accessibility:AXRuntimeNotifications] Attempting to send notification:  (1025) <private>
2026-08-27 01:08:39.937 I  ReactTestApp[64575:8728df6] [com.apple.Accessibility:AXRuntimeNotifications] Attempting to send notification:  (1025) <private>
2026-08-27 01:08:39.937 I  ReactTestApp[64575:8728df6] [com.apple.Accessibility:AXRuntimeNotifications] Did post notification. notification:  (1025) error:0 data:<private>
2026-08-27 01:08:39.953 I  ReactTestApp[64575:8728df6] [com.apple.Accessibility:AXRuntimeNotifications] Attempting to send notification:  (1025) <private>
2026-08-27 01:08:39.953 I  ReactTestApp[64575:8728df6] [com.apple.Accessibility:AXRuntimeNotifications] Attempting to send notification:  (1025) <private>
2026-08-27 01:08:39.953 I  ReactTestApp[64575:8728df6] [com.apple.Accessibility:AXRuntimeNotifications] Attempting to send notification:  (1025) <private>
2026-08-27 01:08:39.953 I  ReactTestApp[64575:8728df6] [com.apple.Accessibility:AXRuntimeNotifications] Did post notification. notification:  (1025) error:0 data:<private>
2026-08-27 01:08:39.970 I  ReactTestApp[64575:8728df6] [com.apple.Accessibility:AXRuntimeNotifications] Attempting to send notification:  (1025) <private>
2026-08-27 01:08:39.970 I  ReactTestApp[64575:8728df6] [com.apple.Accessibility:AXRuntimeNotifications] Attempting to send notification:  (1025) <private>
2026-08-27 01:08:39.970 I  ReactTestApp[64575:8728df6] [com.apple.Accessibility:AXRuntimeNotifications] Attempting to send notification:  (1025) <private>
2026-08-27 01:08:39.970 I  ReactTestApp[64575:8728df6] [com.apple.Accessibility:AXRuntimeNotifications] Attempting to send notification:  (1025) <private>
2026-08-27 01:08:39.970 I  ReactTestApp[64575:8728df6] [com.apple.Accessibility:AXRuntimeNotifications] Attempting to send notification:  (1025) <private>
2026-08-27 01:08:39.970 I  ReactTestApp[64575:8728df6] [com.apple.Accessibility:AXRuntimeNotifications] Attempting to send notification:  (1025) <private>
2026-08-27 01:08:39.970 I  ReactTestApp[64575:8728df6] [com.apple.Accessibility:AXRuntimeNotifications] Did post notification. notification:  (1025) error:0 data:<private>
2026-08-27 01:08:39.986 I  ReactTestApp[64575:8728df6] [com.apple.Accessibility:AXRuntimeNotifications] Attempting to send notification:  (1025) <private>
2026-08-27 01:08:39.986 I  ReactTestApp[64575:8728df6] [com.apple.Accessibility:AXRuntimeNotifications] Attempting to send notification:  (1025) <private>
2026-08-27 01:08:39.986 I  ReactTestApp[64575:8728df6] [com.apple.Accessibility:AXRuntimeNotifications] Attempting to send notification:  (1025) <private>
2026-08-27 01:08:39.987 I  ReactTestApp[64575:8728df6] [com.apple.Accessibility:AXRuntimeNotifications] Did post notification. notification:  (1025) error:0 data:<private>
2026-08-27 01:08:40.003 I  ReactTestApp[64575:8728df6] [com.apple.Accessibility:AXRuntimeNotifications] Attempting to send notification:  (1025) <private>
2026-08-27 01:08:40.003 I  ReactTestApp[64575:8728df6] [com.apple.Accessibility:AXRuntimeNotifications] Attempting to send notification:  (1025) <private>
2026-08-27 01:08:40.003 I  ReactTestApp[64575:8728df6] [com.apple.Accessibility:AXRuntimeNotifications] Attempting to send notification:  (1025) <private>
2026-08-27 01:08:40.003 I  ReactTestApp[64575:8728df6] [com.apple.Accessibility:AXRuntimeNotifications] Attempting to send notification:  (1025) <private>
2026-08-27 01:08:40.003 I  ReactTestApp[64575:8728df6] [com.apple.Accessibility:AXRuntimeNotifications] Did post notification. notification:  (1025) error:0 data:<private>
2026-08-27 01:08:40.019 I  ReactTestApp[64575:8728df6] [com.apple.Accessibility:AXRuntimeNotifications] Attempting to send notification:  (1025) <private>
2026-08-27 01:08:40.020 I  ReactTestApp[64575:8728df6] [com.apple.Accessibility:AXRuntimeNotifications] Attempting to send notification:  (1025) <private>
2026-08-27 01:08:40.020 I  ReactTestApp[64575:8728df6] [com.apple.Accessibility:AXRuntimeNotifications] Attempting to send notification:  (1025) <private>
2026-08-27 01:08:40.020 I  ReactTestApp[64575:8728df6] [com.apple.Accessibility:AXRuntimeNotifications] Did post notification. notification:  (1025) error:0 data:<private>
2026-08-27 01:08:40.036 I  ReactTestApp[64575:8728df6] [com.apple.Accessibility:AXRuntimeNotifications] Attempting to send notification:  (1025) <private>
2026-08-27 01:08:40.036 I  ReactTestApp[64575:8728df6] [com.apple.Accessibility:AXRuntimeNotifications] Attempting to send notification:  (1025) <private>
2026-08-27 01:08:40.036 I  ReactTestApp[64575:8728df6] [com.apple.Accessibility:AXRuntimeNotifications] Attempting to send notification:  (1025) <private>
2026-08-27 01:08:40.036 I  ReactTestApp[64575:8728df6] [com.apple.Accessibility:AXRuntimeNotifications] Did post notification. notification:  (1025) error:0 data:<private>
2026-08-27 01:08:40.053 I  ReactTestApp[64575:8728df6] [com.apple.Accessibility:AXRuntimeNotifications] Attempting to send notification:  (1025) <private>
2026-08-27 01:08:40.053 I  ReactTestApp[64575:8728df6] [com.apple.Accessibility:AXRuntimeNotifications] Attempting to send notification:  (1025) <private>
2026-08-27 01:08:40.053 I  ReactTestApp[64575:8728df6] [com.apple.Accessibility:AXRuntimeNotifications] Attempting to send notification:  (1025) <private>
2026-08-27 01:08:40.053 I  ReactTestApp[64575:8728df6] [com.apple.Accessibility:AXRuntimeNotifications] Did post notification. notification:  (1025) error:0 data:<private>
2026-08-27 01:08:40.070 I  ReactTestApp[64575:8728df6] [com.apple.Accessibility:AXRuntimeNotifications] Attempting to send notification:  (1025) <private>
2026-08-27 01:08:40.070 I  ReactTestApp[64575:8728df6] [com.apple.Accessibility:AXRuntimeNotifications] Attempting to send notification:  (1025) <private>
2026-08-27 01:08:40.070 I  ReactTestApp[64575:8728df6] [com.apple.Accessibility:AXRuntimeNotifications] Attempting to send notification:  (1025) <private>
2026-08-27 01:08:40.070 I  ReactTestApp[64575:8728df6] [com.apple.Accessibility:AXRuntimeNotifications] Did post notification. notification:  (1025) error:0 data:<private>
2026-08-27 01:08:40.086 I  ReactTestApp[64575:8728df6] [com.apple.Accessibility:AXRuntimeNotifications] Attempting to send notification:  (1025) <private>
2026-08-27 01:08:40.087 I  ReactTestApp[64575:8728df6] [com.apple.Accessibility:AXRuntimeNotifications] Attempting to send notification:  (1025) <private>
2026-08-27 01:08:40.087 I  ReactTestApp[64575:8728df6] [com.apple.Accessibility:AXRuntimeNotifications] Attempting to send notification:  (1025) <private>
2026-08-27 01:08:40.087 I  ReactTestApp[64575:8728df6] [com.apple.Accessibility:AXRuntimeNotifications] Did post notification. notification:  (1025) error:0 data:<private>
2026-08-27 01:08:40.103 I  ReactTestApp[64575:8728df6] [com.apple.Accessibility:AXRuntimeNotifications] Attempting to send notification:  (1025) <private>
2026-08-27 01:08:40.103 I  ReactTestApp[64575:8728df6] [com.apple.Accessibility:AXRuntimeNotifications] Attempting to send notification:  (1025) <private>
2026-08-27 01:08:40.103 I  ReactTestApp[64575:8728df6] [com.apple.Accessibility:AXRuntimeNotifications] Attempting to send notification:  (1025) <private>
2026-08-27 01:08:40.103 I  ReactTestApp[64575:8728df6] [com.apple.Accessibility:AXRuntimeNotifications] Did post notification. notification:  (1025) error:0 data:<private>
2026-08-27 01:08:40.120 I  ReactTestApp[64575:8728df6] [com.apple.Accessibility:AXRuntimeNotifications] Attempting to send notification:  (1025) <private>
2026-08-27 01:08:40.120 I  ReactTestApp[64575:8728df6] [com.apple.Accessibility:AXRuntimeNotifications] Attempting to send notification:  (1025) <private>
2026-08-27 01:08:40.120 I  ReactTestApp[64575:8728df6] [com.apple.Accessibility:AXRuntimeNotifications] Attempting to send notification:  (1025) <private>
2026-08-27 01:08:40.120 I  ReactTestApp[64575:8728df6] [com.apple.Accessibility:AXRuntimeNotifications] Did post notification. notification:  (1025) error:0 data:<private>
2026-08-27 01:08:40.136 I  ReactTestApp[64575:8728df6] [com.apple.Accessibility:AXRuntimeNotifications] Attempting to send notification:  (1025) <private>
2026-08-27 01:08:40.137 I  ReactTestApp[64575:8728df6] [com.apple.Accessibility:AXRuntimeNotifications] Attempting to send notification:  (1025) <private>
2026-08-27 01:08:40.137 I  ReactTestApp[64575:8728df6] [com.apple.Accessibility:AXRuntimeNotifications] Attempting to send notification:  (1025) <private>
2026-08-27 01:08:40.137 I  ReactTestApp[64575:8728df6] [com.apple.Accessibility:AXRuntimeNotifications] Did post notification. notification:  (1025) error:0 data:<private>
2026-08-27 01:08:40.153 I  ReactTestApp[64575:8728df6] [com.apple.Accessibility:AXRuntimeNotifications] Attempting to send notification:  (1025) <private>
2026-08-27 01:08:40.154 I  ReactTestApp[64575:8728df6] [com.apple.Accessibility:AXRuntimeNotifications] Attempting to send notification:  (1025) <private>
2026-08-27 01:08:40.154 I  ReactTestApp[64575:8728df6] [com.apple.Accessibility:AXRuntimeNotifications] Attempting to send notification:  (1025) <private>
2026-08-27 01:08:40.154 I  ReactTestApp[64575:8728df6] [com.apple.Accessibility:AXRuntimeNotifications] Did post notification. notification:  (1025) error:0 data:<private>
2026-08-27 01:08:40.170 I  ReactTestApp[64575:8728df6] [com.apple.Accessibility:AXRuntimeNotifications] Attempting to send notification:  (1025) <private>
2026-08-27 01:08:40.171 I  ReactTestApp[64575:8728df6] [com.apple.Accessibility:AXRuntimeNotifications] Attempting to send notification:  (1025) <private>
2026-08-27 01:08:40.171 I  ReactTestApp[64575:8728df6] [com.apple.Accessibility:AXRuntimeNotifications] Attempting to send notification:  (1025) <private>
2026-08-27 01:08:40.171 I  ReactTestApp[64575:8728df6] [com.apple.Accessibility:AXRuntimeNotifications] Did post notification. notification:  (1025) error:0 data:<private>
2026-08-27 01:08:40.187 I  ReactTestApp[64575:8728df6] [com.apple.Accessibility:AXRuntimeNotifications] Attempting to send notification:  (1025) <private>
2026-08-27 01:08:40.188 I  ReactTestApp[64575:8728df6] [com.apple.Accessibility:AXRuntimeNotifications] Attempting to send notification:  (1025) <private>
2026-08-27 01:08:40.188 I  ReactTestApp[64575:8728df6] [com.apple.Accessibility:AXRuntimeNotifications] Attempting to send notification:  (1025) <private>
2026-08-27 01:08:40.188 I  ReactTestApp[64575:8728df6] [com.apple.Accessibility:AXRuntimeNotifications] Attempting to send notification:  (1025) <private>
2026-08-27 01:08:40.188 I  ReactTestApp[64575:8728df6] [com.apple.Accessibility:AXRuntimeNotifications] Attempting to send notification:  (1025) <private>
2026-08-27 01:08:40.188 I  ReactTestApp[64575:8728df6] [com.apple.Accessibility:AXRuntimeNotifications] Did post notification. notification:  (1025) error:0 data:<private>
2026-08-27 01:08:40.204 I  ReactTestApp[64575:8728df6] [com.apple.Accessibility:AXRuntimeNotifications] Attempting to send notification:  (1025) <private>
2026-08-27 01:08:40.204 I  ReactTestApp[64575:8728df6] [com.apple.Accessibility:AXRuntimeNotifications] Attempting to send notification:  (1025) <private>
2026-08-27 01:08:40.204 I  ReactTestApp[64575:8728df6] [com.apple.Accessibility:AXRuntimeNotifications] Attempting to send notification:  (1025) <private>
2026-08-27 01:08:40.204 I  ReactTestApp[64575:8728df6] [com.apple.Accessibility:AXRuntimeNotifications] Did post notification. notification:  (1025) error:0 data:<private>
2026-08-27 01:08:40.220 I  ReactTestApp[64575:8728df6] [com.apple.Accessibility:AXRuntimeNotifications] Attempting to send notification:  (1025) <private>
2026-08-27 01:08:40.220 I  ReactTestApp[64575:8728df6] [com.apple.Accessibility:AXRuntimeNotifications] Attempting to send notification:  (1025) <private>
2026-08-27 01:08:40.220 I  ReactTestApp[64575:8728df6] [com.apple.Accessibility:AXRuntimeNotifications] Attempting to send notification:  (1025) <private>
2026-08-27 01:08:40.220 I  ReactTestApp[64575:8728df6] [com.apple.Accessibility:AXRuntimeNotifications] Did post notification. notification:  (1025) error:0 data:<private>
2026-08-27 01:08:40.236 I  ReactTestApp[64575:8728df6] [com.apple.Accessibility:AXRuntimeNotifications] Attempting to send notification:  (1025) <private>
2026-08-27 01:08:40.236 I  ReactTestApp[64575:8728df6] [com.apple.Accessibility:AXRuntimeNotifications] Attempting to send notification:  (1025) <private>
2026-08-27 01:08:40.236 I  ReactTestApp[64575:8728df6] [com.apple.Accessibility:AXRuntimeNotifications] Attempting to send notification:  (1025) <private>
2026-08-27 01:08:40.236 I  ReactTestApp[64575:8728df6] [com.apple.Accessibility:AXRuntimeNotifications] Did post notification. notification:  (1025) error:0 data:<private>
2026-08-27 01:08:40.253 I  ReactTestApp[64575:8728df6] [com.apple.Accessibility:AXRuntimeNotifications] Attempting to send notification:  (1025) <private>
2026-08-27 01:08:40.253 I  ReactTestApp[64575:8728df6] [com.apple.Accessibility:AXRuntimeNotifications] Attempting to send notification:  (1025) <private>
2026-08-27 01:08:40.253 I  ReactTestApp[64575:8728df6] [com.apple.Accessibility:AXRuntimeNotifications] Attempting to send notification:  (1025) <private>
2026-08-27 01:08:40.253 I  ReactTestApp[64575:8728df6] [com.apple.Accessibility:AXRuntimeNotifications] Did post notification. notification:  (1025) error:0 data:<private>
2026-08-27 01:08:40.270 I  ReactTestApp[64575:8728df6] [com.apple.Accessibility:AXRuntimeNotifications] Attempting to send notification:  (1025) <private>
2026-08-27 01:08:40.270 I  ReactTestApp[64575:8728df6] [com.apple.Accessibility:AXRuntimeNotifications] Attempting to send notification:  (1025) <private>
2026-08-27 01:08:40.270 I  ReactTestApp[64575:8728df6] [com.apple.Accessibility:AXRuntimeNotifications] Attempting to send notification:  (1025) <private>
2026-08-27 01:08:40.270 I  ReactTestApp[64575:8728df6] [com.apple.Accessibility:AXRuntimeNotifications] Did post notification. notification:  (1025) error:0 data:<private>
2026-08-27 01:08:40.286 I  ReactTestApp[64575:8728df6] [com.apple.Accessibility:AXRuntimeNotifications] Attempting to send notification:  (1025) <private>
2026-08-27 01:08:40.286 I  ReactTestApp[64575:8728df6] [com.apple.Accessibility:AXRuntimeNotifications] Attempting to send notification:  (1025) <private>
2026-08-27 01:08:40.286 I  ReactTestApp[64575:8728df6] [com.apple.Accessibility:AXRuntimeNotifications] Attempting to send notification:  (1025) <private>
2026-08-27 01:08:40.287 I  ReactTestApp[64575:8728df6] [com.apple.Accessibility:AXRuntimeNotifications] Attempting to send notification:  (1025) <private>
2026-08-27 01:08:40.287 I  ReactTestApp[64575:8728df6] [com.apple.Accessibility:AXRuntimeNotifications] Did post notification. notification:  (1025) error:0 data:<private>
2026-08-27 01:08:40.303 I  ReactTestApp[64575:8728df6] [com.apple.Accessibility:AXRuntimeNotifications] Attempting to send notification:  (1025) <private>
2026-08-27 01:08:40.303 I  ReactTestApp[64575:8728df6] [com.apple.Accessibility:AXRuntimeNotifications] Attempting to send notification:  (1025) <private>
2026-08-27 01:08:40.303 I  ReactTestApp[64575:8728df6] [com.apple.Accessibility:AXRuntimeNotifications] Attempting to send notification:  (1025) <private>
2026-08-27 01:08:40.303 I  ReactTestApp[64575:8728df6] [com.apple.Accessibility:AXRuntimeNotifications] Attempting to send notification:  (1025) <private>
2026-08-27 01:08:40.304 I  ReactTestApp[64575:8728df6] [com.apple.Accessibility:AXRuntimeNotifications] Did post notification. notification:  (1025) error:0 data:<private>
2026-08-27 01:08:40.320 I  ReactTestApp[64575:8728df6] [com.apple.Accessibility:AXRuntimeNotifications] Attempting to send notification:  (1025) <private>
2026-08-27 01:08:40.320 I  ReactTestApp[64575:8728df6] [com.apple.Accessibility:AXRuntimeNotifications] Attempting to send notification:  (1025) <private>
2026-08-27 01:08:40.320 I  ReactTestApp[64575:8728df6] [com.apple.Accessibility:AXRuntimeNotifications] Attempting to send notification:  (1025) <private>
2026-08-27 01:08:40.321 I  ReactTestApp[64575:8728df6] [com.apple.Accessibility:AXRuntimeNotifications] Did post notification. notification:  (1025) error:0 data:<private>
2026-08-27 01:08:40.460 I  ReactTestApp[64575:8728df6] [com.apple.Accessibility:AXRuntimeNotifications] Attempting to send notification:  (1025) <private>
2026-08-27 01:08:40.461 I  ReactTestApp[64575:8728df6] [com.apple.Accessibility:AXRuntimeNotifications] Did post notification. notification:  (1025) error:0 data:<private>
2026-08-27 01:08:40.548 I  ReactTestApp[64575:8728df6] [com.apple.Accessibility:AXRuntimeNotifications] Attempting to send notification:  (1025) <private>
2026-08-27 01:08:40.548 I  ReactTestApp[64575:8728df6] [com.apple.Accessibility:AXRuntimeNotifications] Did post notification. notification:  (1025) error:0 data:<private>
2026-08-27 01:08:40.993 I  ReactTestApp[64575:8728df6] [com.apple.Accessibility:AXRuntimeNotifications] Attempting to send notification:  (1025) <private>
2026-08-27 01:08:40.994 I  ReactTestApp[64575:8728df6] [com.apple.Accessibility:AXRuntimeNotifications] Did post notification. notification:  (1025) error:0 data:<private>
2026-08-27 01:08:41.886 Df ReactTestApp[64575:8729fb5] [com.apple.dt.xctest:Default] Received request to fetch matches for query: ↪︎ Descendants matching type Any
    ↪︎ Elements matching predicate 'label ==[c] "Marissa Castillo"'
2026-08-27 01:08:41.886 Df ReactTestApp[64575:8729fb4] [com.apple.dt.xctest:Default] Evaluating query:
 ↪︎ Descendants matching type Any
    ↪︎ Elements matching predicate 'label ==[c] "Marissa Castillo"'
2026-08-27 01:08:41.886 Df ReactTestApp[64575:8729fb4] [com.apple.dt.xctest:Default] Getting root element snapshot
2026-08-27 01:08:41.886 Df ReactTestApp[64575:8729fb4] [com.apple.dt.xctest:Default] Getting snapshot for App element pid: 64575 for query ↪︎ Descendants matching type Any
    ↪︎ Elements matching predicate 'label ==[c] "Marissa Castillo"'
2026-08-27 01:08:41.886 Df ReactTestApp[64575:8729fb4] [com.apple.dt.xctest:Default] Query requires iOS snapshot attributes XC_kAXXCAttributeLabel.
2026-08-27 01:08:41.886 Df ReactTestApp[64575:8729fb4] [com.apple.dt.xctest:Default] XCTPerformOnMainRunLoop[not MT]: about to CFRunLoopPerform
2026-08-27 01:08:41.886 Df ReactTestApp[64575:8729fb4] [com.apple.dt.xctest:Default] XCTPerformOnMainRunLoop[not MT]: waiting with 30.00s responsiveness timeout
2026-08-27 01:08:41.886 Df ReactTestApp[64575:8728df6] [com.apple.dt.xctest:Default] XCTPerformOnMainRunLoop[MT]: inside CFRunLoopPerform
2026-08-27 01:08:41.886 Df ReactTestApp[64575:8728df6] [com.apple.dt.xctest:Default] XCTPerformOnMainRunLoop[MT]: MT responded in time (won the race to the busy flag)
2026-08-27 01:08:41.886 Df ReactTestApp[64575:8729fb4] [com.apple.dt.xctest:Default] XCTPerformOnMainRunLoop[not MT]: waiting 60.00s for work to complete
2026-08-27 01:08:41.887 Df ReactTestApp[64575:8728df6] [com.apple.dt.xctest:Default] Got main window <AXUIElementRef 0x128be9250> {pid=64575} {uid=[ID:4 hash:0x10839ce80]}
2026-08-27 01:08:41.887 Df ReactTestApp[64575:8728df6] [com.apple.dt.xctest:Default] Capturing hierarchy with attributes XC_kAXXCAttributeElementType, XC_kAXXCAttributeElementBaseType, XC_kAXXCAttributeParent, XC_kAXXCAttributeTraits, XC_kAXXCAttributeIdentifier, XC_kAXXCAttributeAutomationType, XC_kAXXCAttributeLabel
2026-08-27 01:08:41.887 Df ReactTestApp[64575:8728df6] [com.apple.dt.xctest:Default] Capturing hierarchy with parameters {
    attributes =     (
        5003,
        5004,
        5002,
        2004,
        5019,
        5058,
        2001
    );
    maxArrayCount = 2147483647;
    maxChildren = 2147483647;
    maxDepth = 2147483647;
    snapshotKeyHonorModalViews = 0;
    traverseFromParentsToChildren = 1;
}
2026-08-27 01:08:41.887 Df ReactTestApp[64575:8728df6] [com.apple.dt.xctest:Default] Snapshot attributes 5003, 5004, 5002, 2004, 5019, 5058, 2001
2026-08-27 01:08:41.955 Df ReactTestApp[64575:8728df6] [com.apple.dt.xctest:Default] Got snapshot for <AXUIElementRef 0x128bc4310> {pid=64575} {uid=[ID:1 hash:0x0]}
2026-08-27 01:08:41.955 Df ReactTestApp[64575:8728df6] [com.apple.dt.xctest:Default] Got app orientation 0
2026-08-27 01:08:41.955 Df ReactTestApp[64575:8728df6] [com.apple.dt.xctest:Default] Captured accessibility snapshot data in 0.07s
2026-08-27 01:08:41.955 Df ReactTestApp[64575:8729fb4] [com.apple.dt.xctest:Default] Checking 'ReactNativeBottomTabs' for privileged AX value slot attributes
2026-08-27 01:08:41.955 Df ReactTestApp[64575:8729fb4] [com.apple.dt.xctest:Default] Found main window: Window
2026-08-27 01:08:41.955 Df ReactTestApp[64575:8729fb4] [com.apple.dt.xctest:Default] Checking 'BottomTabs Example' for privileged AX value slot attributes
2026-08-27 01:08:41.955 Df ReactTestApp[64575:8729fb4] [com.apple.dt.xctest:Default] Checking 'Native Bottom Tabs with Lazy' for privileged AX value slot attributes
2026-08-27 01:08:41.955 Df ReactTestApp[64575:8729fb4] [com.apple.dt.xctest:Default] Preferring automation type 48 instead of legacy element type OTHER derived from class/trait: UILabel:UILabel 8590000128
2026-08-27 01:08:41.956 Df ReactTestApp[64575:8729fb4] [com.apple.dt.xctest:Default] Checking 'Currently Playing Song' for privileged AX value slot attributes
2026-08-27 01:08:41.956 Df ReactTestApp[64575:8729fb4] [com.apple.dt.xctest:Default] Checking '⏸' for privileged AX value slot attributes
2026-08-27 01:08:41.956 Df ReactTestApp[64575:8729fb4] [com.apple.dt.xctest:Default] Checking '⏭' for privileged AX value slot attributes
2026-08-27 01:08:41.956 Df ReactTestApp[64575:8729fb4] [com.apple.dt.xctest:Default] Checking 'Article' for privileged AX value slot attributes
2026-08-27 01:08:41.956 Df ReactTestApp[64575:8729fb4] [com.apple.dt.xctest:Default] Checking 'Albums' for privileged AX value slot attributes
2026-08-27 01:08:41.956 Df ReactTestApp[64575:8729fb4] [com.apple.dt.xctest:Default] Checking 'Contacts' for privileged AX value slot attributes
2026-08-27 01:08:41.957 Df ReactTestApp[64575:8729fb4] [com.apple.dt.xctest:Default] Checking 'Chat' for privileged AX value slot attributes
2026-08-27 01:08:41.957 Df ReactTestApp[64575:8729fb4] [com.apple.dt.xctest:Default] Other is not actually a child of Other, including at this point anyway (rdar://problem/20738636)
2026-08-27 01:08:41.957 Df ReactTestApp[64575:8729fb4] [com.apple.dt.xctest:Default] Other is not actually a child of Other, including at this point anyway (rdar://problem/20738636)
2026-08-27 01:08:41.957 Df ReactTestApp[64575:8729fb4] [com.apple.dt.xctest:Default] Other is not actually a child of Other, including at this point anyway (rdar://problem/20738636)
2026-08-27 01:08:41.957 Df ReactTestApp[64575:8729fb4] [com.apple.dt.xctest:Default] Other is not actually a child of Other, including at this point anyway (rdar://problem/20738636)
2026-08-27 01:08:41.957 Df ReactTestApp[64575:8729fb4] [com.apple.dt.xctest:Default] Other is not actually a child of Other, including at this point anyway (rdar://problem/20738636)
2026-08-27 01:08:41.957 Df ReactTestApp[64575:8729fb4] [com.apple.dt.xctest:Default] Preferring automation type 24 instead of legacy element type OTHER derived from class/trait: _UIFloatingBarContainerView:_UIFloatingBarContainerView 8589934592
2026-08-27 01:08:41.957 Df ReactTestApp[64575:8729fb4] [com.apple.dt.xctest:Default] XCTPerformOnMainRunLoop[not MT]: about to CFRunLoopPerform
2026-08-27 01:08:41.957 Df ReactTestApp[64575:8729fb4] [com.apple.dt.xctest:Default] XCTPerformOnMainRunLoop[not MT]: waiting with 30.00s responsiveness timeout
2026-08-27 01:08:41.958 Df ReactTestApp[64575:8728df6] [com.apple.dt.xctest:Default] XCTPerformOnMainRunLoop[MT]: inside CFRunLoopPerform
2026-08-27 01:08:41.958 Df ReactTestApp[64575:8728df6] [com.apple.dt.xctest:Default] XCTPerformOnMainRunLoop[MT]: MT responded in time (won the race to the busy flag)
2026-08-27 01:08:41.958 Df ReactTestApp[64575:8728df6] [com.apple.dt.xctest:Default] XCTElementQuery: set data source for rootElementSnapshot to <XCTAutomationSession: 0x123d75470>
2026-08-27 01:08:41.958 Df ReactTestApp[64575:8729fb4] [com.apple.dt.xctest:Default] XCTPerformOnMainRunLoop[not MT]: waiting 60.00s for work to complete
2026-08-27 01:08:41.958 Df ReactTestApp[64575:8729fb4] [com.apple.dt.xctest:Default] Finding all matches with input Application, pid: 64575, label: 'ReactNativeBottomTabs' using transformers
↪︎ Descendants matching type Any
    ↪︎ Elements matching predicate 'label ==[c] "Marissa Castillo"'
2026-08-27 01:08:41.959 Df ReactTestApp[64575:8729fb4] [com.apple.dt.xctest:Default] [Match All] applied transformer `Descendants matching type Any` to input {(
    Application, pid: 64575, label: 'ReactNativeBottomTabs'
)}, found {(
    Window (Main),
    Other,
    Other,
    Other,
    Other,
    Other,
    Other,
    Other,
    Other,
    Other,
    Other,
    Other,
    Other,
    NavigationBar, identifier: 'Native Bottom Tabs with Lazy',
    Other,
    Toolbar, identifier: 'Toolbar', label: 'Toolbar',
    Button, identifier: 'BackButton', label: 'BottomTabs Example',
    StaticText, label: 'Native Bottom Tabs with Lazy',
    Other,
    Other,
    Other,
    Other,
    Other,
    Other,
    Other,
    Other,
    Other,
    Other,
    Other,
    Other,
    Other,
    Other,
    Other,
    Other,
    Other,
    Other,
    Other,
    Other,
    Other,
    Other,
    TabBar, label: 'Tab Bar',
    Other,
    Other,
    Other,
    Other,
    Other,
    Other,
    Other,
    Other,
    Other,
    Other,
    Other,
    Other,
    Button, label: 'Article', Selected,
    Button, label: 'Albums',
    Button, label: 'Contacts',
2026-08-27 01:08:41.961 Df ReactTestApp[64575:8729fb4] [com.apple.dt.xctest:Default] [Match All] applied transformer `Elements matching predicate 'label ==[c] "Marissa Castillo"'` to input {(
    Window (Main),
    Other,
    Other,
    Other,
    Other,
    Other,
    Other,
    Other,
    Other,
    Other,
    Other,
    Other,
    Other,
    NavigationBar, identifier: 'Native Bottom Tabs with Lazy',
    Other,
    Toolbar, identifier: 'Toolbar', label: 'Toolbar',
    Button, identifier: 'BackButton', label: 'BottomTabs Example',
    StaticText, label: 'Native Bottom Tabs with Lazy',
    Other,
    Other,
    Other,
    Other,
    Other,
    Other,
    Other,
    Other,
    Other,
    Other,
    Other,
    Other,
    Other,
    Other,
    Other,
    Other,
    Other,
    Other,
    Other,
    Other,
    Other,
    Other,
    TabBar, label: 'Tab Bar',
    Other,
    Other,
    Other,
    Other,
    Other,
    Other,
    Other,
    Other,
    Other,
    Other,
    Other,
    Other,
    Button, label: 'Article', Selected,
    Button, label: 'Albums',
    Button, label: 'Contacts', Selected,
    Button, label: 'Chat',
   , found <decode: missing data>
2026-08-27 01:08:41.963 Df ReactTestApp[64575:8729fb4] [com.apple.dt.xctest:Default] [Match All] setting out related elements in early return {(
)}
2026-08-27 01:08:41.971 Df ReactTestApp[64575:8729fb4] [com.apple.dt.xctest:Default] Current tree:
Application, 0x110b1e040, pid: 64575, label: 'ReactNativeBottomTabs' <App element pid: 64575>
  Window (Main), 0x110b1e1c0 <AX element pid: 64575, elementOrHash.elementID: 4432973440.4>
    Other, 0x110b1e340 <AX element pid: 64575, elementOrHash.elementID: 4448266304.68>
    Other, 0x110b1e4c0 <AX element pid: 64575, elementOrHash.elementID: 4431517824.5>
      Other, 0x110b1e640 <AX element pid: 64575, elementOrHash.elementID: 4437854080.6>
        Other, 0x110b1e7c0 <AX element pid: 64575, elementOrHash.elementID: 4437857152.7>
          Other, 0x110b1e940 <AX element pid: 64575, elementOrHash.elementID: 4448745536.8>
            Other, 0x110b1eac0 <AX element pid: 64575, elementOrHash.elementID: 4453532800.9>
              Other, 0x110b184c0 <AX element pid: 64575, elementOrHash.elementID: 4453589120.10>
                Other, 0x110b187c0 <AX element pid: 64575, elementOrHash.elementID: 4453679232.12>
                  Other, 0x110b196c0 <AX element pid: 64575, elementOrHash.elementID: 4563712640
2026-08-27 01:08:41.971 Df ReactTestApp[64575:8729fb4] [com.apple.dt.xctest:Default] Query ↪︎ Descendants matching type Any
    ↪︎ Elements matching predicate 'label ==[c] "Marissa Castillo"' found matching snapshots: {(
)} (error: (null))
2026-08-27 01:08:41.971 Df ReactTestApp[64575:8729fb4] [com.apple.dt.xctest:Default] Replying to query ↪︎ Descendants matching type Any
    ↪︎ Elements matching predicate 'label ==[c] "Marissa Castillo"' with results: <XCTElementQueryResults: 0x107d1d590> (error: (null))
2026-08-27 01:08:49.991 Df ReactTestApp[64575:8729fb5] [com.apple.CFNetwork:Default] Connection 7: cleaning up
2026-08-27 01:08:49.991 Df ReactTestApp[64575:8729fb5] [com.apple.network:connection] [C7 52271257-E688-4202-BF71-C7BAC19C9EDD IPv4#38a70601:8087 tcp, url: http://127.0.0.1:8087/assets/assets/avatar-1.png, definite, attribution: developer] cancel
2026-08-27 01:08:49.991 Df ReactTestApp[64575:8729fb5] [com.apple.network:connection] [C7 52271257-E688-4202-BF71-C7BAC19C9EDD IPv4#38a70601:8087 tcp, url: http://127.0.0.1:8087/assets/assets/avatar-1.png, definite, attribution: developer] cancelled
	[C7 964C7D6D-9E88-4BB0-A975-888EA0AF49D6 127.0.0.1:51815<->IPv4#38a70601:8087]
	Connected Path: satisfied (Path is satisfied), interface: lo0
	Privacy Stance: Not Eligible
	Duration: 30.483s, TCP @0.001s took 0.002s
	bytes in/out: 542736/2580, packets in/out: 43/9, rtt: 0.001s, retransmitted bytes: 0, out-of-order bytes: 0
	ecn packets sent/acked/marked/lost: 0/0/0/0
2026-08-27 01:08:49.991 I  ReactTestApp[64575:8729fb5] [com.apple.network:connection] nw_endpoint_handler_cancel [C7 IPv4#38a70601:8087 ready socket-flow (satisfied (Path is satisfied), interface: lo0)]
2026-08-27 01:08:49.991 Df ReactTestApp[64575:8729fb5] [com.apple.network:connection] nw_connection_report_state_with_handler_on_nw_queue [C7] reporting state cancelled
2026-08-27 01:08:49.991 Df ReactTestApp[64575:8729fb5] [com.apple.CFNetwork:Default] Connection 8: cleaning up
2026-08-27 01:08:49.992 Df ReactTestApp[64575:8729fb5] [com.apple.network:connection] [C8 1AD0ABA2-0677-4E81-A965-FA730E0857EC IPv4#38a70601:8087 tcp, url: http://127.0.0.1:8087/assets/assets/book.jpg, definite, attribution: developer] cancel
2026-08-27 01:08:49.992 Df ReactTestApp[64575:8729fb5] [com.apple.network:connection] [C8 1AD0ABA2-0677-4E81-A965-FA730E0857EC IPv4#38a70601:8087 tcp, url: http://127.0.0.1:8087/assets/assets/book.jpg, definite, attribution: developer] cancelled
	[C8 964C7D6D-9E88-4BB0-A975-888EA0AF49D6 127.0.0.1:51816<->IPv4#38a70601:8087]
	Connected Path: satisfied (Path is satisfied), interface: lo0
	Privacy Stance: Not Eligible
	Duration: 30.482s, TCP @0.000s took 0.001s
	bytes in/out: 608474/2858, packets in/out: 43/10, rtt: 0.001s, retransmitted bytes: 0, out-of-order bytes: 0
	ecn packets sent/acked/marked/lost: 0/0/0/0
2026-08-27 01:08:49.992 I  ReactTestApp[64575:8729fb5] [com.apple.network:connection] nw_endpoint_handler_cancel [C8 IPv4#38a70601:8087 ready socket-flow (satisfied (Path is satisfied), interface: lo0)]
2026-08-27 01:08:49.992 Df ReactTestApp[64575:8729fb5] [com.apple.network:connection] nw_connection_report_state_with_handler_on_nw_queue [C8] reporting state cancelled
2026-08-27 01:08:49.992 Df ReactTestApp[64575:8729fb5] [com.apple.CFNetwork:Default] Connection 9: cleaning up
2026-08-27 01:08:49.992 Df ReactTestApp[64575:8729fb5] [com.apple.network:connection] [C9 C55F653A-5AD3-42F1-81E5-7D90567913A5 IPv4#38a70601:8087 tcp, url: http://127.0.0.1:8087/assets/assets/album-art-01.jpg, definite, attribution: developer] cancel
2026-08-27 01:08:49.992 Df ReactTestApp[64575:8729fb5] [com.apple.network:connection] [C9 C55F653A-5AD3-42F1-81E5-7D90567913A5 IPv4#38a70601:8087 tcp, url: http://127.0.0.1:8087/assets/assets/album-art-01.jpg, definite, attribution: developer] cancelled
	[C9 964C7D6D-9E88-4BB0-A975-888EA0AF49D6 127.0.0.1:51817<->IPv4#38a70601:8087]
	Connected Path: satisfied (Path is satisfied), interface: lo0
	Privacy Stance: Not Eligible
	Duration: 30.482s, TCP @0.000s took 0.001s
	bytes in/out: 401190/5624, packets in/out: 32/9, rtt: 0.001s, retransmitted bytes: 0, out-of-order bytes: 0
	ecn packets sent/acked/marked/lost: 0/0/0/0
2026-08-27 01:08:49.992 I  ReactTestApp[64575:8729fb5] [com.apple.network:connection] nw_endpoint_handler_cancel [C9 IPv4#38a70601:8087 ready socket-flow (satisfied (Path is satisfied), interface: lo0)]
2026-08-27 01:08:49.992 Df ReactTestApp[64575:8729fb5] [com.apple.network:connection] nw_connection_report_state_with_handler_on_nw_queue [C9] reporting state cancelled
2026-08-27 01:08:49.992 Df ReactTestApp[64575:8729fb5] [com.apple.CFNetwork:Default] Connection 11: cleaning up
2026-08-27 01:08:49.992 Df ReactTestApp[64575:8729fb5] [com.apple.network:connection] [C11 2970A423-9148-432D-A869-933C5F3BD00D IPv4#38a70601:8087 tcp, url: http://127.0.0.1:8087/assets/assets/album-art-09.jpg, definite, attribution: developer] cancel
2026-08-27 01:08:49.992 Df ReactTestApp[64575:8729fb5] [com.apple.network:connection] [C11 2970A423-9148-432D-A869-933C5F3BD00D IPv4#38a70601:8087 tcp, url: http://127.0.0.1:8087/assets/assets/album-art-09.jpg, definite, attribution: developer] cancelled
	[C11 964C7D6D-9E88-4BB0-A975-888EA0AF49D6 127.0.0.1:51819<->IPv4#38a70601:8087]
	Connected Path: satisfied (Path is satisfied), interface: lo0
	Privacy Stance: Not Eligible
	Duration: 30.415s, TCP @0.000s took 0.001s
	bytes in/out: 373536/1725, packets in/out: 26/6, rtt: 0.001s, retransmitted bytes: 0, out-of-order bytes: 0
	ecn packets sent/acked/marked/lost: 0/0/0/0
2026-08-27 01:08:49.992 I  ReactTestApp[64575:8729fb5] [com.apple.network:connection] nw_endpoint_handler_cancel [C11 IPv4#38a70601:8087 ready socket-flow (satisfied (Path is satisfied), interface: lo0)]
2026-08-27 01:08:49.992 I  ReactTestApp[64575:8729fb5] [com.apple.network:connection] nw_association_schedule_deactivation <nw_association IPv4#38a70601:8087> will become dormant after 10000ms of inactivity
2026-08-27 01:08:49.992 Df ReactTestApp[64575:8729fb5] [com.apple.network:connection] nw_connection_report_state_with_handler_on_nw_queue [C11] reporting state cancelled
2026-08-27 01:08:49.992 Df ReactTestApp[64575:8729fb5] [com.apple.CFNetwork:Default] Connection 7: done
2026-08-27 01:08:49.992 I  ReactTestApp[64575:8729fb5] [com.apple.network:connection] [C7 IPv4#38a70601:8087 tcp, url: http://127.0.0.1:8087/assets/assets/avatar-1.png, definite, attribution: developer] dealloc
2026-08-27 01:08:49.992 Df ReactTestApp[64575:8729fb5] [com.apple.CFNetwork:Default] Connection 8: done
2026-08-27 01:08:49.992 I  ReactTestApp[64575:8729fb5] [com.apple.network:connection] [C8 IPv4#38a70601:8087 tcp, url: http://127.0.0.1:8087/assets/assets/book.jpg, definite, attribution: developer] dealloc
2026-08-27 01:08:49.992 Df ReactTestApp[64575:8729fb5] [com.apple.CFNetwork:Default] Connection 9: done
2026-08-27 01:08:49.992 I  ReactTestApp[64575:8729fb5] [com.apple.network:connection] [C9 IPv4#38a70601:8087 tcp, url: http://127.0.0.1:8087/assets/assets/album-art-01.jpg, definite, attribution: developer] dealloc
2026-08-27 01:08:49.992 Df ReactTestApp[64575:8729fb5] [com.apple.CFNetwork:Default] Connection 11: done
2026-08-27 01:08:49.992 I  ReactTestApp[64575:8729fb5] [com.apple.network:connection] [C11 IPv4#38a70601:8087 tcp, url: http://127.0.0.1:8087/assets/assets/album-art-09.jpg, definite, attribution: developer] dealloc
2026-08-27 01:08:52.526 Df ReactTestApp[64575:87298d6] [com.apple.dt.xctest:Default] Received request to fetch matches for query: ↪︎ Descendants matching type Any
    ↪︎ Elements matching predicate 'label ==[c] "Marissa Castillo"'
2026-08-27 01:08:52.526 Df ReactTestApp[64575:8729fb2] [com.apple.dt.xctest:Default] Evaluating query:
 ↪︎ Descendants matching type Any
    ↪︎ Elements matching predicate 'label ==[c] "Marissa Castillo"'
2026-08-27 01:08:52.526 Df ReactTestApp[64575:8729fb2] [com.apple.dt.xctest:Default] Getting root element snapshot
2026-08-27 01:08:52.526 Df ReactTestApp[64575:8729fb2] [com.apple.dt.xctest:Default] Getting snapshot for App element pid: 64575 for query ↪︎ Descendants matching type Any
    ↪︎ Elements matching predicate 'label ==[c] "Marissa Castillo"'
2026-08-27 01:08:52.526 Df ReactTestApp[64575:8729fb2] [com.apple.dt.xctest:Default] Query requires iOS snapshot attributes XC_kAXXCAttributeLabel.
2026-08-27 01:08:52.526 Df ReactTestApp[64575:8729fb2] [com.apple.dt.xctest:Default] XCTPerformOnMainRunLoop[not MT]: about to CFRunLoopPerform
2026-08-27 01:08:52.526 Df ReactTestApp[64575:8729fb2] [com.apple.dt.xctest:Default] XCTPerformOnMainRunLoop[not MT]: waiting with 30.00s responsiveness timeout
2026-08-27 01:08:52.526 Df ReactTestApp[64575:8728df6] [com.apple.dt.xctest:Default] XCTPerformOnMainRunLoop[MT]: inside CFRunLoopPerform
2026-08-27 01:08:52.526 Df ReactTestApp[64575:8728df6] [com.apple.dt.xctest:Default] XCTPerformOnMainRunLoop[MT]: MT responded in time (won the race to the busy flag)
2026-08-27 01:08:52.526 Df ReactTestApp[64575:8729fb2] [com.apple.dt.xctest:Default] XCTPerformOnMainRunLoop[not MT]: waiting 60.00s for work to complete
2026-08-27 01:08:52.526 Df ReactTestApp[64575:8728df6] [com.apple.dt.xctest:Default] Got main window <AXUIElementRef 0x121df9110> {pid=64575} {uid=[ID:4 hash:0x10839ce80]}
2026-08-27 01:08:52.526 Df ReactTestApp[64575:8728df6] [com.apple.dt.xctest:Default] Capturing hierarchy with attributes XC_kAXXCAttributeElementType, XC_kAXXCAttributeElementBaseType, XC_kAXXCAttributeParent, XC_kAXXCAttributeTraits, XC_kAXXCAttributeIdentifier, XC_kAXXCAttributeAutomationType, XC_kAXXCAttributeLabel
2026-08-27 01:08:52.526 Df ReactTestApp[64575:8728df6] [com.apple.dt.xctest:Default] Capturing hierarchy with parameters {
    attributes =     (
        5003,
        5004,
        5002,
        2004,
        5019,
        5058,
        2001
    );
    maxArrayCount = 2147483647;
    maxChildren = 2147483647;
    maxDepth = 2147483647;
    snapshotKeyHonorModalViews = 0;
    traverseFromParentsToChildren = 1;
}
2026-08-27 01:08:52.526 Df ReactTestApp[64575:8728df6] [com.apple.dt.xctest:Default] Snapshot attributes 5003, 5004, 5002, 2004, 5019, 5058, 2001
2026-08-27 01:08:52.591 Df ReactTestApp[64575:8728df6] [com.apple.dt.xctest:Default] Got snapshot for <AXUIElementRef 0x12f573850> {pid=64575} {uid=[ID:1 hash:0x0]}
2026-08-27 01:08:52.591 Df ReactTestApp[64575:8728df6] [com.apple.dt.xctest:Default] Got app orientation 0
2026-08-27 01:08:52.591 Df ReactTestApp[64575:8728df6] [com.apple.dt.xctest:Default] Captured accessibility snapshot data in 0.07s
2026-08-27 01:08:52.591 Df ReactTestApp[64575:8729fb2] [com.apple.dt.xctest:Default] Checking 'ReactNativeBottomTabs' for privileged AX value slot attributes
2026-08-27 01:08:52.591 Df ReactTestApp[64575:8729fb2] [com.apple.dt.xctest:Default] Found main window: Window
2026-08-27 01:08:52.591 Df ReactTestApp[64575:8729fb2] [com.apple.dt.xctest:Default] Checking 'BottomTabs Example' for privileged AX value slot attributes
2026-08-27 01:08:52.591 Df ReactTestApp[64575:8729fb2] [com.apple.dt.xctest:Default] Checking 'Native Bottom Tabs with Lazy' for privileged AX value slot attributes
2026-08-27 01:08:52.591 Df ReactTestApp[64575:8729fb2] [com.apple.dt.xctest:Default] Preferring automation type 48 instead of legacy element type OTHER derived from class/trait: UILabel:UILabel 8590000128
2026-08-27 01:08:52.592 Df ReactTestApp[64575:8729fb2] [com.apple.dt.xctest:Default] Checking 'Currently Playing Song' for privileged AX value slot attributes
2026-08-27 01:08:52.592 Df ReactTestApp[64575:8729fb2] [com.apple.dt.xctest:Default] Checking '⏸' for privileged AX value slot attributes
2026-08-27 01:08:52.592 Df ReactTestApp[64575:8729fb2] [com.apple.dt.xctest:Default] Checking '⏭' for privileged AX value slot attributes
2026-08-27 01:08:52.592 Df ReactTestApp[64575:8729fb2] [com.apple.dt.xctest:Default] Checking 'Article' for privileged AX value slot attributes
2026-08-27 01:08:52.592 Df ReactTestApp[64575:8729fb2] [com.apple.dt.xctest:Default] Checking 'Albums' for privileged AX value slot attributes
2026-08-27 01:08:52.592 Df ReactTestApp[64575:8729fb2] [com.apple.dt.xctest:Default] Checking 'Contacts' for privileged AX value slot attributes
2026-08-27 01:08:52.592 Df ReactTestApp[64575:8729fb2] [com.apple.dt.xctest:Default] Checking 'Chat' for privileged AX value slot attributes
2026-08-27 01:08:52.593 Df ReactTestApp[64575:8729fb2] [com.apple.dt.xctest:Default] Other is not actually a child of Other, including at this point anyway (rdar://problem/20738636)
2026-08-27 01:08:52.593 Df ReactTestApp[64575:8729fb2] [com.apple.dt.xctest:Default] Other is not actually a child of Other, including at this point anyway (rdar://problem/20738636)
2026-08-27 01:08:52.593 Df ReactTestApp[64575:8729fb2] [com.apple.dt.xctest:Default] Other is not actually a child of Other, including at this point anyway (rdar://problem/20738636)
2026-08-27 01:08:52.593 Df ReactTestApp[64575:8729fb2] [com.apple.dt.xctest:Default] Other is not actually a child of Other, including at this point anyway (rdar://problem/20738636)
2026-08-27 01:08:52.593 Df ReactTestApp[64575:8729fb2] [com.apple.dt.xctest:Default] Other is not actually a child of Other, including at this point anyway (rdar://problem/20738636)
2026-08-27 01:08:52.593 Df ReactTestApp[64575:8729fb2] [com.apple.dt.xctest:Default] Preferring automation type 24 instead of legacy element type OTHER derived from class/trait: _UIFloatingBarContainerView:_UIFloatingBarContainerView 8589934592
2026-08-27 01:08:52.593 Df ReactTestApp[64575:8729fb2] [com.apple.dt.xctest:Default] XCTPerformOnMainRunLoop[not MT]: about to CFRunLoopPerform
2026-08-27 01:08:52.593 Df ReactTestApp[64575:8729fb2] [com.apple.dt.xctest:Default] XCTPerformOnMainRunLoop[not MT]: waiting with 30.00s responsiveness timeout
2026-08-27 01:08:52.593 Df ReactTestApp[64575:8728df6] [com.apple.dt.xctest:Default] XCTPerformOnMainRunLoop[MT]: inside CFRunLoopPerform
2026-08-27 01:08:52.593 Df ReactTestApp[64575:8728df6] [com.apple.dt.xctest:Default] XCTPerformOnMainRunLoop[MT]: MT responded in time (won the race to the busy flag)
2026-08-27 01:08:52.593 Df ReactTestApp[64575:8729fb2] [com.apple.dt.xctest:Default] XCTPerformOnMainRunLoop[not MT]: waiting 60.00s for work to complete
2026-08-27 01:08:52.593 Df ReactTestApp[64575:8728df6] [com.apple.dt.xctest:Default] XCTElementQuery: set data source for rootElementSnapshot to <XCTAutomationSession: 0x123d75470>
2026-08-27 01:08:52.593 Df ReactTestApp[64575:8729fb2] [com.apple.dt.xctest:Default] Finding all matches with input Application, pid: 64575, label: 'ReactNativeBottomTabs' using transformers
↪︎ Descendants matching type Any
    ↪︎ Elements matching predicate 'label ==[c] "Marissa Castillo"'
2026-08-27 01:08:52.595 Df ReactTestApp[64575:8729fb2] [com.apple.dt.xctest:Default] [Match All] applied transformer `Descendants matching type Any` to input {(
    Application, pid: 64575, label: 'ReactNativeBottomTabs'
)}, found {(
    Window (Main),
    Other,
    Other,
    Other,
    Other,
    Other,
    Other,
    Other,
    Other,
    Other,
    Other,
    Other,
    Other,
    NavigationBar, identifier: 'Native Bottom Tabs with Lazy',
    Other,
    Toolbar, identifier: 'Toolbar', label: 'Toolbar',
    Button, identifier: 'BackButton', label: 'BottomTabs Example',
    StaticText, label: 'Native Bottom Tabs with Lazy',
    Other,
    Other,
    Other,
    Other,
    Other,
    Other,
    Other,
    Other,
    Other,
    Other,
    Other,
    Other,
    Other,
    Other,
    Other,
    Other,
    Other,
    Other,
    Other,
    Other,
    Other,
    Other,
    TabBar, label: 'Tab Bar',
    Other,
    Other,
    Other,
    Other,
    Other,
    Other,
    Other,
    Other,
    Other,
    Other,
    Other,
    Other,
    Button, label: 'Article', Selected,
    Button, label: 'Albums',
    Button, label: 'Contacts',
2026-08-27 01:08:52.598 Df ReactTestApp[64575:8729fb2] [com.apple.dt.xctest:Default] [Match All] applied transformer `Elements matching predicate 'label ==[c] "Marissa Castillo"'` to input {(
    Window (Main),
    Other,
    Other,
    Other,
    Other,
    Other,
    Other,
    Other,
    Other,
    Other,
    Other,
    Other,
    Other,
    NavigationBar, identifier: 'Native Bottom Tabs with Lazy',
    Other,
    Toolbar, identifier: 'Toolbar', label: 'Toolbar',
    Button, identifier: 'BackButton', label: 'BottomTabs Example',
    StaticText, label: 'Native Bottom Tabs with Lazy',
    Other,
    Other,
    Other,
    Other,
    Other,
    Other,
    Other,
    Other,
    Other,
    Other,
    Other,
    Other,
    Other,
    Other,
    Other,
    Other,
    Other,
    Other,
    Other,
    Other,
    Other,
    Other,
    TabBar, label: 'Tab Bar',
    Other,
    Other,
    Other,
    Other,
    Other,
    Other,
    Other,
    Other,
    Other,
    Other,
    Other,
    Other,
    Button, label: 'Article', Selected,
    Button, label: 'Albums',
    Button, label: 'Contacts', Selected,
    Button, label: 'Chat',
   , found <decode: missing data>
2026-08-27 01:08:52.598 Df ReactTestApp[64575:8729fb2] [com.apple.dt.xctest:Default] [Match All] setting out related elements in early return {(
)}
2026-08-27 01:08:52.606 Df ReactTestApp[64575:8729fb2] [com.apple.dt.xctest:Default] Current tree:
Application, 0x11a53a540, pid: 64575, label: 'ReactNativeBottomTabs' <App element pid: 64575>
  Window (Main), 0x110a9b440 <AX element pid: 64575, elementOrHash.elementID: 4432973440.4>
    Other, 0x110b3ba40 <AX element pid: 64575, elementOrHash.elementID: 4448266304.68>
    Other, 0x11815a340 <AX element pid: 64575, elementOrHash.elementID: 4431517824.5>
      Other, 0x110b601c0 <AX element pid: 64575, elementOrHash.elementID: 4437854080.6>
        Other, 0x110baaa40 <AX element pid: 64575, elementOrHash.elementID: 4437857152.7>
          Other, 0x108d268c0 <AX element pid: 64575, elementOrHash.elementID: 4448745536.8>
            Other, 0x119c46fc0 <AX element pid: 64575, elementOrHash.elementID: 4453532800.9>
              Other, 0x10d156140 <AX element pid: 64575, elementOrHash.elementID: 4453589120.10>
                Other, 0x11a04edc0 <AX element pid: 64575, elementOrHash.elementID: 4453679232.12>
                  Other, 0x11a0b44c0 <AX element pid: 64575, elementOrHash.elementID: 4563712640
2026-08-27 01:08:52.606 Df ReactTestApp[64575:8729fb2] [com.apple.dt.xctest:Default] Query ↪︎ Descendants matching type Any
    ↪︎ Elements matching predicate 'label ==[c] "Marissa Castillo"' found matching snapshots: {(
)} (error: (null))
2026-08-27 01:08:52.606 Df ReactTestApp[64575:8729fb2] [com.apple.dt.xctest:Default] Replying to query ↪︎ Descendants matching type Any
    ↪︎ Elements matching predicate 'label ==[c] "Marissa Castillo"' with results: <XCTElementQueryResults: 0x10e3d9450> (error: (null))
2026-08-27 01:08:53.803 I  ReactTestApp[64575:8728df6] [com.apple.Accessibility:AXAppAccessibility] Presentation controller doesn't modalize: <_UIRootPresentationController: 0x109613480>
2026-08-27 01:08:53.804 E  ReactTestApp[64575:8728df6] [com.apple.UIKit:Assert] -[UIApplication statusBarStyle] API has been deprecated and is a no-op on 27.0 and later.
2026-08-27 01:08:53.820 I  ReactTestApp[64575:8728df6] [com.apple.Accessibility:AXRuntimeNotifications] Attempting to send notification:  (4002) <private>
2026-08-27 01:08:53.820 I  ReactTestApp[64575:8728df6] [com.apple.Accessibility:AXRuntimeNotifications] Did post notification. notification:  (4002) error:0 data:<private>
2026-08-27 01:08:54.654 E  ReactTestApp[64575:8728df6] [com.apple.UIKit:Assert] -[UIApplication statusBarStyle] API has been deprecated and is a no-op on 27.0 and later.
2026-08-27 01:08:54.654 I  ReactTestApp[64575:8728df6] [com.apple.Accessibility:AXRuntimeNotifications] Attempting to send notification:  (4002) <private>
2026-08-27 01:08:54.655 I  ReactTestApp[64575:8728df6] [com.apple.Accessibility:AXRuntimeNotifications] Attempting to send notification:  (1025) <private>
2026-08-27 01:08:54.655 I  ReactTestApp[64575:8728df6] [com.apple.Accessibility:AXRuntimeNotifications] Attempting to send notification:  (1025) <private>
2026-08-27 01:08:54.655 I  ReactTestApp[64575:8728df6] [com.apple.Accessibility:AXRuntimeNotifications] Did post notification. notification:  (4002) error:0 data:<private>
2026-08-27 01:08:54.655 I  ReactTestApp[64575:8728df6] [com.apple.Accessibility:AXRuntimeNotifications] Did post notification. notification:  (1025) error:0 data:<private>
2026-08-27 01:08:54.669 I  ReactTestApp[64575:8728df6] [com.apple.Accessibility:AXRuntimeNotifications] Attempting to send notification:  (1025) <private>
2026-08-27 01:08:54.669 I  ReactTestApp[64575:8728df6] [com.apple.Accessibility:AXRuntimeNotifications] Attempting to send notification:  (1025) <private>
2026-08-27 01:08:54.669 I  ReactTestApp[64575:8728df6] [com.apple.Accessibility:AXRuntimeNotifications] Did post notification. notification:  (1025) error:0 data:<private>
2026-08-27 01:08:54.982 I  ReactTestApp[64575:8728df6] [com.apple.Accessibility:AXAppAccessibility] Presentation controller doesn't modalize: <_UIRootPresentationController: 0x1096f4280>
2026-08-27 01:08:54.982 E  ReactTestApp[64575:8728df6] [com.apple.UIKit:Assert] -[UIApplication statusBarStyle] API has been deprecated and is a no-op on 27.0 and later.
2026-08-27 01:08:54.986 I  ReactTestApp[64575:8728df6] [com.apple.Accessibility:AXRuntimeNotifications] Attempting to send notification:  (4002) <private>
2026-08-27 01:08:54.986 I  ReactTestApp[64575:8728df6] [com.apple.Accessibility:AXRuntimeNotifications] Did post notification. notification:  (4002) error:0 data:<private>
2026-08-27 01:08:55.836 E  ReactTestApp[64575:8728df6] [com.apple.UIKit:Assert] -[UIApplication statusBarStyle] API has been deprecated and is a no-op on 27.0 and later.
2026-08-27 01:08:55.837 I  ReactTestApp[64575:8728df6] [com.apple.Accessibility:AXRuntimeNotifications] Attempting to send notification:  (4002) <private>
2026-08-27 01:08:55.837 I  ReactTestApp[64575:8728df6] [com.apple.Accessibility:AXRuntimeNotifications] Attempting to send notification:  (1025) <private>
2026-08-27 01:08:55.838 I  ReactTestApp[64575:8728df6] [com.apple.Accessibility:AXRuntimeNotifications] Did post notification. notification:  (4002) error:0 data:<private>
2026-08-27 01:08:55.838 I  ReactTestApp[64575:8728df6] [com.apple.Accessibility:AXRuntimeNotifications] Did post notification. notification:  (1025) error:0 data:<private>
2026-08-27 01:09:01.042 I  ReactTestApp[64575:8728df6] [com.apple.Accessibility:AXAppAccessibility] Presentation controller doesn't modalize: <_UIRootPresentationController: 0x1096fb280>
2026-08-27 01:09:01.044 E  ReactTestApp[64575:8728df6] [com.apple.UIKit:Assert] -[UIApplication statusBarStyle] API has been deprecated and is a no-op on 27.0 and later.
2026-08-27 01:09:01.053 I  ReactTestApp[64575:8728df6] [com.apple.Accessibility:AXRuntimeNotifications] Attempting to send notification:  (4002) <private>
2026-08-27 01:09:01.053 I  ReactTestApp[64575:8728df6] [com.apple.Accessibility:AXRuntimeNotifications] Did post notification. notification:  (4002) error:0 data:<private>
[agent-device][mark][2026-08-27T00:09:01.127Z] after first lazy Contacts activation
2026-08-27 01:09:01.893 E  ReactTestApp[64575:8728df6] [com.apple.UIKit:Assert] -[UIApplication statusBarStyle] API has been deprecated and is a no-op on 27.0 and later.
2026-08-27 01:09:01.894 I  ReactTestApp[64575:8728df6] [com.apple.Accessibility:AXRuntimeNotifications] Attempting to send notification:  (4002) <private>
2026-08-27 01:09:01.895 I  ReactTestApp[64575:8728df6] [com.apple.Accessibility:AXRuntimeNotifications] Attempting to send notification:  (1025) <private>
2026-08-27 01:09:01.895 I  ReactTestApp[64575:8728df6] [com.apple.Accessibility:AXRuntimeNotifications] Did post notification. notification:  (4002) error:0 data:<private>
2026-08-27 01:09:01.897 I  ReactTestApp[64575:8728df6] [com.apple.Accessibility:AXRuntimeNotifications] Did post notification. notification:  (1025) error:0 data:<private>
2026-08-27 01:09:01.903 I  ReactTestApp[64575:8728df6] [com.apple.Accessibility:AXRuntimeNotifications] Attempting to send notification:  (1025) <private>
2026-08-27 01:09:01.903 I  ReactTestApp[64575:8728df6] [com.apple.Accessibility:AXRuntimeNotifications] Did post notification. notification:  (1025) error:0 data:<private>
