[agent-device][mark][2026-08-27T00:18:31.610Z] before fixed first lazy Contacts activation
getpwuid_r did not find a match for uid 501
Filtering the log data using "subsystem == "bottomtabs.example" OR subsystem CONTAINS "bottomtabs.example" OR processImagePath ENDSWITH[c] "/bottomtabs.example" OR senderImagePath ENDSWITH[c] "/bottomtabs.example" OR process == "ReactTestApp" OR processImagePath ENDSWITH[c] "/ReactTestApp" OR senderImagePath ENDSWITH[c] "/ReactTestApp" OR processImagePath CONTAINS[c] "/ReactTestApp.app/" OR senderImagePath CONTAINS[c] "/ReactTestApp.app/""
Timestamp               Ty Process[PID:TID]
2026-08-27 01:18:31.817 E  ReactTestApp[1584:8737de0] [com.apple.UIKit:Assert] -[UIApplication statusBarStyle] API has been deprecated and is a no-op on 27.0 and later.
2026-08-27 01:18:31.818 I  ReactTestApp[1584:8737de0] [com.apple.Accessibility:AXRuntimeNotifications] Attempting to send notification:  (4002) <private>
2026-08-27 01:18:31.818 I  ReactTestApp[1584:8737de0] [com.apple.Accessibility:AXRuntimeNotifications] Attempting to send notification:  (1025) <private>
2026-08-27 01:18:31.819 I  ReactTestApp[1584:8737de0] [com.apple.Accessibility:AXRuntimeNotifications] Did post notification. notification:  (4002) error:0 data:<private>
2026-08-27 01:18:31.819 I  ReactTestApp[1584:8737de0] [com.apple.Accessibility:AXRuntimeNotifications] Did post notification. notification:  (1025) error:0 data:<private>
2026-08-27 01:18:31.826 I  ReactTestApp[1584:8737de0] [com.apple.Accessibility:AXRuntimeNotifications] Attempting to send notification:  (1025) <private>
2026-08-27 01:18:31.826 I  ReactTestApp[1584:8737de0] [com.apple.Accessibility:AXRuntimeNotifications] Did post notification. notification:  (1025) error:0 data:<private>
2026-08-27 01:18:36.630 Df ReactTestApp[1584:8738500] [com.apple.dt.xctest:Default] Received request to fetch matches for query:
2026-08-27 01:18:36.630 Df ReactTestApp[1584:8737e18] [com.apple.dt.xctest:Default] Evaluating query:
2026-08-27 01:18:36.630 Df ReactTestApp[1584:8737e18] [com.apple.dt.xctest:Default] Getting root element snapshot
2026-08-27 01:18:36.630 Df ReactTestApp[1584:8737e18] [com.apple.dt.xctest:Default] Getting snapshot for App element pid: 1584 for query
2026-08-27 01:18:36.630 Df ReactTestApp[1584:8737e18] [com.apple.dt.xctest:Default] Query requires iOS snapshot attributes .
2026-08-27 01:18:36.630 Df ReactTestApp[1584:8737e18] [com.apple.dt.xctest:Default] XCTPerformOnMainRunLoop[not MT]: about to CFRunLoopPerform
2026-08-27 01:18:36.630 Df ReactTestApp[1584:8737e18] [com.apple.dt.xctest:Default] XCTPerformOnMainRunLoop[not MT]: waiting with 30.00s responsiveness timeout
2026-08-27 01:18:36.630 Df ReactTestApp[1584:8737de0] [com.apple.dt.xctest:Default] XCTPerformOnMainRunLoop[MT]: inside CFRunLoopPerform
2026-08-27 01:18:36.630 Df ReactTestApp[1584:8737de0] [com.apple.dt.xctest:Default] XCTPerformOnMainRunLoop[MT]: MT responded in time (won the race to the busy flag)
2026-08-27 01:18:36.630 Df ReactTestApp[1584:8737e18] [com.apple.dt.xctest:Default] XCTPerformOnMainRunLoop[not MT]: waiting 60.00s for work to complete
2026-08-27 01:18:36.631 Df ReactTestApp[1584:8737de0] [com.apple.dt.xctest:Default] Got main window <AXUIElementRef 0x13121fb50> {pid=1584} {uid=[ID:4 hash:0x10a048880]}
2026-08-27 01:18:36.631 Df ReactTestApp[1584:8737de0] [com.apple.dt.xctest:Default] Capturing hierarchy with attributes XC_kAXXCAttributeElementType, XC_kAXXCAttributeElementBaseType, XC_kAXXCAttributeParent, XC_kAXXCAttributeIdentifier, XC_kAXXCAttributeAutomationType, XC_kAXXCAttributeTraits
2026-08-27 01:18:36.631 Df ReactTestApp[1584:8737de0] [com.apple.dt.xctest:Default] Capturing hierarchy with parameters {
    attributes =     (
        5003,
        5004,
        5002,
        5019,
        5058,
        2004
    );
    maxArrayCount = 2147483647;
    maxChildren = 2147483647;
    maxDepth = 2147483647;
    snapshotKeyHonorModalViews = 0;
    traverseFromParentsToChildren = 1;
}
2026-08-27 01:18:36.631 Df ReactTestApp[1584:8737de0] [com.apple.dt.xctest:Default] Snapshot attributes 5003, 5004, 5002, 5019, 5058, 2004
2026-08-27 01:18:36.661 Df ReactTestApp[1584:8737de0] [com.apple.dt.xctest:Default] Got snapshot for <AXUIElementRef 0x110ccab50> {pid=1584} {uid=[ID:1 hash:0x0]}
2026-08-27 01:18:36.661 Df ReactTestApp[1584:8737de0] [com.apple.dt.xctest:Default] Got app orientation 0
2026-08-27 01:18:36.661 Df ReactTestApp[1584:8737de0] [com.apple.dt.xctest:Default] Captured accessibility snapshot data in 0.03s
2026-08-27 01:18:36.661 Df ReactTestApp[1584:8737e18] [com.apple.dt.xctest:Default] Found main window: Window
2026-08-27 01:18:36.661 Df ReactTestApp[1584:8737e18] [com.apple.dt.xctest:Default] Preferring automation type 48 instead of legacy element type OTHER derived from class/trait: UILabel:UILabel 8590000128
2026-08-27 01:18:36.662 Df ReactTestApp[1584:8737e18] [com.apple.dt.xctest:Default] Other is not actually a child of Other, including at this point anyway (rdar://problem/20738636)
2026-08-27 01:18:36.662 Df ReactTestApp[1584:8737e18] [com.apple.dt.xctest:Default] Other is not actually a child of Other, including at this point anyway (rdar://problem/20738636)
2026-08-27 01:18:36.662 Df ReactTestApp[1584:8737e18] [com.apple.dt.xctest:Default] Other is not actually a child of Other, including at this point anyway (rdar://problem/20738636)
2026-08-27 01:18:36.662 Df ReactTestApp[1584:8737e18] [com.apple.dt.xctest:Default] Other is not actually a child of Other, including at this point anyway (rdar://problem/20738636)
2026-08-27 01:18:36.662 Df ReactTestApp[1584:8737e18] [com.apple.dt.xctest:Default] Other is not actually a child of Other, including at this point anyway (rdar://problem/20738636)
2026-08-27 01:18:36.662 Df ReactTestApp[1584:8737e18] [com.apple.dt.xctest:Default] Preferring automation type 24 instead of legacy element type OTHER derived from class/trait: _UIFloatingBarContainerView:_UIFloatingBarContainerView 8589934592
2026-08-27 01:18:36.663 Df ReactTestApp[1584:8737e18] [com.apple.dt.xctest:Default] Query  found matching snapshots: {(
    Application, pid: 1584
)} (error: (null))
2026-08-27 01:18:36.663 Df ReactTestApp[1584:8737e18] [com.apple.dt.xctest:Default] Replying to query  with results: <XCTElementQueryResults: 0x12af82790> (error: (null))
2026-08-27 01:18:36.664 Df ReactTestApp[1584:8737e18] [com.apple.dt.xctest:Default] Received attributes request for element: App element pid: 1584. Attributes: (
    "XC_kAXXCAttributeFrame",
    "XC_kAXXCAttributeWindowDisplayId",
    "XC_kAXXCAttributeWindowContextId"
)
2026-08-27 01:18:36.664 Df ReactTestApp[1584:8738500] [com.apple.dt.xctest:Default] XCTPerformOnMainRunLoop[not MT]: about to CFRunLoopPerform
2026-08-27 01:18:36.664 Df ReactTestApp[1584:8738500] [com.apple.dt.xctest:Default] XCTPerformOnMainRunLoop[not MT]: waiting with 30.00s responsiveness timeout
2026-08-27 01:18:36.664 Df ReactTestApp[1584:8737de0] [com.apple.dt.xctest:Default] XCTPerformOnMainRunLoop[MT]: inside CFRunLoopPerform
2026-08-27 01:18:36.664 Df ReactTestApp[1584:8737de0] [com.apple.dt.xctest:Default] XCTPerformOnMainRunLoop[MT]: MT responded in time (won the race to the busy flag)
2026-08-27 01:18:36.664 Df ReactTestApp[1584:8738500] [com.apple.dt.xctest:Default] XCTPerformOnMainRunLoop[not MT]: waiting 60.00s for work to complete
2026-08-27 01:18:36.664 Df ReactTestApp[1584:8737de0] [com.apple.dt.xctest:Default] Fetching AX attributes XC_kAXXCAttributeFrame, XC_kAXXCAttributeWindowDisplayId, XC_kAXXCAttributeWindowContextId for App element pid: 1584
2026-08-27 01:18:36.664 Df ReactTestApp[1584:8737de0] [com.apple.dt.xctest:Default] Got attributes, transferring to dictionary for return.
2026-08-27 01:18:36.665 Df ReactTestApp[1584:8738500] [com.apple.dt.xctest:Default] Replying with attribute values: {
    "XC_kAXXCAttributeFrame" =     {
        Height = 874;
        Width = 402;
        X = 0;
        Y = 0;
    };
    "XC_kAXXCAttributeWindowContextId" = 1508916392;
    "XC_kAXXCAttributeWindowDisplayId" = 0;
}
2026-08-27 01:18:36.666 Df ReactTestApp[1584:8738500] [com.apple.dt.xctest:Default] Received request to fetch matches for query:
2026-08-27 01:18:36.666 Df ReactTestApp[1584:8738500] [com.apple.dt.xctest:Default] Evaluating query:
2026-08-27 01:18:36.666 Df ReactTestApp[1584:8738500] [com.apple.dt.xctest:Default] Getting root element snapshot
2026-08-27 01:18:36.666 Df ReactTestApp[1584:8738500] [com.apple.dt.xctest:Default] Getting snapshot for App element pid: 1584 for query
2026-08-27 01:18:36.666 Df ReactTestApp[1584:8738500] [com.apple.dt.xctest:Default] Query requires iOS snapshot attributes .
2026-08-27 01:18:36.666 Df ReactTestApp[1584:8738500] [com.apple.dt.xctest:Default] XCTPerformOnMainRunLoop[not MT]: about to CFRunLoopPerform
2026-08-27 01:18:36.666 Df ReactTestApp[1584:8738500] [com.apple.dt.xctest:Default] XCTPerformOnMainRunLoop[not MT]: waiting with 30.00s responsiveness timeout
2026-08-27 01:18:36.666 Df ReactTestApp[1584:8737de0] [com.apple.dt.xctest:Default] XCTPerformOnMainRunLoop[MT]: inside CFRunLoopPerform
2026-08-27 01:18:36.666 Df ReactTestApp[1584:8737de0] [com.apple.dt.xctest:Default] XCTPerformOnMainRunLoop[MT]: MT responded in time (won the race to the busy flag)
2026-08-27 01:18:36.666 Df ReactTestApp[1584:8738500] [com.apple.dt.xctest:Default] XCTPerformOnMainRunLoop[not MT]: waiting 60.00s for work to complete
2026-08-27 01:18:36.667 Df ReactTestApp[1584:8737de0] [com.apple.dt.xctest:Default] Got main window <AXUIElementRef 0x10e3e9d90> {pid=1584} {uid=[ID:4 hash:0x10a048880]}
2026-08-27 01:18:36.667 Df ReactTestApp[1584:8737de0] [com.apple.dt.xctest:Default] Capturing hierarchy with attributes XC_kAXXCAttributeElementType, XC_kAXXCAttributeElementBaseType, XC_kAXXCAttributeParent, XC_kAXXCAttributeIdentifier, XC_kAXXCAttributeAutomationType, XC_kAXXCAttributeTraits
2026-08-27 01:18:36.667 Df ReactTestApp[1584:8737de0] [com.apple.dt.xctest:Default] Capturing hierarchy with parameters {
    attributes =     (
        5003,
        5004,
        5002,
        5019,
        5058,
        2004
    );
    maxArrayCount = 2147483647;
    maxChildren = 2147483647;
    maxDepth = 2147483647;
    snapshotKeyHonorModalViews = 0;
    traverseFromParentsToChildren = 1;
}
2026-08-27 01:18:36.667 Df ReactTestApp[1584:8737de0] [com.apple.dt.xctest:Default] Snapshot attributes 5003, 5004, 5002, 5019, 5058, 2004
2026-08-27 01:18:36.693 Df ReactTestApp[1584:8737de0] [com.apple.dt.xctest:Default] Got snapshot for <AXUIElementRef 0x110cc61d0> {pid=1584} {uid=[ID:1 hash:0x0]}
2026-08-27 01:18:36.693 Df ReactTestApp[1584:8737de0] [com.apple.dt.xctest:Default] Got app orientation 0
2026-08-27 01:18:36.693 Df ReactTestApp[1584:8737de0] [com.apple.dt.xctest:Default] Captured accessibility snapshot data in 0.03s
2026-08-27 01:18:36.693 Df ReactTestApp[1584:8738500] [com.apple.dt.xctest:Default] Found main window: Window
2026-08-27 01:18:36.694 Df ReactTestApp[1584:8738500] [com.apple.dt.xctest:Default] Preferring automation type 48 instead of legacy element type OTHER derived from class/trait: UILabel:UILabel 8590000128
2026-08-27 01:18:36.694 Df ReactTestApp[1584:8738500] [com.apple.dt.xctest:Default] Other is not actually a child of Other, including at this point anyway (rdar://problem/20738636)
2026-08-27 01:18:36.694 Df ReactTestApp[1584:8738500] [com.apple.dt.xctest:Default] Other is not actually a child of Other, including at this point anyway (rdar://problem/20738636)
2026-08-27 01:18:36.694 Df ReactTestApp[1584:8738500] [com.apple.dt.xctest:Default] Other is not actually a child of Other, including at this point anyway (rdar://problem/20738636)
2026-08-27 01:18:36.694 Df ReactTestApp[1584:8738500] [com.apple.dt.xctest:Default] Other is not actually a child of Other, including at this point anyway (rdar://problem/20738636)
2026-08-27 01:18:36.694 Df ReactTestApp[1584:8738500] [com.apple.dt.xctest:Default] Other is not actually a child of Other, including at this point anyway (rdar://problem/20738636)
2026-08-27 01:18:36.694 Df ReactTestApp[1584:8738500] [com.apple.dt.xctest:Default] Preferring automation type 24 instead of legacy element type OTHER derived from class/trait: _UIFloatingBarContainerView:_UIFloatingBarContainerView 8589934592
2026-08-27 01:18:36.695 Df ReactTestApp[1584:8738500] [com.apple.dt.xctest:Default] Query  found matching snapshots: {(
    Application, pid: 1584
)} (error: (null))
2026-08-27 01:18:36.695 Df ReactTestApp[1584:8738500] [com.apple.dt.xctest:Default] Replying to query  with results: <XCTElementQueryResults: 0x10e3e3210> (error: (null))
2026-08-27 01:18:36.742 Df ReactTestApp[1584:8738500] [com.apple.dt.xctest:Default] Received request to fetch matches for query:
2026-08-27 01:18:36.742 Df ReactTestApp[1584:8737e18] [com.apple.dt.xctest:Default] Evaluating query:
2026-08-27 01:18:36.742 Df ReactTestApp[1584:8737e18] [com.apple.dt.xctest:Default] Getting root element snapshot
2026-08-27 01:18:36.742 Df ReactTestApp[1584:8737e18] [com.apple.dt.xctest:Default] Getting snapshot for App element pid: 1584 for query
2026-08-27 01:18:36.742 Df ReactTestApp[1584:8737e18] [com.apple.dt.xctest:Default] Query requires iOS snapshot attributes .
2026-08-27 01:18:36.742 Df ReactTestApp[1584:8737e18] [com.apple.dt.xctest:Default] XCTPerformOnMainRunLoop[not MT]: about to CFRunLoopPerform
2026-08-27 01:18:36.742 Df ReactTestApp[1584:8737e18] [com.apple.dt.xctest:Default] XCTPerformOnMainRunLoop[not MT]: waiting with 30.00s responsiveness timeout
2026-08-27 01:18:36.742 Df ReactTestApp[1584:8737de0] [com.apple.dt.xctest:Default] XCTPerformOnMainRunLoop[MT]: inside CFRunLoopPerform
2026-08-27 01:18:36.742 Df ReactTestApp[1584:8737de0] [com.apple.dt.xctest:Default] XCTPerformOnMainRunLoop[MT]: MT responded in time (won the race to the busy flag)
2026-08-27 01:18:36.742 Df ReactTestApp[1584:8737e18] [com.apple.dt.xctest:Default] XCTPerformOnMainRunLoop[not MT]: waiting 60.00s for work to complete
2026-08-27 01:18:36.743 Df ReactTestApp[1584:8737de0] [com.apple.dt.xctest:Default] Got main window <AXUIElementRef 0x13123be90> {pid=1584} {uid=[ID:4 hash:0x10a048880]}
2026-08-27 01:18:36.743 Df ReactTestApp[1584:8737de0] [com.apple.dt.xctest:Default] Capturing hierarchy with attributes XC_kAXXCAttributeElementType, XC_kAXXCAttributeElementBaseType, XC_kAXXCAttributeParent, XC_kAXXCAttributeIdentifier, XC_kAXXCAttributeAutomationType, XC_kAXXCAttributeTraits
2026-08-27 01:18:36.743 Df ReactTestApp[1584:8737de0] [com.apple.dt.xctest:Default] Capturing hierarchy with parameters {
    attributes =     (
        5003,
        5004,
        5002,
        5019,
        5058,
        2004
    );
    maxArrayCount = 2147483647;
    maxChildren = 2147483647;
    maxDepth = 2147483647;
    snapshotKeyHonorModalViews = 0;
    traverseFromParentsToChildren = 1;
}
2026-08-27 01:18:36.743 Df ReactTestApp[1584:8737de0] [com.apple.dt.xctest:Default] Snapshot attributes 5003, 5004, 5002, 5019, 5058, 2004
2026-08-27 01:18:36.770 Df ReactTestApp[1584:8737de0] [com.apple.dt.xctest:Default] Got snapshot for <AXUIElementRef 0x110ccfc10> {pid=1584} {uid=[ID:1 hash:0x0]}
2026-08-27 01:18:36.770 Df ReactTestApp[1584:8737de0] [com.apple.dt.xctest:Default] Got app orientation 0
2026-08-27 01:18:36.770 Df ReactTestApp[1584:8737de0] [com.apple.dt.xctest:Default] Captured accessibility snapshot data in 0.03s
2026-08-27 01:18:36.770 Df ReactTestApp[1584:8737e18] [com.apple.dt.xctest:Default] Found main window: Window
2026-08-27 01:18:36.770 Df ReactTestApp[1584:8737e18] [com.apple.dt.xctest:Default] Preferring automation type 48 instead of legacy element type OTHER derived from class/trait: UILabel:UILabel 8590000128
2026-08-27 01:18:36.771 Df ReactTestApp[1584:8737e18] [com.apple.dt.xctest:Default] Other is not actually a child of Other, including at this point anyway (rdar://problem/20738636)
2026-08-27 01:18:36.771 Df ReactTestApp[1584:8737e18] [com.apple.dt.xctest:Default] Other is not actually a child of Other, including at this point anyway (rdar://problem/20738636)
2026-08-27 01:18:36.771 Df ReactTestApp[1584:8737e18] [com.apple.dt.xctest:Default] Other is not actually a child of Other, including at this point anyway (rdar://problem/20738636)
2026-08-27 01:18:36.771 Df ReactTestApp[1584:8737e18] [com.apple.dt.xctest:Default] Other is not actually a child of Other, including at this point anyway (rdar://problem/20738636)
2026-08-27 01:18:36.771 Df ReactTestApp[1584:8737e18] [com.apple.dt.xctest:Default] Other is not actually a child of Other, including at this point anyway (rdar://problem/20738636)
2026-08-27 01:18:36.771 Df ReactTestApp[1584:8737e18] [com.apple.dt.xctest:Default] Preferring automation type 24 instead of legacy element type OTHER derived from class/trait: _UIFloatingBarContainerView:_UIFloatingBarContainerView 8589934592
2026-08-27 01:18:36.771 Df ReactTestApp[1584:8737e18] [com.apple.dt.xctest:Default] Query  found matching snapshots: {(
    Application, pid: 1584
)} (error: (null))
2026-08-27 01:18:36.771 Df ReactTestApp[1584:8737e18] [com.apple.dt.xctest:Default] Replying to query  with results: <XCTElementQueryResults: 0x10eb5e490> (error: (null))
2026-08-27 01:18:36.772 Df ReactTestApp[1584:8737e18] [com.apple.dt.xctest:Default] Received attributes request for element: App element pid: 1584. Attributes: (
    "XC_kAXXCAttributeFrame",
    "XC_kAXXCAttributeWindowDisplayId",
    "XC_kAXXCAttributeWindowContextId"
)
2026-08-27 01:18:36.772 Df ReactTestApp[1584:8738500] [com.apple.dt.xctest:Default] XCTPerformOnMainRunLoop[not MT]: about to CFRunLoopPerform
2026-08-27 01:18:36.772 Df ReactTestApp[1584:8738500] [com.apple.dt.xctest:Default] XCTPerformOnMainRunLoop[not MT]: waiting with 30.00s responsiveness timeout
2026-08-27 01:18:36.773 Df ReactTestApp[1584:8737de0] [com.apple.dt.xctest:Default] XCTPerformOnMainRunLoop[MT]: inside CFRunLoopPerform
2026-08-27 01:18:36.773 Df ReactTestApp[1584:8737de0] [com.apple.dt.xctest:Default] XCTPerformOnMainRunLoop[MT]: MT responded in time (won the race to the busy flag)
2026-08-27 01:18:36.773 Df ReactTestApp[1584:8737de0] [com.apple.dt.xctest:Default] Fetching AX attributes XC_kAXXCAttributeFrame, XC_kAXXCAttributeWindowDisplayId, XC_kAXXCAttributeWindowContextId for App element pid: 1584
2026-08-27 01:18:36.773 Df ReactTestApp[1584:8738500] [com.apple.dt.xctest:Default] XCTPerformOnMainRunLoop[not MT]: waiting 60.00s for work to complete
2026-08-27 01:18:36.773 Df ReactTestApp[1584:8737de0] [com.apple.dt.xctest:Default] Got attributes, transferring to dictionary for return.
2026-08-27 01:18:36.773 Df ReactTestApp[1584:8738500] [com.apple.dt.xctest:Default] Replying with attribute values: {
    "XC_kAXXCAttributeFrame" =     {
        Height = 874;
        Width = 402;
        X = 0;
        Y = 0;
    };
    "XC_kAXXCAttributeWindowContextId" = 1508916392;
    "XC_kAXXCAttributeWindowDisplayId" = 0;
}
2026-08-27 01:18:36.775 Df ReactTestApp[1584:8738500] [com.apple.dt.xctest:Default] Received request to fetch matches for query: ↪︎ Descendants matching type Button
2026-08-27 01:18:36.775 Df ReactTestApp[1584:8738500] [com.apple.dt.xctest:Default] Evaluating query:
 ↪︎ Descendants matching type Button
2026-08-27 01:18:36.775 Df ReactTestApp[1584:8738500] [com.apple.dt.xctest:Default] Getting root element snapshot
2026-08-27 01:18:36.776 Df ReactTestApp[1584:8738500] [com.apple.dt.xctest:Default] Getting snapshot for App element pid: 1584 for query ↪︎ Descendants matching type Button
2026-08-27 01:18:36.776 Df ReactTestApp[1584:8738500] [com.apple.dt.xctest:Default] Query requires iOS snapshot attributes XC_kAXXCAttributeElementType, XC_kAXXCAttributeElementBaseType, XC_kAXXCAttributeAutomationType, XC_kAXXCAttributeTraits.
2026-08-27 01:18:36.776 Df ReactTestApp[1584:8738500] [com.apple.dt.xctest:Default] XCTPerformOnMainRunLoop[not MT]: about to CFRunLoopPerform
2026-08-27 01:18:36.776 Df ReactTestApp[1584:8738500] [com.apple.dt.xctest:Default] XCTPerformOnMainRunLoop[not MT]: waiting with 30.00s responsiveness timeout
2026-08-27 01:18:36.776 Df ReactTestApp[1584:8737de0] [com.apple.dt.xctest:Default] XCTPerformOnMainRunLoop[MT]: inside CFRunLoopPerform
2026-08-27 01:18:36.776 Df ReactTestApp[1584:8737de0] [com.apple.dt.xctest:Default] XCTPerformOnMainRunLoop[MT]: MT responded in time (won the race to the busy flag)
2026-08-27 01:18:36.776 Df ReactTestApp[1584:8738500] [com.apple.dt.xctest:Default] XCTPerformOnMainRunLoop[not MT]: waiting 60.00s for work to complete
2026-08-27 01:18:36.776 Df ReactTestApp[1584:8737de0] [com.apple.dt.xctest:Default] Got main window <AXUIElementRef 0x110cddb50> {pid=1584} {uid=[ID:4 hash:0x10a048880]}
2026-08-27 01:18:36.776 Df ReactTestApp[1584:8737de0] [com.apple.dt.xctest:Default] Capturing hierarchy with attributes XC_kAXXCAttributeElementType, XC_kAXXCAttributeElementBaseType, XC_kAXXCAttributeParent, XC_kAXXCAttributeIdentifier, XC_kAXXCAttributeAutomationType, XC_kAXXCAttributeTraits
2026-08-27 01:18:36.776 Df ReactTestApp[1584:8737de0] [com.apple.dt.xctest:Default] Capturing hierarchy with parameters {
    attributes =     (
        5003,
        5004,
        5002,
        5019,
        5058,
        2004
    );
    maxArrayCount = 2147483647;
    maxChildren = 2147483647;
    maxDepth = 2147483647;
    snapshotKeyHonorModalViews = 0;
    traverseFromParentsToChildren = 1;
}
2026-08-27 01:18:36.776 Df ReactTestApp[1584:8737de0] [com.apple.dt.xctest:Default] Snapshot attributes 5003, 5004, 5002, 5019, 5058, 2004
2026-08-27 01:18:36.803 Df ReactTestApp[1584:8737de0] [com.apple.dt.xctest:Default] Got snapshot for <AXUIElementRef 0x110c81f90> {pid=1584} {uid=[ID:1 hash:0x0]}
2026-08-27 01:18:36.803 Df ReactTestApp[1584:8737de0] [com.apple.dt.xctest:Default] Got app orientation 0
2026-08-27 01:18:36.803 Df ReactTestApp[1584:8737de0] [com.apple.dt.xctest:Default] Captured accessibility snapshot data in 0.03s
2026-08-27 01:18:36.803 Df ReactTestApp[1584:8738500] [com.apple.dt.xctest:Default] Found main window: Window
2026-08-27 01:18:36.803 Df ReactTestApp[1584:8738500] [com.apple.dt.xctest:Default] Preferring automation type 48 instead of legacy element type OTHER derived from class/trait: UILabel:UILabel 8590000128
2026-08-27 01:18:36.804 Df ReactTestApp[1584:8738500] [com.apple.dt.xctest:Default] Other is not actually a child of Other, including at this point anyway (rdar://problem/20738636)
2026-08-27 01:18:36.804 Df ReactTestApp[1584:8738500] [com.apple.dt.xctest:Default] Other is not actually a child of Other, including at this point anyway (rdar://problem/20738636)
2026-08-27 01:18:36.804 Df ReactTestApp[1584:8738500] [com.apple.dt.xctest:Default] Other is not actually a child of Other, including at this point anyway (rdar://problem/20738636)
2026-08-27 01:18:36.804 Df ReactTestApp[1584:8738500] [com.apple.dt.xctest:Default] Other is not actually a child of Other, including at this point anyway (rdar://problem/20738636)
2026-08-27 01:18:36.804 Df ReactTestApp[1584:8738500] [com.apple.dt.xctest:Default] Other is not actually a child of Other, including at this point anyway (rdar://problem/20738636)
2026-08-27 01:18:36.804 Df ReactTestApp[1584:8738500] [com.apple.dt.xctest:Default] Preferring automation type 24 instead of legacy element type OTHER derived from class/trait: _UIFloatingBarContainerView:_UIFloatingBarContainerView 8589934592
2026-08-27 01:18:36.804 Df ReactTestApp[1584:8738500] [com.apple.dt.xctest:Default] XCTPerformOnMainRunLoop[not MT]: about to CFRunLoopPerform
2026-08-27 01:18:36.804 Df ReactTestApp[1584:8738500] [com.apple.dt.xctest:Default] XCTPerformOnMainRunLoop[not MT]: waiting with 30.00s responsiveness timeout
2026-08-27 01:18:36.804 Df ReactTestApp[1584:8737de0] [com.apple.dt.xctest:Default] XCTPerformOnMainRunLoop[MT]: inside CFRunLoopPerform
2026-08-27 01:18:36.804 Df ReactTestApp[1584:8737de0] [com.apple.dt.xctest:Default] XCTPerformOnMainRunLoop[MT]: MT responded in time (won the race to the busy flag)
2026-08-27 01:18:36.804 Df ReactTestApp[1584:8738500] [com.apple.dt.xctest:Default] XCTPerformOnMainRunLoop[not MT]: waiting 60.00s for work to complete
2026-08-27 01:18:36.804 Df ReactTestApp[1584:8737de0] [com.apple.dt.xctest:Default] XCTElementQuery: set data source for rootElementSnapshot to <XCTAutomationSession: 0x10b2222d0>
2026-08-27 01:18:36.804 Df ReactTestApp[1584:8738500] [com.apple.dt.xctest:Default] Finding all matches with input Application, pid: 1584 using transformers
↪︎ Descendants matching type Button
2026-08-27 01:18:36.805 Df ReactTestApp[1584:8738500] [com.apple.dt.xctest:Default] [Match All] applied transformer `Descendants matching type Button` to input {(
    Application, pid: 1584
)}, found {(
    Button, identifier: 'BackButton',
    Button, Selected,
    Button,
    Button,
    Button,
    Button
)}
2026-08-27 01:18:36.805 Df ReactTestApp[1584:8738500] [com.apple.dt.xctest:Default] [Match All] setting out related elements {(
)}
2026-08-27 01:18:36.809 Df ReactTestApp[1584:8738500] [com.apple.dt.xctest:Default] Current tree:
Application, 0x127ff8bc0, pid: 1584 <App element pid: 1584>
  Window (Main), 0x127ff8d40 <AX element pid: 1584, elementOrHash.elementID: 4463036544.4>
    Other, 0x10aad9e40 <AX element pid: 1584, elementOrHash.elementID: 4607206464.68>
    Other, 0x127ff8740 <AX element pid: 1584, elementOrHash.elementID: 4462619648.5>
      Other, 0x127ff88c0 <AX element pid: 1584, elementOrHash.elementID: 4534320000.6>
        Other, 0x127ffeec0 <AX element pid: 1584, elementOrHash.elementID: 4468801152.7>
          Other, 0x127ff8a40 <AX element pid: 1584, elementOrHash.elementID: 4453470784.8>
            Other, 0x10aaa1440 <AX element pid: 1584, elementOrHash.elementID: 4484017280.9>
              Other, 0x127ff8140 <AX element pid: 1584, elementOrHash.elementID: 4483838080.10>
                Other, 0x127ff82c0 <AX element pid: 1584, elementOrHash.elementID: 4484174976.12>
                  Other, 0x127ff8440 <AX element pid: 1584, elementOrHash.elementID: 4689692800.14>
                    NavigationBar, 0x11<…>
2026-08-27 01:18:36.809 Df ReactTestApp[1584:8738500] [com.apple.dt.xctest:Default] Query ↪︎ Descendants matching type Button found matching snapshots: {(
    Button, identifier: 'BackButton',
    Button, Selected,
    Button,
    Button,
    Button,
    Button
)} (error: (null))
2026-08-27 01:18:36.810 Df ReactTestApp[1584:8738500] [com.apple.dt.xctest:Default] Replying to query ↪︎ Descendants matching type Button with results: <XCTElementQueryResults: 0x10e388fd0> (error: (null))
2026-08-27 01:18:36.815 Df ReactTestApp[1584:8738500] [com.apple.dt.xctest:Default] Received request to fetch matches for query: ↪︎ Descendants matching type Link
2026-08-27 01:18:36.815 Df ReactTestApp[1584:8738500] [com.apple.dt.xctest:Default] Evaluating query:
 ↪︎ Descendants matching type Link
2026-08-27 01:18:36.815 Df ReactTestApp[1584:8738500] [com.apple.dt.xctest:Default] Getting root element snapshot
2026-08-27 01:18:36.815 Df ReactTestApp[1584:8738500] [com.apple.dt.xctest:Default] Getting snapshot for App element pid: 1584 for query ↪︎ Descendants matching type Link
2026-08-27 01:18:36.815 Df ReactTestApp[1584:8738500] [com.apple.dt.xctest:Default] Query requires iOS snapshot attributes XC_kAXXCAttributeElementType, XC_kAXXCAttributeElementBaseType, XC_kAXXCAttributeAutomationType, XC_kAXXCAttributeTraits.
2026-08-27 01:18:36.815 Df ReactTestApp[1584:8738500] [com.apple.dt.xctest:Default] XCTPerformOnMainRunLoop[not MT]: about to CFRunLoopPerform
2026-08-27 01:18:36.815 Df ReactTestApp[1584:8738500] [com.apple.dt.xctest:Default] XCTPerformOnMainRunLoop[not MT]: waiting with 30.00s responsiveness timeout
2026-08-27 01:18:36.815 Df ReactTestApp[1584:8737de0] [com.apple.dt.xctest:Default] XCTPerformOnMainRunLoop[MT]: inside CFRunLoopPerform
2026-08-27 01:18:36.815 Df ReactTestApp[1584:8737de0] [com.apple.dt.xctest:Default] XCTPerformOnMainRunLoop[MT]: MT responded in time (won the race to the busy flag)
2026-08-27 01:18:36.815 Df ReactTestApp[1584:8738500] [com.apple.dt.xctest:Default] XCTPerformOnMainRunLoop[not MT]: waiting 60.00s for work to complete
2026-08-27 01:18:36.816 Df ReactTestApp[1584:8737de0] [com.apple.dt.xctest:Default] Got main window <AXUIElementRef 0x12af77950> {pid=1584} {uid=[ID:4 hash:0x10a048880]}
2026-08-27 01:18:36.816 Df ReactTestApp[1584:8737de0] [com.apple.dt.xctest:Default] Capturing hierarchy with attributes XC_kAXXCAttributeElementType, XC_kAXXCAttributeElementBaseType, XC_kAXXCAttributeParent, XC_kAXXCAttributeIdentifier, XC_kAXXCAttributeAutomationType, XC_kAXXCAttributeTraits
2026-08-27 01:18:36.816 Df ReactTestApp[1584:8737de0] [com.apple.dt.xctest:Default] Capturing hierarchy with parameters {
    attributes =     (
        5003,
        5004,
        5002,
        5019,
        5058,
        2004
    );
    maxArrayCount = 2147483647;
    maxChildren = 2147483647;
    maxDepth = 2147483647;
    snapshotKeyHonorModalViews = 0;
    traverseFromParentsToChildren = 1;
}
2026-08-27 01:18:36.816 Df ReactTestApp[1584:8737de0] [com.apple.dt.xctest:Default] Snapshot attributes 5003, 5004, 5002, 5019, 5058, 2004
2026-08-27 01:18:36.843 Df ReactTestApp[1584:8737de0] [com.apple.dt.xctest:Default] Got snapshot for <AXUIElementRef 0x12af77d90> {pid=1584} {uid=[ID:1 hash:0x0]}
2026-08-27 01:18:36.843 Df ReactTestApp[1584:8737de0] [com.apple.dt.xctest:Default] Got app orientation 0
2026-08-27 01:18:36.843 Df ReactTestApp[1584:8737de0] [com.apple.dt.xctest:Default] Captured accessibility snapshot data in 0.03s
2026-08-27 01:18:36.843 Df ReactTestApp[1584:8738500] [com.apple.dt.xctest:Default] Found main window: Window
2026-08-27 01:18:36.843 Df ReactTestApp[1584:8738500] [com.apple.dt.xctest:Default] Preferring automation type 48 instead of legacy element type OTHER derived from class/trait: UILabel:UILabel 8590000128
2026-08-27 01:18:36.843 Df ReactTestApp[1584:8738500] [com.apple.dt.xctest:Default] Other is not actually a child of Other, including at this point anyway (rdar://problem/20738636)
2026-08-27 01:18:36.843 Df ReactTestApp[1584:8738500] [com.apple.dt.xctest:Default] Other is not actually a child of Other, including at this point anyway (rdar://problem/20738636)
2026-08-27 01:18:36.844 Df ReactTestApp[1584:8738500] [com.apple.dt.xctest:Default] Other is not actually a child of Other, including at this point anyway (rdar://problem/20738636)
2026-08-27 01:18:36.844 Df ReactTestApp[1584:8738500] [com.apple.dt.xctest:Default] Other is not actually a child of Other, including at this point anyway (rdar://problem/20738636)
2026-08-27 01:18:36.844 Df ReactTestApp[1584:8738500] [com.apple.dt.xctest:Default] Other is not actually a child of Other, including at this point anyway (rdar://problem/20738636)
2026-08-27 01:18:36.844 Df ReactTestApp[1584:8738500] [com.apple.dt.xctest:Default] Preferring automation type 24 instead of legacy element type OTHER derived from class/trait: _UIFloatingBarContainerView:_UIFloatingBarContainerView 8589934592
2026-08-27 01:18:36.844 Df ReactTestApp[1584:8738500] [com.apple.dt.xctest:Default] XCTPerformOnMainRunLoop[not MT]: about to CFRunLoopPerform
2026-08-27 01:18:36.844 Df ReactTestApp[1584:8738500] [com.apple.dt.xctest:Default] XCTPerformOnMainRunLoop[not MT]: waiting with 30.00s responsiveness timeout
2026-08-27 01:18:36.844 Df ReactTestApp[1584:8737de0] [com.apple.dt.xctest:Default] XCTPerformOnMainRunLoop[MT]: inside CFRunLoopPerform
2026-08-27 01:18:36.844 Df ReactTestApp[1584:8737de0] [com.apple.dt.xctest:Default] XCTPerformOnMainRunLoop[MT]: MT responded in time (won the race to the busy flag)
2026-08-27 01:18:36.844 Df ReactTestApp[1584:8738500] [com.apple.dt.xctest:Default] XCTPerformOnMainRunLoop[not MT]: waiting 60.00s for work to complete
2026-08-27 01:18:36.844 Df ReactTestApp[1584:8737de0] [com.apple.dt.xctest:Default] XCTElementQuery: set data source for rootElementSnapshot to <XCTAutomationSession: 0x10b2222d0>
2026-08-27 01:18:36.844 Df ReactTestApp[1584:8738500] [com.apple.dt.xctest:Default] Finding all matches with input Application, pid: 1584 using transformers
↪︎ Descendants matching type Link
2026-08-27 01:18:36.844 Df ReactTestApp[1584:8738500] [com.apple.dt.xctest:Default] [Match All] applied transformer `Descendants matching type Link` to input {(
    Application, pid: 1584
)}, found {(
)}
2026-08-27 01:18:36.844 Df ReactTestApp[1584:8738500] [com.apple.dt.xctest:Default] [Match All] setting out related elements in early return {(
)}
2026-08-27 01:18:36.848 Df ReactTestApp[1584:8738500] [com.apple.dt.xctest:Default] Current tree:
Application, 0x114bf8d40, pid: 1584 <App element pid: 1584>
  Window (Main), 0x114bf8ec0 <AX element pid: 1584, elementOrHash.elementID: 4463036544.4>
    Other, 0x127ca9840 <AX element pid: 1584, elementOrHash.elementID: 4607206464.68>
    Other, 0x10e5e1640 <AX element pid: 1584, elementOrHash.elementID: 4462619648.5>
      Other, 0x114bfcdc0 <AX element pid: 1584, elementOrHash.elementID: 4534320000.6>
        Other, 0x10aa9d0c0 <AX element pid: 1584, elementOrHash.elementID: 4468801152.7>
          Other, 0x114b3ae40 <AX element pid: 1584, elementOrHash.elementID: 4453470784.8>
            Other, 0x10e5346c0 <AX element pid: 1584, elementOrHash.elementID: 4484017280.9>
              Other, 0x12f5046c0 <AX element pid: 1584, elementOrHash.elementID: 4483838080.10>
                Other, 0x119cf3ac0 <AX element pid: 1584, elementOrHash.elementID: 4484174976.12>
                  Other, 0x119cf3f40 <AX element pid: 1584, elementOrHash.elementID: 4689692800.14>
                    NavigationBar, 0x10<…>
2026-08-27 01:18:36.848 Df ReactTestApp[1584:8738500] [com.apple.dt.xctest:Default] Query ↪︎ Descendants matching type Link found matching snapshots: {(
)} (error: (null))
2026-08-27 01:18:36.848 Df ReactTestApp[1584:8738500] [com.apple.dt.xctest:Default] Replying to query ↪︎ Descendants matching type Link with results: <XCTElementQueryResults: 0x110c94d90> (error: (null))
2026-08-27 01:18:36.851 Df ReactTestApp[1584:8738500] [com.apple.dt.xctest:Default] Received request to fetch matches for query: ↪︎ Descendants matching type TextField
2026-08-27 01:18:36.851 Df ReactTestApp[1584:8737e18] [com.apple.dt.xctest:Default] Evaluating query:
 ↪︎ Descendants matching type TextField
2026-08-27 01:18:36.851 Df ReactTestApp[1584:8737e18] [com.apple.dt.xctest:Default] Getting root element snapshot
2026-08-27 01:18:36.851 Df ReactTestApp[1584:8737e18] [com.apple.dt.xctest:Default] Getting snapshot for App element pid: 1584 for query ↪︎ Descendants matching type TextField
2026-08-27 01:18:36.851 Df ReactTestApp[1584:8737e18] [com.apple.dt.xctest:Default] Query requires iOS snapshot attributes XC_kAXXCAttributeElementType, XC_kAXXCAttributeElementBaseType, XC_kAXXCAttributeAutomationType, XC_kAXXCAttributeTraits.
2026-08-27 01:18:36.851 Df ReactTestApp[1584:8737e18] [com.apple.dt.xctest:Default] XCTPerformOnMainRunLoop[not MT]: about to CFRunLoopPerform
2026-08-27 01:18:36.851 Df ReactTestApp[1584:8737e18] [com.apple.dt.xctest:Default] XCTPerformOnMainRunLoop[not MT]: waiting with 30.00s responsiveness timeout
2026-08-27 01:18:36.851 Df ReactTestApp[1584:8737de0] [com.apple.dt.xctest:Default] XCTPerformOnMainRunLoop[MT]: inside CFRunLoopPerform
2026-08-27 01:18:36.851 Df ReactTestApp[1584:8737de0] [com.apple.dt.xctest:Default] XCTPerformOnMainRunLoop[MT]: MT responded in time (won the race to the busy flag)
2026-08-27 01:18:36.851 Df ReactTestApp[1584:8737e18] [com.apple.dt.xctest:Default] XCTPerformOnMainRunLoop[not MT]: waiting 60.00s for work to complete
2026-08-27 01:18:36.851 Df ReactTestApp[1584:8737de0] [com.apple.dt.xctest:Default] Got main window <AXUIElementRef 0x109ac9e50> {pid=1584} {uid=[ID:4 hash:0x10a048880]}
2026-08-27 01:18:36.851 Df ReactTestApp[1584:8737de0] [com.apple.dt.xctest:Default] Capturing hierarchy with attributes XC_kAXXCAttributeElementType, XC_kAXXCAttributeElementBaseType, XC_kAXXCAttributeParent, XC_kAXXCAttributeIdentifier, XC_kAXXCAttributeAutomationType, XC_kAXXCAttributeTraits
2026-08-27 01:18:36.852 Df ReactTestApp[1584:8737de0] [com.apple.dt.xctest:Default] Capturing hierarchy with parameters {
    attributes =     (
        5003,
        5004,
        5002,
        5019,
        5058,
        2004
    );
    maxArrayCount = 2147483647;
    maxChildren = 2147483647;
    maxDepth = 2147483647;
    snapshotKeyHonorModalViews = 0;
    traverseFromParentsToChildren = 1;
}
2026-08-27 01:18:36.852 Df ReactTestApp[1584:8737de0] [com.apple.dt.xctest:Default] Snapshot attributes 5003, 5004, 5002, 5019, 5058, 2004
2026-08-27 01:18:36.878 Df ReactTestApp[1584:8737de0] [com.apple.dt.xctest:Default] Got snapshot for <AXUIElementRef 0x110c930d0> {pid=1584} {uid=[ID:1 hash:0x0]}
2026-08-27 01:18:36.878 Df ReactTestApp[1584:8737de0] [com.apple.dt.xctest:Default] Got app orientation 0
2026-08-27 01:18:36.878 Df ReactTestApp[1584:8737de0] [com.apple.dt.xctest:Default] Captured accessibility snapshot data in 0.03s
2026-08-27 01:18:36.878 Df ReactTestApp[1584:8737e18] [com.apple.dt.xctest:Default] Found main window: Window
2026-08-27 01:18:36.878 Df ReactTestApp[1584:8737e18] [com.apple.dt.xctest:Default] Preferring automation type 48 instead of legacy element type OTHER derived from class/trait: UILabel:UILabel 8590000128
2026-08-27 01:18:36.878 Df ReactTestApp[1584:8737e18] [com.apple.dt.xctest:Default] Other is not actually a child of Other, including at this point anyway (rdar://problem/20738636)
2026-08-27 01:18:36.879 Df ReactTestApp[1584:8737e18] [com.apple.dt.xctest:Default] Other is not actually a child of Other, including at this point anyway (rdar://problem/20738636)
2026-08-27 01:18:36.879 Df ReactTestApp[1584:8737e18] [com.apple.dt.xctest:Default] Other is not actually a child of Other, including at this point anyway (rdar://problem/20738636)
2026-08-27 01:18:36.879 Df ReactTestApp[1584:8737e18] [com.apple.dt.xctest:Default] Other is not actually a child of Other, including at this point anyway (rdar://problem/20738636)
2026-08-27 01:18:36.879 Df ReactTestApp[1584:8737e18] [com.apple.dt.xctest:Default] Other is not actually a child of Other, including at this point anyway (rdar://problem/20738636)
2026-08-27 01:18:36.879 Df ReactTestApp[1584:8737e18] [com.apple.dt.xctest:Default] Preferring automation type 24 instead of legacy element type OTHER derived from class/trait: _UIFloatingBarContainerView:_UIFloatingBarContainerView 8589934592
2026-08-27 01:18:36.879 Df ReactTestApp[1584:8737e18] [com.apple.dt.xctest:Default] XCTPerformOnMainRunLoop[not MT]: about to CFRunLoopPerform
2026-08-27 01:18:36.879 Df ReactTestApp[1584:8737de0] [com.apple.dt.xctest:Default] XCTPerformOnMainRunLoop[MT]: inside CFRunLoopPerform
2026-08-27 01:18:36.879 Df ReactTestApp[1584:8737e18] [com.apple.dt.xctest:Default] XCTPerformOnMainRunLoop[not MT]: waiting with 30.00s responsiveness timeout
2026-08-27 01:18:36.879 Df ReactTestApp[1584:8737de0] [com.apple.dt.xctest:Default] XCTPerformOnMainRunLoop[MT]: MT responded in time (won the race to the busy flag)
2026-08-27 01:18:36.879 Df ReactTestApp[1584:8737e18] [com.apple.dt.xctest:Default] XCTPerformOnMainRunLoop[not MT]: waiting 60.00s for work to complete
2026-08-27 01:18:36.879 Df ReactTestApp[1584:8737de0] [com.apple.dt.xctest:Default] XCTElementQuery: set data source for rootElementSnapshot to <XCTAutomationSession: 0x10b2222d0>
2026-08-27 01:18:36.879 Df ReactTestApp[1584:8737e18] [com.apple.dt.xctest:Default] Finding all matches with input Application, pid: 1584 using transformers
↪︎ Descendants matching type TextField
2026-08-27 01:18:36.879 Df ReactTestApp[1584:8737e18] [com.apple.dt.xctest:Default] [Match All] applied transformer `Descendants matching type TextField` to input {(
    Application, pid: 1584
)}, found {(
)}
2026-08-27 01:18:36.880 Df ReactTestApp[1584:8737e18] [com.apple.dt.xctest:Default] [Match All] setting out related elements in early return {(
)}
2026-08-27 01:18:36.883 Df ReactTestApp[1584:8737e18] [com.apple.dt.xctest:Default] Current tree:
Application, 0x119c2cd40, pid: 1584 <App element pid: 1584>
  Window (Main), 0x10aab9d40 <AX element pid: 1584, elementOrHash.elementID: 4463036544.4>
    Other, 0x119ca3840 <AX element pid: 1584, elementOrHash.elementID: 4607206464.68>
    Other, 0x114b973c0 <AX element pid: 1584, elementOrHash.elementID: 4462619648.5>
      Other, 0x127f721c0 <AX element pid: 1584, elementOrHash.elementID: 4534320000.6>
        Other, 0x127fc40c0 <AX element pid: 1584, elementOrHash.elementID: 4468801152.7>
          Other, 0x127c7a2c0 <AX element pid: 1584, elementOrHash.elementID: 4453470784.8>
            Other, 0x127fc43c0 <AX element pid: 1584, elementOrHash.elementID: 4484017280.9>
              Other, 0x127fbd040 <AX element pid: 1584, elementOrHash.elementID: 4483838080.10>
                Other, 0x119ca3cc0 <AX element pid: 1584, elementOrHash.elementID: 4484174976.12>
                  Other, 0x119ca39c0 <AX element pid: 1584, elementOrHash.elementID: 4689692800.14>
                    NavigationBar, 0x11<…>
2026-08-27 01:18:36.883 Df ReactTestApp[1584:8737e18] [com.apple.dt.xctest:Default] Query ↪︎ Descendants matching type TextField found matching snapshots: {(
)} (error: (null))
2026-08-27 01:18:36.883 Df ReactTestApp[1584:8737e18] [com.apple.dt.xctest:Default] Replying to query ↪︎ Descendants matching type TextField with results: <XCTElementQueryResults: 0x110c483d0> (error: (null))
2026-08-27 01:18:36.885 Df ReactTestApp[1584:8737e18] [com.apple.dt.xctest:Default] Received request to fetch matches for query: ↪︎ Descendants matching type SecureTextField
2026-08-27 01:18:36.885 Df ReactTestApp[1584:8737e18] [com.apple.dt.xctest:Default] Evaluating query:
 ↪︎ Descendants matching type SecureTextField
2026-08-27 01:18:36.885 Df ReactTestApp[1584:8737e18] [com.apple.dt.xctest:Default] Getting root element snapshot
2026-08-27 01:18:36.886 Df ReactTestApp[1584:8737e18] [com.apple.dt.xctest:Default] Getting snapshot for App element pid: 1584 for query ↪︎ Descendants matching type SecureTextField
2026-08-27 01:18:36.886 Df ReactTestApp[1584:8737e18] [com.apple.dt.xctest:Default] Query requires iOS snapshot attributes XC_kAXXCAttributeElementType, XC_kAXXCAttributeElementBaseType, XC_kAXXCAttributeAutomationType, XC_kAXXCAttributeTraits.
2026-08-27 01:18:36.886 Df ReactTestApp[1584:8737e18] [com.apple.dt.xctest:Default] XCTPerformOnMainRunLoop[not MT]: about to CFRunLoopPerform
2026-08-27 01:18:36.886 Df ReactTestApp[1584:8737de0] [com.apple.dt.xctest:Default] XCTPerformOnMainRunLoop[MT]: inside CFRunLoopPerform
2026-08-27 01:18:36.886 Df ReactTestApp[1584:8737e18] [com.apple.dt.xctest:Default] XCTPerformOnMainRunLoop[not MT]: waiting with 30.00s responsiveness timeout
2026-08-27 01:18:36.886 Df ReactTestApp[1584:8737de0] [com.apple.dt.xctest:Default] XCTPerformOnMainRunLoop[MT]: MT responded in time (won the race to the busy flag)
2026-08-27 01:18:36.886 Df ReactTestApp[1584:8737e18] [com.apple.dt.xctest:Default] XCTPerformOnMainRunLoop[not MT]: waiting 60.00s for work to complete
2026-08-27 01:18:36.886 Df ReactTestApp[1584:8737de0] [com.apple.dt.xctest:Default] Got main window <AXUIElementRef 0x12af98450> {pid=1584} {uid=[ID:4 hash:0x10a048880]}
2026-08-27 01:18:36.886 Df ReactTestApp[1584:8737de0] [com.apple.dt.xctest:Default] Capturing hierarchy with attributes XC_kAXXCAttributeElementType, XC_kAXXCAttributeElementBaseType, XC_kAXXCAttributeParent, XC_kAXXCAttributeIdentifier, XC_kAXXCAttributeAutomationType, XC_kAXXCAttributeTraits
2026-08-27 01:18:36.886 Df ReactTestApp[1584:8737de0] [com.apple.dt.xctest:Default] Capturing hierarchy with parameters {
    attributes =     (
        5003,
        5004,
        5002,
        5019,
        5058,
        2004
    );
    maxArrayCount = 2147483647;
    maxChildren = 2147483647;
    maxDepth = 2147483647;
    snapshotKeyHonorModalViews = 0;
    traverseFromParentsToChildren = 1;
}
2026-08-27 01:18:36.886 Df ReactTestApp[1584:8737de0] [com.apple.dt.xctest:Default] Snapshot attributes 5003, 5004, 5002, 5019, 5058, 2004
2026-08-27 01:18:36.913 Df ReactTestApp[1584:8737de0] [com.apple.dt.xctest:Default] Got snapshot for <AXUIElementRef 0x10ebf2610> {pid=1584} {uid=[ID:1 hash:0x0]}
2026-08-27 01:18:36.913 Df ReactTestApp[1584:8737de0] [com.apple.dt.xctest:Default] Got app orientation 0
2026-08-27 01:18:36.913 Df ReactTestApp[1584:8737de0] [com.apple.dt.xctest:Default] Captured accessibility snapshot data in 0.03s
2026-08-27 01:18:36.913 Df ReactTestApp[1584:8737e18] [com.apple.dt.xctest:Default] Found main window: Window
2026-08-27 01:18:36.913 Df ReactTestApp[1584:8737e18] [com.apple.dt.xctest:Default] Preferring automation type 48 instead of legacy element type OTHER derived from class/trait: UILabel:UILabel 8590000128
2026-08-27 01:18:36.914 Df ReactTestApp[1584:8737e18] [com.apple.dt.xctest:Default] Other is not actually a child of Other, including at this point anyway (rdar://problem/20738636)
2026-08-27 01:18:36.914 Df ReactTestApp[1584:8737e18] [com.apple.dt.xctest:Default] Other is not actually a child of Other, including at this point anyway (rdar://problem/20738636)
2026-08-27 01:18:36.914 Df ReactTestApp[1584:8737e18] [com.apple.dt.xctest:Default] Other is not actually a child of Other, including at this point anyway (rdar://problem/20738636)
2026-08-27 01:18:36.914 Df ReactTestApp[1584:8737e18] [com.apple.dt.xctest:Default] Other is not actually a child of Other, including at this point anyway (rdar://problem/20738636)
2026-08-27 01:18:36.914 Df ReactTestApp[1584:8737e18] [com.apple.dt.xctest:Default] Other is not actually a child of Other, including at this point anyway (rdar://problem/20738636)
2026-08-27 01:18:36.914 Df ReactTestApp[1584:8737e18] [com.apple.dt.xctest:Default] Preferring automation type 24 instead of legacy element type OTHER derived from class/trait: _UIFloatingBarContainerView:_UIFloatingBarContainerView 8589934592
2026-08-27 01:18:36.914 Df ReactTestApp[1584:8737e18] [com.apple.dt.xctest:Default] XCTPerformOnMainRunLoop[not MT]: about to CFRunLoopPerform
2026-08-27 01:18:36.914 Df ReactTestApp[1584:8737e18] [com.apple.dt.xctest:Default] XCTPerformOnMainRunLoop[not MT]: waiting with 30.00s responsiveness timeout
2026-08-27 01:18:36.914 Df ReactTestApp[1584:8737de0] [com.apple.dt.xctest:Default] XCTPerformOnMainRunLoop[MT]: inside CFRunLoopPerform
2026-08-27 01:18:36.914 Df ReactTestApp[1584:8737de0] [com.apple.dt.xctest:Default] XCTPerformOnMainRunLoop[MT]: MT responded in time (won the race to the busy flag)
2026-08-27 01:18:36.914 Df ReactTestApp[1584:8737de0] [com.apple.dt.xctest:Default] XCTElementQuery: set data source for rootElementSnapshot to <XCTAutomationSession: 0x10b2222d0>
2026-08-27 01:18:36.914 Df ReactTestApp[1584:8737e18] [com.apple.dt.xctest:Default] XCTPerformOnMainRunLoop[not MT]: waiting 60.00s for work to complete
2026-08-27 01:18:36.914 Df ReactTestApp[1584:8737e18] [com.apple.dt.xctest:Default] Finding all matches with input Application, pid: 1584 using transformers
↪︎ Descendants matching type SecureTextField
2026-08-27 01:18:36.915 Df ReactTestApp[1584:8737e18] [com.apple.dt.xctest:Default] [Match All] applied transformer `Descendants matching type SecureTextField` to input {(
    Application, pid: 1584
)}, found {(
)}
2026-08-27 01:18:36.915 Df ReactTestApp[1584:8737e18] [com.apple.dt.xctest:Default] [Match All] setting out related elements in early return {(
)}
2026-08-27 01:18:36.919 Df ReactTestApp[1584:8737e18] [com.apple.dt.xctest:Default] Current tree:
Application, 0x127f1ad40, pid: 1584 <App element pid: 1584>
  Window (Main), 0x127f1aec0 <AX element pid: 1584, elementOrHash.elementID: 4463036544.4>
    Other, 0x127f19fc0 <AX element pid: 1584, elementOrHash.elementID: 4607206464.68>
    Other, 0x127f1a8c0 <AX element pid: 1584, elementOrHash.elementID: 4462619648.5>
      Other, 0x119cba640 <AX element pid: 1584, elementOrHash.elementID: 4534320000.6>
        Other, 0x119cba4c0 <AX element pid: 1584, elementOrHash.elementID: 4468801152.7>
          Other, 0x119cd8340 <AX element pid: 1584, elementOrHash.elementID: 4453470784.8>
            Other, 0x119cba040 <AX element pid: 1584, elementOrHash.elementID: 4484017280.9>
              Other, 0x119cba340 <AX element pid: 1584, elementOrHash.elementID: 4483838080.10>
                Other, 0x119cbac40 <AX element pid: 1584, elementOrHash.elementID: 4484174976.12>
                  Other, 0x119cba1c0 <AX element pid: 1584, elementOrHash.elementID: 4689692800.14>
                    NavigationBar, 0x11<…>
2026-08-27 01:18:36.919 Df ReactTestApp[1584:8737e18] [com.apple.dt.xctest:Default] Query ↪︎ Descendants matching type SecureTextField found matching snapshots: {(
)} (error: (null))
2026-08-27 01:18:36.919 Df ReactTestApp[1584:8737e18] [com.apple.dt.xctest:Default] Replying to query ↪︎ Descendants matching type SecureTextField with results: <XCTElementQueryResults: 0x10e32e710> (error: (null))
2026-08-27 01:18:36.921 Df ReactTestApp[1584:8737e18] [com.apple.dt.xctest:Default] Received request to fetch matches for query: ↪︎ Descendants matching type SearchField
2026-08-27 01:18:36.921 Df ReactTestApp[1584:8737e18] [com.apple.dt.xctest:Default] Evaluating query:
 ↪︎ Descendants matching type SearchField
2026-08-27 01:18:36.921 Df ReactTestApp[1584:8737e18] [com.apple.dt.xctest:Default] Getting root element snapshot
2026-08-27 01:18:36.921 Df ReactTestApp[1584:8737e18] [com.apple.dt.xctest:Default] Getting snapshot for App element pid: 1584 for query ↪︎ Descendants matching type SearchField
2026-08-27 01:18:36.921 Df ReactTestApp[1584:8737e18] [com.apple.dt.xctest:Default] Query requires iOS snapshot attributes XC_kAXXCAttributeElementType, XC_kAXXCAttributeElementBaseType, XC_kAXXCAttributeAutomationType, XC_kAXXCAttributeTraits.
2026-08-27 01:18:36.921 Df ReactTestApp[1584:8737e18] [com.apple.dt.xctest:Default] XCTPerformOnMainRunLoop[not MT]: about to CFRunLoopPerform
2026-08-27 01:18:36.921 Df ReactTestApp[1584:8737e18] [com.apple.dt.xctest:Default] XCTPerformOnMainRunLoop[not MT]: waiting with 30.00s responsiveness timeout
2026-08-27 01:18:36.921 Df ReactTestApp[1584:8737de0] [com.apple.dt.xctest:Default] XCTPerformOnMainRunLoop[MT]: inside CFRunLoopPerform
2026-08-27 01:18:36.921 Df ReactTestApp[1584:8737de0] [com.apple.dt.xctest:Default] XCTPerformOnMainRunLoop[MT]: MT responded in time (won the race to the busy flag)
2026-08-27 01:18:36.922 Df ReactTestApp[1584:8737e18] [com.apple.dt.xctest:Default] XCTPerformOnMainRunLoop[not MT]: waiting 60.00s for work to complete
2026-08-27 01:18:36.922 Df ReactTestApp[1584:8737de0] [com.apple.dt.xctest:Default] Got main window <AXUIElementRef 0x110c61790> {pid=1584} {uid=[ID:4 hash:0x10a048880]}
2026-08-27 01:18:36.922 Df ReactTestApp[1584:8737de0] [com.apple.dt.xctest:Default] Capturing hierarchy with attributes XC_kAXXCAttributeElementType, XC_kAXXCAttributeElementBaseType, XC_kAXXCAttributeParent, XC_kAXXCAttributeIdentifier, XC_kAXXCAttributeAutomationType, XC_kAXXCAttributeTraits
2026-08-27 01:18:36.922 Df ReactTestApp[1584:8737de0] [com.apple.dt.xctest:Default] Capturing hierarchy with parameters {
    attributes =     (
        5003,
        5004,
        5002,
        5019,
        5058,
        2004
    );
    maxArrayCount = 2147483647;
    maxChildren = 2147483647;
    maxDepth = 2147483647;
    snapshotKeyHonorModalViews = 0;
    traverseFromParentsToChildren = 1;
}
2026-08-27 01:18:36.922 Df ReactTestApp[1584:8737de0] [com.apple.dt.xctest:Default] Snapshot attributes 5003, 5004, 5002, 5019, 5058, 2004
2026-08-27 01:18:36.950 Df ReactTestApp[1584:8737de0] [com.apple.dt.xctest:Default] Got snapshot for <AXUIElementRef 0x110cfed10> {pid=1584} {uid=[ID:1 hash:0x0]}
2026-08-27 01:18:36.950 Df ReactTestApp[1584:8737de0] [com.apple.dt.xctest:Default] Got app orientation 0
2026-08-27 01:18:36.950 Df ReactTestApp[1584:8737de0] [com.apple.dt.xctest:Default] Captured accessibility snapshot data in 0.03s
2026-08-27 01:18:36.951 Df ReactTestApp[1584:8737e18] [com.apple.dt.xctest:Default] Found main window: Window
2026-08-27 01:18:36.951 Df ReactTestApp[1584:8737e18] [com.apple.dt.xctest:Default] Preferring automation type 48 instead of legacy element type OTHER derived from class/trait: UILabel:UILabel 8590000128
2026-08-27 01:18:36.951 Df ReactTestApp[1584:8737e18] [com.apple.dt.xctest:Default] Other is not actually a child of Other, including at this point anyway (rdar://problem/20738636)
2026-08-27 01:18:36.951 Df ReactTestApp[1584:8737e18] [com.apple.dt.xctest:Default] Other is not actually a child of Other, including at this point anyway (rdar://problem/20738636)
2026-08-27 01:18:36.951 Df ReactTestApp[1584:8737e18] [com.apple.dt.xctest:Default] Other is not actually a child of Other, including at this point anyway (rdar://problem/20738636)
2026-08-27 01:18:36.951 Df ReactTestApp[1584:8737e18] [com.apple.dt.xctest:Default] Other is not actually a child of Other, including at this point anyway (rdar://problem/20738636)
2026-08-27 01:18:36.951 Df ReactTestApp[1584:8737e18] [com.apple.dt.xctest:Default] Other is not actually a child of Other, including at this point anyway (rdar://problem/20738636)
2026-08-27 01:18:36.951 Df ReactTestApp[1584:8737e18] [com.apple.dt.xctest:Default] Preferring automation type 24 instead of legacy element type OTHER derived from class/trait: _UIFloatingBarContainerView:_UIFloatingBarContainerView 8589934592
2026-08-27 01:18:36.952 Df ReactTestApp[1584:8737e18] [com.apple.dt.xctest:Default] XCTPerformOnMainRunLoop[not MT]: about to CFRunLoopPerform
2026-08-27 01:18:36.952 Df ReactTestApp[1584:8737de0] [com.apple.dt.xctest:Default] XCTPerformOnMainRunLoop[MT]: inside CFRunLoopPerform
2026-08-27 01:18:36.952 Df ReactTestApp[1584:8737e18] [com.apple.dt.xctest:Default] XCTPerformOnMainRunLoop[not MT]: waiting with 30.00s responsiveness timeout
2026-08-27 01:18:36.952 Df ReactTestApp[1584:8737de0] [com.apple.dt.xctest:Default] XCTPerformOnMainRunLoop[MT]: MT responded in time (won the race to the busy flag)
2026-08-27 01:18:36.952 Df ReactTestApp[1584:8737e18] [com.apple.dt.xctest:Default] XCTPerformOnMainRunLoop[not MT]: waiting 60.00s for work to complete
2026-08-27 01:18:36.952 Df ReactTestApp[1584:8737de0] [com.apple.dt.xctest:Default] XCTElementQuery: set data source for rootElementSnapshot to <XCTAutomationSession: 0x10b2222d0>
2026-08-27 01:18:36.952 Df ReactTestApp[1584:8737e18] [com.apple.dt.xctest:Default] Finding all matches with input Application, pid: 1584 using transformers
↪︎ Descendants matching type SearchField
2026-08-27 01:18:36.952 Df ReactTestApp[1584:8737e18] [com.apple.dt.xctest:Default] [Match All] applied transformer `Descendants matching type SearchField` to input {(
    Application, pid: 1584
)}, found {(
)}
2026-08-27 01:18:36.952 Df ReactTestApp[1584:8737e18] [com.apple.dt.xctest:Default] [Match All] setting out related elements in early return {(
)}
2026-08-27 01:18:36.956 Df ReactTestApp[1584:8737e18] [com.apple.dt.xctest:Default] Current tree:
Application, 0x119ce7dc0, pid: 1584 <App element pid: 1584>
  Window (Main), 0x114bb62c0 <AX element pid: 1584, elementOrHash.elementID: 4463036544.4>
    Other, 0x119c700c0 <AX element pid: 1584, elementOrHash.elementID: 4607206464.68>
    Other, 0x10ec79fc0 <AX element pid: 1584, elementOrHash.elementID: 4462619648.5>
      Other, 0x119c70540 <AX element pid: 1584, elementOrHash.elementID: 4534320000.6>
        Other, 0x119c70b40 <AX element pid: 1584, elementOrHash.elementID: 4468801152.7>
          Other, 0x119c709c0 <AX element pid: 1584, elementOrHash.elementID: 4453470784.8>
            Other, 0x127f142c0 <AX element pid: 1584, elementOrHash.elementID: 4484017280.9>
              Other, 0x119c6f7c0 <AX element pid: 1584, elementOrHash.elementID: 4483838080.10>
                Other, 0x10aaaa140 <AX element pid: 1584, elementOrHash.elementID: 4484174976.12>
                  Other, 0x114b097c0 <AX element pid: 1584, elementOrHash.elementID: 4689692800.14>
                    NavigationBar, 0x12<…>
2026-08-27 01:18:36.956 Df ReactTestApp[1584:8737e18] [com.apple.dt.xctest:Default] Query ↪︎ Descendants matching type SearchField found matching snapshots: {(
)} (error: (null))
2026-08-27 01:18:36.956 Df ReactTestApp[1584:8737e18] [com.apple.dt.xctest:Default] Replying to query ↪︎ Descendants matching type SearchField with results: <XCTElementQueryResults: 0x12afd4950> (error: (null))
2026-08-27 01:18:36.958 Df ReactTestApp[1584:8737e18] [com.apple.dt.xctest:Default] Received request to fetch matches for query: ↪︎ Descendants matching type TextView
2026-08-27 01:18:36.958 Df ReactTestApp[1584:8737e18] [com.apple.dt.xctest:Default] Evaluating query:
 ↪︎ Descendants matching type TextView
2026-08-27 01:18:36.958 Df ReactTestApp[1584:8737e18] [com.apple.dt.xctest:Default] Getting root element snapshot
2026-08-27 01:18:36.958 Df ReactTestApp[1584:8737e18] [com.apple.dt.xctest:Default] Getting snapshot for App element pid: 1584 for query ↪︎ Descendants matching type TextView
2026-08-27 01:18:36.958 Df ReactTestApp[1584:8737e18] [com.apple.dt.xctest:Default] Query requires iOS snapshot attributes XC_kAXXCAttributeElementType, XC_kAXXCAttributeElementBaseType, XC_kAXXCAttributeAutomationType, XC_kAXXCAttributeTraits.
2026-08-27 01:18:36.958 Df ReactTestApp[1584:8737e18] [com.apple.dt.xctest:Default] XCTPerformOnMainRunLoop[not MT]: about to CFRunLoopPerform
2026-08-27 01:18:36.958 Df ReactTestApp[1584:8737e18] [com.apple.dt.xctest:Default] XCTPerformOnMainRunLoop[not MT]: waiting with 30.00s responsiveness timeout
2026-08-27 01:18:36.959 Df ReactTestApp[1584:8737de0] [com.apple.dt.xctest:Default] XCTPerformOnMainRunLoop[MT]: inside CFRunLoopPerform
2026-08-27 01:18:36.959 Df ReactTestApp[1584:8737de0] [com.apple.dt.xctest:Default] XCTPerformOnMainRunLoop[MT]: MT responded in time (won the race to the busy flag)
2026-08-27 01:18:36.959 Df ReactTestApp[1584:8737e18] [com.apple.dt.xctest:Default] XCTPerformOnMainRunLoop[not MT]: waiting 60.00s for work to complete
2026-08-27 01:18:36.959 Df ReactTestApp[1584:8737de0] [com.apple.dt.xctest:Default] Got main window <AXUIElementRef 0x10e3c49d0> {pid=1584} {uid=[ID:4 hash:0x10a048880]}
2026-08-27 01:18:36.959 Df ReactTestApp[1584:8737de0] [com.apple.dt.xctest:Default] Capturing hierarchy with attributes XC_kAXXCAttributeElementType, XC_kAXXCAttributeElementBaseType, XC_kAXXCAttributeParent, XC_kAXXCAttributeIdentifier, XC_kAXXCAttributeAutomationType, XC_kAXXCAttributeTraits
2026-08-27 01:18:36.959 Df ReactTestApp[1584:8737de0] [com.apple.dt.xctest:Default] Capturing hierarchy with parameters {
    attributes =     (
        5003,
        5004,
        5002,
        5019,
        5058,
        2004
    );
    maxArrayCount = 2147483647;
    maxChildren = 2147483647;
    maxDepth = 2147483647;
    snapshotKeyHonorModalViews = 0;
    traverseFromParentsToChildren = 1;
}
2026-08-27 01:18:36.959 Df ReactTestApp[1584:8737de0] [com.apple.dt.xctest:Default] Snapshot attributes 5003, 5004, 5002, 5019, 5058, 2004
2026-08-27 01:18:36.985 Df ReactTestApp[1584:8737de0] [com.apple.dt.xctest:Default] Got snapshot for <AXUIElementRef 0x12afbc010> {pid=1584} {uid=[ID:1 hash:0x0]}
2026-08-27 01:18:36.985 Df ReactTestApp[1584:8737de0] [com.apple.dt.xctest:Default] Got app orientation 0
2026-08-27 01:18:36.985 Df ReactTestApp[1584:8737de0] [com.apple.dt.xctest:Default] Captured accessibility snapshot data in 0.03s
2026-08-27 01:18:36.985 Df ReactTestApp[1584:8737e18] [com.apple.dt.xctest:Default] Found main window: Window
2026-08-27 01:18:36.985 Df ReactTestApp[1584:8737e18] [com.apple.dt.xctest:Default] Preferring automation type 48 instead of legacy element type OTHER derived from class/trait: UILabel:UILabel 8590000128
2026-08-27 01:18:36.986 Df ReactTestApp[1584:8737e18] [com.apple.dt.xctest:Default] Other is not actually a child of Other, including at this point anyway (rdar://problem/20738636)
2026-08-27 01:18:36.986 Df ReactTestApp[1584:8737e18] [com.apple.dt.xctest:Default] Other is not actually a child of Other, including at this point anyway (rdar://problem/20738636)
2026-08-27 01:18:36.986 Df ReactTestApp[1584:8737e18] [com.apple.dt.xctest:Default] Other is not actually a child of Other, including at this point anyway (rdar://problem/20738636)
2026-08-27 01:18:36.986 Df ReactTestApp[1584:8737e18] [com.apple.dt.xctest:Default] Other is not actually a child of Other, including at this point anyway (rdar://problem/20738636)
2026-08-27 01:18:36.986 Df ReactTestApp[1584:8737e18] [com.apple.dt.xctest:Default] Other is not actually a child of Other, including at this point anyway (rdar://problem/20738636)
2026-08-27 01:18:36.986 Df ReactTestApp[1584:8737e18] [com.apple.dt.xctest:Default] Preferring automation type 24 instead of legacy element type OTHER derived from class/trait: _UIFloatingBarContainerView:_UIFloatingBarContainerView 8589934592
2026-08-27 01:18:36.986 Df ReactTestApp[1584:8737e18] [com.apple.dt.xctest:Default] XCTPerformOnMainRunLoop[not MT]: about to CFRunLoopPerform
2026-08-27 01:18:36.986 Df ReactTestApp[1584:8737de0] [com.apple.dt.xctest:Default] XCTPerformOnMainRunLoop[MT]: inside CFRunLoopPerform
2026-08-27 01:18:36.986 Df ReactTestApp[1584:8737e18] [com.apple.dt.xctest:Default] XCTPerformOnMainRunLoop[not MT]: waiting with 30.00s responsiveness timeout
2026-08-27 01:18:36.986 Df ReactTestApp[1584:8737de0] [com.apple.dt.xctest:Default] XCTPerformOnMainRunLoop[MT]: MT responded in time (won the race to the busy flag)
2026-08-27 01:18:36.986 Df ReactTestApp[1584:8737e18] [com.apple.dt.xctest:Default] XCTPerformOnMainRunLoop[not MT]: waiting 60.00s for work to complete
2026-08-27 01:18:36.986 Df ReactTestApp[1584:8737de0] [com.apple.dt.xctest:Default] XCTElementQuery: set data source for rootElementSnapshot to <XCTAutomationSession: 0x10b2222d0>
2026-08-27 01:18:36.986 Df ReactTestApp[1584:8737e18] [com.apple.dt.xctest:Default] Finding all matches with input Application, pid: 1584 using transformers
↪︎ Descendants matching type TextView
2026-08-27 01:18:36.987 Df ReactTestApp[1584:8737e18] [com.apple.dt.xctest:Default] [Match All] applied transformer `Descendants matching type TextView` to input {(
    Application, pid: 1584
)}, found {(
)}
2026-08-27 01:18:36.987 Df ReactTestApp[1584:8737e18] [com.apple.dt.xctest:Default] [Match All] setting out related elements in early return {(
)}
2026-08-27 01:18:36.990 Df ReactTestApp[1584:8737e18] [com.apple.dt.xctest:Default] Current tree:
Application, 0x119c40b40, pid: 1584 <App element pid: 1584>
  Window (Main), 0x10e5a6fc0 <AX element pid: 1584, elementOrHash.elementID: 4463036544.4>
    Other, 0x119c0f940 <AX element pid: 1584, elementOrHash.elementID: 4607206464.68>
    Other, 0x114ba09c0 <AX element pid: 1584, elementOrHash.elementID: 4462619648.5>
      Other, 0x10aa49840 <AX element pid: 1584, elementOrHash.elementID: 4534320000.6>
        Other, 0x10aaf4b40 <AX element pid: 1584, elementOrHash.elementID: 4468801152.7>
          Other, 0x127c82240 <AX element pid: 1584, elementOrHash.elementID: 4453470784.8>
            Other, 0x114b2e840 <AX element pid: 1584, elementOrHash.elementID: 4484017280.9>
              Other, 0x10e56c4c0 <AX element pid: 1584, elementOrHash.elementID: 4483838080.10>
                Other, 0x10ecd06c0 <AX element pid: 1584, elementOrHash.elementID: 4484174976.12>
                  Other, 0x127c7fcc0 <AX element pid: 1584, elementOrHash.elementID: 4689692800.14>
                    NavigationBar, 0x11<…>
2026-08-27 01:18:36.990 Df ReactTestApp[1584:8737e18] [com.apple.dt.xctest:Default] Query ↪︎ Descendants matching type TextView found matching snapshots: {(
)} (error: (null))
2026-08-27 01:18:36.990 Df ReactTestApp[1584:8737e18] [com.apple.dt.xctest:Default] Replying to query ↪︎ Descendants matching type TextView with results: <XCTElementQueryResults: 0x10eb86310> (error: (null))
2026-08-27 01:18:36.992 Df ReactTestApp[1584:8737e18] [com.apple.dt.xctest:Default] Received request to fetch matches for query: ↪︎ Descendants matching type Switch
2026-08-27 01:18:36.992 Df ReactTestApp[1584:8737e18] [com.apple.dt.xctest:Default] Evaluating query:
 ↪︎ Descendants matching type Switch
2026-08-27 01:18:36.992 Df ReactTestApp[1584:8737e18] [com.apple.dt.xctest:Default] Getting root element snapshot
2026-08-27 01:18:36.992 Df ReactTestApp[1584:8737e18] [com.apple.dt.xctest:Default] Getting snapshot for App element pid: 1584 for query ↪︎ Descendants matching type Switch
2026-08-27 01:18:36.992 Df ReactTestApp[1584:8737e18] [com.apple.dt.xctest:Default] Query requires iOS snapshot attributes XC_kAXXCAttributeElementType, XC_kAXXCAttributeElementBaseType, XC_kAXXCAttributeAutomationType, XC_kAXXCAttributeTraits.
2026-08-27 01:18:36.992 Df ReactTestApp[1584:8737e18] [com.apple.dt.xctest:Default] XCTPerformOnMainRunLoop[not MT]: about to CFRunLoopPerform
2026-08-27 01:18:36.993 Df ReactTestApp[1584:8737e18] [com.apple.dt.xctest:Default] XCTPerformOnMainRunLoop[not MT]: waiting with 30.00s responsiveness timeout
2026-08-27 01:18:36.993 Df ReactTestApp[1584:8737de0] [com.apple.dt.xctest:Default] XCTPerformOnMainRunLoop[MT]: inside CFRunLoopPerform
2026-08-27 01:18:36.993 Df ReactTestApp[1584:8737de0] [com.apple.dt.xctest:Default] XCTPerformOnMainRunLoop[MT]: MT responded in time (won the race to the busy flag)
2026-08-27 01:18:36.993 Df ReactTestApp[1584:8737e18] [com.apple.dt.xctest:Default] XCTPerformOnMainRunLoop[not MT]: waiting 60.00s for work to complete
2026-08-27 01:18:36.993 Df ReactTestApp[1584:8737de0] [com.apple.dt.xctest:Default] Got main window <AXUIElementRef 0x10e3d0f10> {pid=1584} {uid=[ID:4 hash:0x10a048880]}
2026-08-27 01:18:36.993 Df ReactTestApp[1584:8737de0] [com.apple.dt.xctest:Default] Capturing hierarchy with attributes XC_kAXXCAttributeElementType, XC_kAXXCAttributeElementBaseType, XC_kAXXCAttributeParent, XC_kAXXCAttributeIdentifier, XC_kAXXCAttributeAutomationType, XC_kAXXCAttributeTraits
2026-08-27 01:18:36.993 Df ReactTestApp[1584:8737de0] [com.apple.dt.xctest:Default] Capturing hierarchy with parameters {
    attributes =     (
        5003,
        5004,
        5002,
        5019,
        5058,
        2004
    );
    maxArrayCount = 2147483647;
    maxChildren = 2147483647;
    maxDepth = 2147483647;
    snapshotKeyHonorModalViews = 0;
    traverseFromParentsToChildren = 1;
}
2026-08-27 01:18:36.993 Df ReactTestApp[1584:8737de0] [com.apple.dt.xctest:Default] Snapshot attributes 5003, 5004, 5002, 5019, 5058, 2004
2026-08-27 01:18:37.019 Df ReactTestApp[1584:8737de0] [com.apple.dt.xctest:Default] Got snapshot for <AXUIElementRef 0x12af8a0d0> {pid=1584} {uid=[ID:1 hash:0x0]}
2026-08-27 01:18:37.019 Df ReactTestApp[1584:8737de0] [com.apple.dt.xctest:Default] Got app orientation 0
2026-08-27 01:18:37.019 Df ReactTestApp[1584:8737de0] [com.apple.dt.xctest:Default] Captured accessibility snapshot data in 0.03s
2026-08-27 01:18:37.019 Df ReactTestApp[1584:8737e18] [com.apple.dt.xctest:Default] Found main window: Window
2026-08-27 01:18:37.019 Df ReactTestApp[1584:8737e18] [com.apple.dt.xctest:Default] Preferring automation type 48 instead of legacy element type OTHER derived from class/trait: UILabel:UILabel 8590000128
2026-08-27 01:18:37.020 Df ReactTestApp[1584:8737e18] [com.apple.dt.xctest:Default] Other is not actually a child of Other, including at this point anyway (rdar://problem/20738636)
2026-08-27 01:18:37.020 Df ReactTestApp[1584:8737e18] [com.apple.dt.xctest:Default] Other is not actually a child of Other, including at this point anyway (rdar://problem/20738636)
2026-08-27 01:18:37.020 Df ReactTestApp[1584:8737e18] [com.apple.dt.xctest:Default] Other is not actually a child of Other, including at this point anyway (rdar://problem/20738636)
2026-08-27 01:18:37.020 Df ReactTestApp[1584:8737e18] [com.apple.dt.xctest:Default] Other is not actually a child of Other, including at this point anyway (rdar://problem/20738636)
2026-08-27 01:18:37.020 Df ReactTestApp[1584:8737e18] [com.apple.dt.xctest:Default] Other is not actually a child of Other, including at this point anyway (rdar://problem/20738636)
2026-08-27 01:18:37.020 Df ReactTestApp[1584:8737e18] [com.apple.dt.xctest:Default] Preferring automation type 24 instead of legacy element type OTHER derived from class/trait: _UIFloatingBarContainerView:_UIFloatingBarContainerView 8589934592
2026-08-27 01:18:37.020 Df ReactTestApp[1584:8737e18] [com.apple.dt.xctest:Default] XCTPerformOnMainRunLoop[not MT]: about to CFRunLoopPerform
2026-08-27 01:18:37.020 Df ReactTestApp[1584:8737e18] [com.apple.dt.xctest:Default] XCTPerformOnMainRunLoop[not MT]: waiting with 30.00s responsiveness timeout
2026-08-27 01:18:37.020 Df ReactTestApp[1584:8737de0] [com.apple.dt.xctest:Default] XCTPerformOnMainRunLoop[MT]: inside CFRunLoopPerform
2026-08-27 01:18:37.020 Df ReactTestApp[1584:8737de0] [com.apple.dt.xctest:Default] XCTPerformOnMainRunLoop[MT]: MT responded in time (won the race to the busy flag)
2026-08-27 01:18:37.020 Df ReactTestApp[1584:8737e18] [com.apple.dt.xctest:Default] XCTPerformOnMainRunLoop[not MT]: waiting 60.00s for work to complete
2026-08-27 01:18:37.020 Df ReactTestApp[1584:8737de0] [com.apple.dt.xctest:Default] XCTElementQuery: set data source for rootElementSnapshot to <XCTAutomationSession: 0x10b2222d0>
2026-08-27 01:18:37.020 Df ReactTestApp[1584:8737e18] [com.apple.dt.xctest:Default] Finding all matches with input Application, pid: 1584 using transformers
↪︎ Descendants matching type Switch
2026-08-27 01:18:37.021 Df ReactTestApp[1584:8737e18] [com.apple.dt.xctest:Default] [Match All] applied transformer `Descendants matching type Switch` to input {(
    Application, pid: 1584
)}, found {(
)}
2026-08-27 01:18:37.021 Df ReactTestApp[1584:8737e18] [com.apple.dt.xctest:Default] [Match All] setting out related elements in early return {(
)}
2026-08-27 01:18:37.024 Df ReactTestApp[1584:8737e18] [com.apple.dt.xctest:Default] Current tree:
Application, 0x127fd63c0, pid: 1584 <App element pid: 1584>
  Window (Main), 0x127fd5040 <AX element pid: 1584, elementOrHash.elementID: 4463036544.4>
    Other, 0x10e5b3a40 <AX element pid: 1584, elementOrHash.elementID: 4607206464.68>
    Other, 0x127f454c0 <AX element pid: 1584, elementOrHash.elementID: 4462619648.5>
      Other, 0x119c460c0 <AX element pid: 1584, elementOrHash.elementID: 4534320000.6>
        Other, 0x127f199c0 <AX element pid: 1584, elementOrHash.elementID: 4468801152.7>
          Other, 0x127fec8c0 <AX element pid: 1584, elementOrHash.elementID: 4453470784.8>
            Other, 0x10e5475c0 <AX element pid: 1584, elementOrHash.elementID: 4484017280.9>
              Other, 0x10ec7ec40 <AX element pid: 1584, elementOrHash.elementID: 4483838080.10>
                Other, 0x10ec7f240 <AX element pid: 1584, elementOrHash.elementID: 4484174976.12>
                  Other, 0x127f64e40 <AX element pid: 1584, elementOrHash.elementID: 4689692800.14>
                    NavigationBar, 0x11<…>
2026-08-27 01:18:37.024 Df ReactTestApp[1584:8737e18] [com.apple.dt.xctest:Default] Query ↪︎ Descendants matching type Switch found matching snapshots: {(
)} (error: (null))
2026-08-27 01:18:37.024 Df ReactTestApp[1584:8737e18] [com.apple.dt.xctest:Default] Replying to query ↪︎ Descendants matching type Switch with results: <XCTElementQueryResults: 0x10e3bb310> (error: (null))
2026-08-27 01:18:37.027 Df ReactTestApp[1584:8737e18] [com.apple.dt.xctest:Default] Received request to fetch matches for query: ↪︎ Descendants matching type Slider
2026-08-27 01:18:37.027 Df ReactTestApp[1584:8737e18] [com.apple.dt.xctest:Default] Evaluating query:
 ↪︎ Descendants matching type Slider
2026-08-27 01:18:37.027 Df ReactTestApp[1584:8737e18] [com.apple.dt.xctest:Default] Getting root element snapshot
2026-08-27 01:18:37.027 Df ReactTestApp[1584:8737e18] [com.apple.dt.xctest:Default] Getting snapshot for App element pid: 1584 for query ↪︎ Descendants matching type Slider
2026-08-27 01:18:37.027 Df ReactTestApp[1584:8737e18] [com.apple.dt.xctest:Default] Query requires iOS snapshot attributes XC_kAXXCAttributeElementType, XC_kAXXCAttributeElementBaseType, XC_kAXXCAttributeAutomationType, XC_kAXXCAttributeTraits.
2026-08-27 01:18:37.027 Df ReactTestApp[1584:8737e18] [com.apple.dt.xctest:Default] XCTPerformOnMainRunLoop[not MT]: about to CFRunLoopPerform
2026-08-27 01:18:37.027 Df ReactTestApp[1584:8737e18] [com.apple.dt.xctest:Default] XCTPerformOnMainRunLoop[not MT]: waiting with 30.00s responsiveness timeout
2026-08-27 01:18:37.027 Df ReactTestApp[1584:8737de0] [com.apple.dt.xctest:Default] XCTPerformOnMainRunLoop[MT]: inside CFRunLoopPerform
2026-08-27 01:18:37.027 Df ReactTestApp[1584:8737de0] [com.apple.dt.xctest:Default] XCTPerformOnMainRunLoop[MT]: MT responded in time (won the race to the busy flag)
2026-08-27 01:18:37.027 Df ReactTestApp[1584:8737e18] [com.apple.dt.xctest:Default] XCTPerformOnMainRunLoop[not MT]: waiting 60.00s for work to complete
2026-08-27 01:18:37.027 Df ReactTestApp[1584:8737de0] [com.apple.dt.xctest:Default] Got main window <AXUIElementRef 0x12af31dd0> {pid=1584} {uid=[ID:4 hash:0x10a048880]}
2026-08-27 01:18:37.027 Df ReactTestApp[1584:8737de0] [com.apple.dt.xctest:Default] Capturing hierarchy with attributes XC_kAXXCAttributeElementType, XC_kAXXCAttributeElementBaseType, XC_kAXXCAttributeParent, XC_kAXXCAttributeIdentifier, XC_kAXXCAttributeAutomationType, XC_kAXXCAttributeTraits
2026-08-27 01:18:37.027 Df ReactTestApp[1584:8737de0] [com.apple.dt.xctest:Default] Capturing hierarchy with parameters {
    attributes =     (
        5003,
        5004,
        5002,
        5019,
        5058,
        2004
    );
    maxArrayCount = 2147483647;
    maxChildren = 2147483647;
    maxDepth = 2147483647;
    snapshotKeyHonorModalViews = 0;
    traverseFromParentsToChildren = 1;
}
2026-08-27 01:18:37.027 Df ReactTestApp[1584:8737de0] [com.apple.dt.xctest:Default] Snapshot attributes 5003, 5004, 5002, 5019, 5058, 2004
2026-08-27 01:18:37.053 Df ReactTestApp[1584:8737de0] [com.apple.dt.xctest:Default] Got snapshot for <AXUIElementRef 0x10eb83190> {pid=1584} {uid=[ID:1 hash:0x0]}
2026-08-27 01:18:37.053 Df ReactTestApp[1584:8737de0] [com.apple.dt.xctest:Default] Got app orientation 0
2026-08-27 01:18:37.053 Df ReactTestApp[1584:8737de0] [com.apple.dt.xctest:Default] Captured accessibility snapshot data in 0.03s
2026-08-27 01:18:37.053 Df ReactTestApp[1584:8737e18] [com.apple.dt.xctest:Default] Found main window: Window
2026-08-27 01:18:37.053 Df ReactTestApp[1584:8737e18] [com.apple.dt.xctest:Default] Preferring automation type 48 instead of legacy element type OTHER derived from class/trait: UILabel:UILabel 8590000128
2026-08-27 01:18:37.054 Df ReactTestApp[1584:8737e18] [com.apple.dt.xctest:Default] Other is not actually a child of Other, including at this point anyway (rdar://problem/20738636)
2026-08-27 01:18:37.054 Df ReactTestApp[1584:8737e18] [com.apple.dt.xctest:Default] Other is not actually a child of Other, including at this point anyway (rdar://problem/20738636)
2026-08-27 01:18:37.054 Df ReactTestApp[1584:8737e18] [com.apple.dt.xctest:Default] Other is not actually a child of Other, including at this point anyway (rdar://problem/20738636)
2026-08-27 01:18:37.054 Df ReactTestApp[1584:8737e18] [com.apple.dt.xctest:Default] Other is not actually a child of Other, including at this point anyway (rdar://problem/20738636)
2026-08-27 01:18:37.054 Df ReactTestApp[1584:8737e18] [com.apple.dt.xctest:Default] Other is not actually a child of Other, including at this point anyway (rdar://problem/20738636)
2026-08-27 01:18:37.054 Df ReactTestApp[1584:8737e18] [com.apple.dt.xctest:Default] Preferring automation type 24 instead of legacy element type OTHER derived from class/trait: _UIFloatingBarContainerView:_UIFloatingBarContainerView 8589934592
2026-08-27 01:18:37.054 Df ReactTestApp[1584:8737e18] [com.apple.dt.xctest:Default] XCTPerformOnMainRunLoop[not MT]: about to CFRunLoopPerform
2026-08-27 01:18:37.055 Df ReactTestApp[1584:8737e18] [com.apple.dt.xctest:Default] XCTPerformOnMainRunLoop[not MT]: waiting with 30.00s responsiveness timeout
2026-08-27 01:18:37.055 Df ReactTestApp[1584:8737de0] [com.apple.dt.xctest:Default] XCTPerformOnMainRunLoop[MT]: inside CFRunLoopPerform
2026-08-27 01:18:37.055 Df ReactTestApp[1584:8737de0] [com.apple.dt.xctest:Default] XCTPerformOnMainRunLoop[MT]: MT responded in time (won the race to the busy flag)
2026-08-27 01:18:37.055 Df ReactTestApp[1584:8737de0] [com.apple.dt.xctest:Default] XCTElementQuery: set data source for rootElementSnapshot to <XCTAutomationSession: 0x10b2222d0>
2026-08-27 01:18:37.055 Df ReactTestApp[1584:8737e18] [com.apple.dt.xctest:Default] XCTPerformOnMainRunLoop[not MT]: waiting 60.00s for work to complete
2026-08-27 01:18:37.055 Df ReactTestApp[1584:8737e18] [com.apple.dt.xctest:Default] Finding all matches with input Application, pid: 1584 using transformers
↪︎ Descendants matching type Slider
2026-08-27 01:18:37.055 Df ReactTestApp[1584:8737e18] [com.apple.dt.xctest:Default] [Match All] applied transformer `Descendants matching type Slider` to input {(
    Application, pid: 1584
)}, found {(
)}
2026-08-27 01:18:37.055 Df ReactTestApp[1584:8737e18] [com.apple.dt.xctest:Default] [Match All] setting out related elements in early return {(
)}
2026-08-27 01:18:37.058 Df ReactTestApp[1584:8737e18] [com.apple.dt.xctest:Default] Current tree:
Application, 0x127f5c440, pid: 1584 <App element pid: 1584>
  Window (Main), 0x10ecd78c0 <AX element pid: 1584, elementOrHash.elementID: 4463036544.4>
    Other, 0x119ca2c40 <AX element pid: 1584, elementOrHash.elementID: 4607206464.68>
    Other, 0x10aa7a8c0 <AX element pid: 1584, elementOrHash.elementID: 4462619648.5>
      Other, 0x119c9e740 <AX element pid: 1584, elementOrHash.elementID: 4534320000.6>
        Other, 0x119c622c0 <AX element pid: 1584, elementOrHash.elementID: 4468801152.7>
          Other, 0x127f079c0 <AX element pid: 1584, elementOrHash.elementID: 4453470784.8>
            Other, 0x127c77d40 <AX element pid: 1584, elementOrHash.elementID: 4484017280.9>
              Other, 0x127cbb240 <AX element pid: 1584, elementOrHash.elementID: 4483838080.10>
                Other, 0x119c610c0 <AX element pid: 1584, elementOrHash.elementID: 4484174976.12>
                  Other, 0x127ff0f40 <AX element pid: 1584, elementOrHash.elementID: 4689692800.14>
                    NavigationBar, 0x10<…>
2026-08-27 01:18:37.059 Df ReactTestApp[1584:8737e18] [com.apple.dt.xctest:Default] Query ↪︎ Descendants matching type Slider found matching snapshots: {(
)} (error: (null))
2026-08-27 01:18:37.059 Df ReactTestApp[1584:8737e18] [com.apple.dt.xctest:Default] Replying to query ↪︎ Descendants matching type Slider with results: <XCTElementQueryResults: 0x109acc510> (error: (null))
2026-08-27 01:18:37.061 Df ReactTestApp[1584:8737e18] [com.apple.dt.xctest:Default] Received request to fetch matches for query: ↪︎ Descendants matching type SegmentedControl
2026-08-27 01:18:37.061 Df ReactTestApp[1584:8737e18] [com.apple.dt.xctest:Default] Evaluating query:
 ↪︎ Descendants matching type SegmentedControl
2026-08-27 01:18:37.061 Df ReactTestApp[1584:8737e18] [com.apple.dt.xctest:Default] Getting root element snapshot
2026-08-27 01:18:37.061 Df ReactTestApp[1584:8737e18] [com.apple.dt.xctest:Default] Getting snapshot for App element pid: 1584 for query ↪︎ Descendants matching type SegmentedControl
2026-08-27 01:18:37.061 Df ReactTestApp[1584:8737e18] [com.apple.dt.xctest:Default] Query requires iOS snapshot attributes XC_kAXXCAttributeElementType, XC_kAXXCAttributeElementBaseType, XC_kAXXCAttributeAutomationType, XC_kAXXCAttributeTraits.
2026-08-27 01:18:37.061 Df ReactTestApp[1584:8737e18] [com.apple.dt.xctest:Default] XCTPerformOnMainRunLoop[not MT]: about to CFRunLoopPerform
2026-08-27 01:18:37.061 Df ReactTestApp[1584:8737e18] [com.apple.dt.xctest:Default] XCTPerformOnMainRunLoop[not MT]: waiting with 30.00s responsiveness timeout
2026-08-27 01:18:37.061 Df ReactTestApp[1584:8737de0] [com.apple.dt.xctest:Default] XCTPerformOnMainRunLoop[MT]: inside CFRunLoopPerform
2026-08-27 01:18:37.061 Df ReactTestApp[1584:8737de0] [com.apple.dt.xctest:Default] XCTPerformOnMainRunLoop[MT]: MT responded in time (won the race to the busy flag)
2026-08-27 01:18:37.061 Df ReactTestApp[1584:8737e18] [com.apple.dt.xctest:Default] XCTPerformOnMainRunLoop[not MT]: waiting 60.00s for work to complete
2026-08-27 01:18:37.061 Df ReactTestApp[1584:8737de0] [com.apple.dt.xctest:Default] Got main window <AXUIElementRef 0x10e339750> {pid=1584} {uid=[ID:4 hash:0x10a048880]}
2026-08-27 01:18:37.061 Df ReactTestApp[1584:8737de0] [com.apple.dt.xctest:Default] Capturing hierarchy with attributes XC_kAXXCAttributeElementType, XC_kAXXCAttributeElementBaseType, XC_kAXXCAttributeParent, XC_kAXXCAttributeIdentifier, XC_kAXXCAttributeAutomationType, XC_kAXXCAttributeTraits
2026-08-27 01:18:37.062 Df ReactTestApp[1584:8737de0] [com.apple.dt.xctest:Default] Capturing hierarchy with parameters {
    attributes =     (
        5003,
        5004,
        5002,
        5019,
        5058,
        2004
    );
    maxArrayCount = 2147483647;
    maxChildren = 2147483647;
    maxDepth = 2147483647;
    snapshotKeyHonorModalViews = 0;
    traverseFromParentsToChildren = 1;
}
2026-08-27 01:18:37.062 Df ReactTestApp[1584:8737de0] [com.apple.dt.xctest:Default] Snapshot attributes 5003, 5004, 5002, 5019, 5058, 2004
2026-08-27 01:18:37.088 Df ReactTestApp[1584:8737de0] [com.apple.dt.xctest:Default] Got snapshot for <AXUIElementRef 0x10ebeb7d0> {pid=1584} {uid=[ID:1 hash:0x0]}
2026-08-27 01:18:37.088 Df ReactTestApp[1584:8737de0] [com.apple.dt.xctest:Default] Got app orientation 0
2026-08-27 01:18:37.089 Df ReactTestApp[1584:8737de0] [com.apple.dt.xctest:Default] Captured accessibility snapshot data in 0.03s
2026-08-27 01:18:37.089 Df ReactTestApp[1584:8737e18] [com.apple.dt.xctest:Default] Found main window: Window
2026-08-27 01:18:37.089 Df ReactTestApp[1584:8737e18] [com.apple.dt.xctest:Default] Preferring automation type 48 instead of legacy element type OTHER derived from class/trait: UILabel:UILabel 8590000128
2026-08-27 01:18:37.090 Df ReactTestApp[1584:8737e18] [com.apple.dt.xctest:Default] Other is not actually a child of Other, including at this point anyway (rdar://problem/20738636)
2026-08-27 01:18:37.090 Df ReactTestApp[1584:8737e18] [com.apple.dt.xctest:Default] Other is not actually a child of Other, including at this point anyway (rdar://problem/20738636)
2026-08-27 01:18:37.090 Df ReactTestApp[1584:8737e18] [com.apple.dt.xctest:Default] Other is not actually a child of Other, including at this point anyway (rdar://problem/20738636)
2026-08-27 01:18:37.090 Df ReactTestApp[1584:8737e18] [com.apple.dt.xctest:Default] Other is not actually a child of Other, including at this point anyway (rdar://problem/20738636)
2026-08-27 01:18:37.090 Df ReactTestApp[1584:8737e18] [com.apple.dt.xctest:Default] Other is not actually a child of Other, including at this point anyway (rdar://problem/20738636)
2026-08-27 01:18:37.090 Df ReactTestApp[1584:8737e18] [com.apple.dt.xctest:Default] Preferring automation type 24 instead of legacy element type OTHER derived from class/trait: _UIFloatingBarContainerView:_UIFloatingBarContainerView 8589934592
2026-08-27 01:18:37.091 Df ReactTestApp[1584:8737e18] [com.apple.dt.xctest:Default] XCTPerformOnMainRunLoop[not MT]: about to CFRunLoopPerform
2026-08-27 01:18:37.091 Df ReactTestApp[1584:8737e18] [com.apple.dt.xctest:Default] XCTPerformOnMainRunLoop[not MT]: waiting with 30.00s responsiveness timeout
2026-08-27 01:18:37.091 Df ReactTestApp[1584:8737de0] [com.apple.dt.xctest:Default] XCTPerformOnMainRunLoop[MT]: inside CFRunLoopPerform
2026-08-27 01:18:37.091 Df ReactTestApp[1584:8737de0] [com.apple.dt.xctest:Default] XCTPerformOnMainRunLoop[MT]: MT responded in time (won the race to the busy flag)
2026-08-27 01:18:37.091 Df ReactTestApp[1584:8737e18] [com.apple.dt.xctest:Default] XCTPerformOnMainRunLoop[not MT]: waiting 60.00s for work to complete
2026-08-27 01:18:37.091 Df ReactTestApp[1584:8737de0] [com.apple.dt.xctest:Default] XCTElementQuery: set data source for rootElementSnapshot to <XCTAutomationSession: 0x10b2222d0>
2026-08-27 01:18:37.091 Df ReactTestApp[1584:8737e18] [com.apple.dt.xctest:Default] Finding all matches with input Application, pid: 1584 using transformers
↪︎ Descendants matching type SegmentedControl
2026-08-27 01:18:37.091 Df ReactTestApp[1584:8737e18] [com.apple.dt.xctest:Default] [Match All] applied transformer `Descendants matching type SegmentedControl` to input {(
    Application, pid: 1584
)}, found {(
)}
2026-08-27 01:18:37.091 Df ReactTestApp[1584:8737e18] [com.apple.dt.xctest:Default] [Match All] setting out related elements in early return {(
)}
2026-08-27 01:18:37.094 Df ReactTestApp[1584:8737e18] [com.apple.dt.xctest:Default] Current tree:
Application, 0x10ecb9ec0, pid: 1584 <App element pid: 1584>
  Window (Main), 0x127f71bc0 <AX element pid: 1584, elementOrHash.elementID: 4463036544.4>
    Other, 0x127fd3e40 <AX element pid: 1584, elementOrHash.elementID: 4607206464.68>
    Other, 0x119c22b40 <AX element pid: 1584, elementOrHash.elementID: 4462619648.5>
      Other, 0x127fb1f40 <AX element pid: 1584, elementOrHash.elementID: 4534320000.6>
        Other, 0x12f50f4c0 <AX element pid: 1584, elementOrHash.elementID: 4468801152.7>
          Other, 0x127fb35c0 <AX element pid: 1584, elementOrHash.elementID: 4453470784.8>
            Other, 0x127fbc140 <AX element pid: 1584, elementOrHash.elementID: 4484017280.9>
              Other, 0x10ecbb240 <AX element pid: 1584, elementOrHash.elementID: 4483838080.10>
                Other, 0x10aab5540 <AX element pid: 1584, elementOrHash.elementID: 4484174976.12>
                  Other, 0x127fe7f40 <AX element pid: 1584, elementOrHash.elementID: 4689692800.14>
                    NavigationBar, 0x12<…>
2026-08-27 01:18:37.094 Df ReactTestApp[1584:8737e18] [com.apple.dt.xctest:Default] Query ↪︎ Descendants matching type SegmentedControl found matching snapshots: {(
)} (error: (null))
2026-08-27 01:18:37.095 Df ReactTestApp[1584:8737e18] [com.apple.dt.xctest:Default] Replying to query ↪︎ Descendants matching type SegmentedControl with results: <XCTElementQueryResults: 0x109a294d0> (error: (null))
2026-08-27 01:18:37.097 Df ReactTestApp[1584:8737e18] [com.apple.dt.xctest:Default] Received request to fetch matches for query: ↪︎ Descendants matching type Cell
2026-08-27 01:18:37.097 Df ReactTestApp[1584:8738505] [com.apple.dt.xctest:Default] Evaluating query:
 ↪︎ Descendants matching type Cell
2026-08-27 01:18:37.097 Df ReactTestApp[1584:8738505] [com.apple.dt.xctest:Default] Getting root element snapshot
2026-08-27 01:18:37.097 Df ReactTestApp[1584:8738505] [com.apple.dt.xctest:Default] Getting snapshot for App element pid: 1584 for query ↪︎ Descendants matching type Cell
2026-08-27 01:18:37.097 Df ReactTestApp[1584:8738505] [com.apple.dt.xctest:Default] Query requires iOS snapshot attributes XC_kAXXCAttributeElementType, XC_kAXXCAttributeElementBaseType, XC_kAXXCAttributeAutomationType, XC_kAXXCAttributeTraits.
2026-08-27 01:18:37.097 Df ReactTestApp[1584:8738505] [com.apple.dt.xctest:Default] XCTPerformOnMainRunLoop[not MT]: about to CFRunLoopPerform
2026-08-27 01:18:37.097 Df ReactTestApp[1584:8738505] [com.apple.dt.xctest:Default] XCTPerformOnMainRunLoop[not MT]: waiting with 30.00s responsiveness timeout
2026-08-27 01:18:37.097 Df ReactTestApp[1584:8737de0] [com.apple.dt.xctest:Default] XCTPerformOnMainRunLoop[MT]: inside CFRunLoopPerform
2026-08-27 01:18:37.097 Df ReactTestApp[1584:8737de0] [com.apple.dt.xctest:Default] XCTPerformOnMainRunLoop[MT]: MT responded in time (won the race to the busy flag)
2026-08-27 01:18:37.097 Df ReactTestApp[1584:8738505] [com.apple.dt.xctest:Default] XCTPerformOnMainRunLoop[not MT]: waiting 60.00s for work to complete
2026-08-27 01:18:37.098 Df ReactTestApp[1584:8737de0] [com.apple.dt.xctest:Default] Got main window <AXUIElementRef 0x10eb61310> {pid=1584} {uid=[ID:4 hash:0x10a048880]}
2026-08-27 01:18:37.098 Df ReactTestApp[1584:8737de0] [com.apple.dt.xctest:Default] Capturing hierarchy with attributes XC_kAXXCAttributeElementType, XC_kAXXCAttributeElementBaseType, XC_kAXXCAttributeParent, XC_kAXXCAttributeIdentifier, XC_kAXXCAttributeAutomationType, XC_kAXXCAttributeTraits
2026-08-27 01:18:37.098 Df ReactTestApp[1584:8737de0] [com.apple.dt.xctest:Default] Capturing hierarchy with parameters {
    attributes =     (
        5003,
        5004,
        5002,
        5019,
        5058,
        2004
    );
    maxArrayCount = 2147483647;
    maxChildren = 2147483647;
    maxDepth = 2147483647;
    snapshotKeyHonorModalViews = 0;
    traverseFromParentsToChildren = 1;
}
2026-08-27 01:18:37.098 Df ReactTestApp[1584:8737de0] [com.apple.dt.xctest:Default] Snapshot attributes 5003, 5004, 5002, 5019, 5058, 2004
2026-08-27 01:18:37.123 Df ReactTestApp[1584:8737de0] [com.apple.dt.xctest:Default] Got snapshot for <AXUIElementRef 0x109a09d50> {pid=1584} {uid=[ID:1 hash:0x0]}
2026-08-27 01:18:37.123 Df ReactTestApp[1584:8737de0] [com.apple.dt.xctest:Default] Got app orientation 0
2026-08-27 01:18:37.123 Df ReactTestApp[1584:8737de0] [com.apple.dt.xctest:Default] Captured accessibility snapshot data in 0.03s
2026-08-27 01:18:37.123 Df ReactTestApp[1584:8738505] [com.apple.dt.xctest:Default] Found main window: Window
2026-08-27 01:18:37.124 Df ReactTestApp[1584:8738505] [com.apple.dt.xctest:Default] Preferring automation type 48 instead of legacy element type OTHER derived from class/trait: UILabel:UILabel 8590000128
2026-08-27 01:18:37.124 Df ReactTestApp[1584:8738505] [com.apple.dt.xctest:Default] Other is not actually a child of Other, including at this point anyway (rdar://problem/20738636)
2026-08-27 01:18:37.124 Df ReactTestApp[1584:8738505] [com.apple.dt.xctest:Default] Other is not actually a child of Other, including at this point anyway (rdar://problem/20738636)
2026-08-27 01:18:37.124 Df ReactTestApp[1584:8738505] [com.apple.dt.xctest:Default] Other is not actually a child of Other, including at this point anyway (rdar://problem/20738636)
2026-08-27 01:18:37.124 Df ReactTestApp[1584:8738505] [com.apple.dt.xctest:Default] Other is not actually a child of Other, including at this point anyway (rdar://problem/20738636)
2026-08-27 01:18:37.124 Df ReactTestApp[1584:8738505] [com.apple.dt.xctest:Default] Other is not actually a child of Other, including at this point anyway (rdar://problem/20738636)
2026-08-27 01:18:37.124 Df ReactTestApp[1584:8738505] [com.apple.dt.xctest:Default] Preferring automation type 24 instead of legacy element type OTHER derived from class/trait: _UIFloatingBarContainerView:_UIFloatingBarContainerView 8589934592
2026-08-27 01:18:37.125 Df ReactTestApp[1584:8738505] [com.apple.dt.xctest:Default] XCTPerformOnMainRunLoop[not MT]: about to CFRunLoopPerform
2026-08-27 01:18:37.125 Df ReactTestApp[1584:8738505] [com.apple.dt.xctest:Default] XCTPerformOnMainRunLoop[not MT]: waiting with 30.00s responsiveness timeout
2026-08-27 01:18:37.125 Df ReactTestApp[1584:8737de0] [com.apple.dt.xctest:Default] XCTPerformOnMainRunLoop[MT]: inside CFRunLoopPerform
2026-08-27 01:18:37.125 Df ReactTestApp[1584:8737de0] [com.apple.dt.xctest:Default] XCTPerformOnMainRunLoop[MT]: MT responded in time (won the race to the busy flag)
2026-08-27 01:18:37.125 Df ReactTestApp[1584:8738505] [com.apple.dt.xctest:Default] XCTPerformOnMainRunLoop[not MT]: waiting 60.00s for work to complete
2026-08-27 01:18:37.125 Df ReactTestApp[1584:8737de0] [com.apple.dt.xctest:Default] XCTElementQuery: set data source for rootElementSnapshot to <XCTAutomationSession: 0x10b2222d0>
2026-08-27 01:18:37.125 Df ReactTestApp[1584:8738505] [com.apple.dt.xctest:Default] Finding all matches with input Application, pid: 1584 using transformers
↪︎ Descendants matching type Cell
2026-08-27 01:18:37.125 Df ReactTestApp[1584:8738505] [com.apple.dt.xctest:Default] [Match All] applied transformer `Descendants matching type Cell` to input {(
    Application, pid: 1584
)}, found {(
)}
2026-08-27 01:18:37.125 Df ReactTestApp[1584:8738505] [com.apple.dt.xctest:Default] [Match All] setting out related elements in early return {(
)}
2026-08-27 01:18:37.129 Df ReactTestApp[1584:8738505] [com.apple.dt.xctest:Default] Current tree:
Application, 0x10e5a12c0, pid: 1584 <App element pid: 1584>
  Window (Main), 0x127f6bec0 <AX element pid: 1584, elementOrHash.elementID: 4463036544.4>
    Other, 0x119c77a40 <AX element pid: 1584, elementOrHash.elementID: 4607206464.68>
    Other, 0x119c77740 <AX element pid: 1584, elementOrHash.elementID: 4462619648.5>
      Other, 0x119c778c0 <AX element pid: 1584, elementOrHash.elementID: 4534320000.6>
        Other, 0x119c9c340 <AX element pid: 1584, elementOrHash.elementID: 4468801152.7>
          Other, 0x10ecf64c0 <AX element pid: 1584, elementOrHash.elementID: 4453470784.8>
            Other, 0x119c781c0 <AX element pid: 1584, elementOrHash.elementID: 4484017280.9>
              Other, 0x10e5a15c0 <AX element pid: 1584, elementOrHash.elementID: 4483838080.10>
                Other, 0x127f49240 <AX element pid: 1584, elementOrHash.elementID: 4484174976.12>
                  Other, 0x127f490c0 <AX element pid: 1584, elementOrHash.elementID: 4689692800.14>
                    NavigationBar, 0x12<…>
2026-08-27 01:18:37.129 Df ReactTestApp[1584:8738505] [com.apple.dt.xctest:Default] Query ↪︎ Descendants matching type Cell found matching snapshots: {(
)} (error: (null))
2026-08-27 01:18:37.129 Df ReactTestApp[1584:8738505] [com.apple.dt.xctest:Default] Replying to query ↪︎ Descendants matching type Cell with results: <XCTElementQueryResults: 0x10eb07410> (error: (null))
2026-08-27 01:18:37.131 Df ReactTestApp[1584:8738505] [com.apple.dt.xctest:Default] Received request to fetch matches for query: ↪︎ Descendants matching type CollectionView
2026-08-27 01:18:37.131 Df ReactTestApp[1584:8738505] [com.apple.dt.xctest:Default] Evaluating query:
 ↪︎ Descendants matching type CollectionView
2026-08-27 01:18:37.132 Df ReactTestApp[1584:8738505] [com.apple.dt.xctest:Default] Getting root element snapshot
2026-08-27 01:18:37.132 Df ReactTestApp[1584:8738505] [com.apple.dt.xctest:Default] Getting snapshot for App element pid: 1584 for query ↪︎ Descendants matching type CollectionView
2026-08-27 01:18:37.132 Df ReactTestApp[1584:8738505] [com.apple.dt.xctest:Default] Query requires iOS snapshot attributes XC_kAXXCAttributeElementType, XC_kAXXCAttributeElementBaseType, XC_kAXXCAttributeAutomationType, XC_kAXXCAttributeTraits.
2026-08-27 01:18:37.132 Df ReactTestApp[1584:8738505] [com.apple.dt.xctest:Default] XCTPerformOnMainRunLoop[not MT]: about to CFRunLoopPerform
2026-08-27 01:18:37.132 Df ReactTestApp[1584:8738505] [com.apple.dt.xctest:Default] XCTPerformOnMainRunLoop[not MT]: waiting with 30.00s responsiveness timeout
2026-08-27 01:18:37.132 Df ReactTestApp[1584:8737de0] [com.apple.dt.xctest:Default] XCTPerformOnMainRunLoop[MT]: inside CFRunLoopPerform
2026-08-27 01:18:37.132 Df ReactTestApp[1584:8737de0] [com.apple.dt.xctest:Default] XCTPerformOnMainRunLoop[MT]: MT responded in time (won the race to the busy flag)
2026-08-27 01:18:37.132 Df ReactTestApp[1584:8738505] [com.apple.dt.xctest:Default] XCTPerformOnMainRunLoop[not MT]: waiting 60.00s for work to complete
2026-08-27 01:18:37.132 Df ReactTestApp[1584:8737de0] [com.apple.dt.xctest:Default] Got main window <AXUIElementRef 0x10eba3a50> {pid=1584} {uid=[ID:4 hash:0x10a048880]}
2026-08-27 01:18:37.132 Df ReactTestApp[1584:8737de0] [com.apple.dt.xctest:Default] Capturing hierarchy with attributes XC_kAXXCAttributeElementType, XC_kAXXCAttributeElementBaseType, XC_kAXXCAttributeParent, XC_kAXXCAttributeIdentifier, XC_kAXXCAttributeAutomationType, XC_kAXXCAttributeTraits
2026-08-27 01:18:37.132 Df ReactTestApp[1584:8737de0] [com.apple.dt.xctest:Default] Capturing hierarchy with parameters {
    attributes =     (
        5003,
        5004,
        5002,
        5019,
        5058,
        2004
    );
    maxArrayCount = 2147483647;
    maxChildren = 2147483647;
    maxDepth = 2147483647;
    snapshotKeyHonorModalViews = 0;
    traverseFromParentsToChildren = 1;
}
2026-08-27 01:18:37.132 Df ReactTestApp[1584:8737de0] [com.apple.dt.xctest:Default] Snapshot attributes 5003, 5004, 5002, 5019, 5058, 2004
2026-08-27 01:18:37.158 Df ReactTestApp[1584:8737de0] [com.apple.dt.xctest:Default] Got snapshot for <AXUIElementRef 0x12af81ad0> {pid=1584} {uid=[ID:1 hash:0x0]}
2026-08-27 01:18:37.158 Df ReactTestApp[1584:8737de0] [com.apple.dt.xctest:Default] Got app orientation 0
2026-08-27 01:18:37.158 Df ReactTestApp[1584:8737de0] [com.apple.dt.xctest:Default] Captured accessibility snapshot data in 0.03s
2026-08-27 01:18:37.158 Df ReactTestApp[1584:8738505] [com.apple.dt.xctest:Default] Found main window: Window
2026-08-27 01:18:37.158 Df ReactTestApp[1584:8738505] [com.apple.dt.xctest:Default] Preferring automation type 48 instead of legacy element type OTHER derived from class/trait: UILabel:UILabel 8590000128
2026-08-27 01:18:37.159 Df ReactTestApp[1584:8738505] [com.apple.dt.xctest:Default] Other is not actually a child of Other, including at this point anyway (rdar://problem/20738636)
2026-08-27 01:18:37.159 Df ReactTestApp[1584:8738505] [com.apple.dt.xctest:Default] Other is not actually a child of Other, including at this point anyway (rdar://problem/20738636)
2026-08-27 01:18:37.159 Df ReactTestApp[1584:8738505] [com.apple.dt.xctest:Default] Other is not actually a child of Other, including at this point anyway (rdar://problem/20738636)
2026-08-27 01:18:37.159 Df ReactTestApp[1584:8738505] [com.apple.dt.xctest:Default] Other is not actually a child of Other, including at this point anyway (rdar://problem/20738636)
2026-08-27 01:18:37.159 Df ReactTestApp[1584:8738505] [com.apple.dt.xctest:Default] Other is not actually a child of Other, including at this point anyway (rdar://problem/20738636)
2026-08-27 01:18:37.159 Df ReactTestApp[1584:8738505] [com.apple.dt.xctest:Default] Preferring automation type 24 instead of legacy element type OTHER derived from class/trait: _UIFloatingBarContainerView:_UIFloatingBarContainerView 8589934592
2026-08-27 01:18:37.159 Df ReactTestApp[1584:8738505] [com.apple.dt.xctest:Default] XCTPerformOnMainRunLoop[not MT]: about to CFRunLoopPerform
2026-08-27 01:18:37.159 Df ReactTestApp[1584:8738505] [com.apple.dt.xctest:Default] XCTPerformOnMainRunLoop[not MT]: waiting with 30.00s responsiveness timeout
2026-08-27 01:18:37.159 Df ReactTestApp[1584:8737de0] [com.apple.dt.xctest:Default] XCTPerformOnMainRunLoop[MT]: inside CFRunLoopPerform
2026-08-27 01:18:37.159 Df ReactTestApp[1584:8737de0] [com.apple.dt.xctest:Default] XCTPerformOnMainRunLoop[MT]: MT responded in time (won the race to the busy flag)
2026-08-27 01:18:37.159 Df ReactTestApp[1584:8738505] [com.apple.dt.xctest:Default] XCTPerformOnMainRunLoop[not MT]: waiting 60.00s for work to complete
2026-08-27 01:18:37.159 Df ReactTestApp[1584:8737de0] [com.apple.dt.xctest:Default] XCTElementQuery: set data source for rootElementSnapshot to <XCTAutomationSession: 0x10b2222d0>
2026-08-27 01:18:37.159 Df ReactTestApp[1584:8738505] [com.apple.dt.xctest:Default] Finding all matches with input Application, pid: 1584 using transformers
↪︎ Descendants matching type CollectionView
2026-08-27 01:18:37.160 Df ReactTestApp[1584:8738505] [com.apple.dt.xctest:Default] [Match All] applied transformer `Descendants matching type CollectionView` to input {(
    Application, pid: 1584
)}, found {(
)}
2026-08-27 01:18:37.160 Df ReactTestApp[1584:8738505] [com.apple.dt.xctest:Default] [Match All] setting out related elements in early return {(
)}
2026-08-27 01:18:37.163 Df ReactTestApp[1584:8738505] [com.apple.dt.xctest:Default] Current tree:
Application, 0x127fed040, pid: 1584 <App element pid: 1584>
  Window (Main), 0x127fbe840 <AX element pid: 1584, elementOrHash.elementID: 4463036544.4>
    Other, 0x119c78c40 <AX element pid: 1584, elementOrHash.elementID: 4607206464.68>
    Other, 0x127fe6740 <AX element pid: 1584, elementOrHash.elementID: 4462619648.5>
      Other, 0x127fe9440 <AX element pid: 1584, elementOrHash.elementID: 4534320000.6>
        Other, 0x127fc9ac0 <AX element pid: 1584, elementOrHash.elementID: 4468801152.7>
          Other, 0x127fe62c0 <AX element pid: 1584, elementOrHash.elementID: 4453470784.8>
            Other, 0x127fe8e40 <AX element pid: 1584, elementOrHash.elementID: 4484017280.9>
              Other, 0x127fe9bc0 <AX element pid: 1584, elementOrHash.elementID: 4483838080.10>
                Other, 0x127fca0c0 <AX element pid: 1584, elementOrHash.elementID: 4484174976.12>
                  Other, 0x127c6b5c0 <AX element pid: 1584, elementOrHash.elementID: 4689692800.14>
                    NavigationBar, 0x12<…>
2026-08-27 01:18:37.163 Df ReactTestApp[1584:8738505] [com.apple.dt.xctest:Default] Query ↪︎ Descendants matching type CollectionView found matching snapshots: {(
)} (error: (null))
2026-08-27 01:18:37.163 Df ReactTestApp[1584:8738505] [com.apple.dt.xctest:Default] Replying to query ↪︎ Descendants matching type CollectionView with results: <XCTElementQueryResults: 0x12af52d50> (error: (null))
2026-08-27 01:18:37.165 Df ReactTestApp[1584:8738505] [com.apple.dt.xctest:Default] Received request to fetch matches for query: ↪︎ Descendants matching type Table
2026-08-27 01:18:37.165 Df ReactTestApp[1584:8738505] [com.apple.dt.xctest:Default] Evaluating query:
 ↪︎ Descendants matching type Table
2026-08-27 01:18:37.165 Df ReactTestApp[1584:8738505] [com.apple.dt.xctest:Default] Getting root element snapshot
2026-08-27 01:18:37.165 Df ReactTestApp[1584:8738505] [com.apple.dt.xctest:Default] Getting snapshot for App element pid: 1584 for query ↪︎ Descendants matching type Table
2026-08-27 01:18:37.165 Df ReactTestApp[1584:8738505] [com.apple.dt.xctest:Default] Query requires iOS snapshot attributes XC_kAXXCAttributeElementType, XC_kAXXCAttributeElementBaseType, XC_kAXXCAttributeAutomationType, XC_kAXXCAttributeTraits.
2026-08-27 01:18:37.165 Df ReactTestApp[1584:8738505] [com.apple.dt.xctest:Default] XCTPerformOnMainRunLoop[not MT]: about to CFRunLoopPerform
2026-08-27 01:18:37.166 Df ReactTestApp[1584:8738505] [com.apple.dt.xctest:Default] XCTPerformOnMainRunLoop[not MT]: waiting with 30.00s responsiveness timeout
2026-08-27 01:18:37.166 Df ReactTestApp[1584:8737de0] [com.apple.dt.xctest:Default] XCTPerformOnMainRunLoop[MT]: inside CFRunLoopPerform
2026-08-27 01:18:37.166 Df ReactTestApp[1584:8737de0] [com.apple.dt.xctest:Default] XCTPerformOnMainRunLoop[MT]: MT responded in time (won the race to the busy flag)
2026-08-27 01:18:37.166 Df ReactTestApp[1584:8738505] [com.apple.dt.xctest:Default] XCTPerformOnMainRunLoop[not MT]: waiting 60.00s for work to complete
2026-08-27 01:18:37.166 Df ReactTestApp[1584:8737de0] [com.apple.dt.xctest:Default] Got main window <AXUIElementRef 0x12aff7c50> {pid=1584} {uid=[ID:4 hash:0x10a048880]}
2026-08-27 01:18:37.166 Df ReactTestApp[1584:8737de0] [com.apple.dt.xctest:Default] Capturing hierarchy with attributes XC_kAXXCAttributeElementType, XC_kAXXCAttributeElementBaseType, XC_kAXXCAttributeParent, XC_kAXXCAttributeIdentifier, XC_kAXXCAttributeAutomationType, XC_kAXXCAttributeTraits
2026-08-27 01:18:37.166 Df ReactTestApp[1584:8737de0] [com.apple.dt.xctest:Default] Capturing hierarchy with parameters {
    attributes =     (
        5003,
        5004,
        5002,
        5019,
        5058,
        2004
    );
    maxArrayCount = 2147483647;
    maxChildren = 2147483647;
    maxDepth = 2147483647;
    snapshotKeyHonorModalViews = 0;
    traverseFromParentsToChildren = 1;
}
2026-08-27 01:18:37.166 Df ReactTestApp[1584:8737de0] [com.apple.dt.xctest:Default] Snapshot attributes 5003, 5004, 5002, 5019, 5058, 2004
2026-08-27 01:18:37.192 Df ReactTestApp[1584:8737de0] [com.apple.dt.xctest:Default] Got snapshot for <AXUIElementRef 0x10e3fdb50> {pid=1584} {uid=[ID:1 hash:0x0]}
2026-08-27 01:18:37.192 Df ReactTestApp[1584:8737de0] [com.apple.dt.xctest:Default] Got app orientation 0
2026-08-27 01:18:37.192 Df ReactTestApp[1584:8737de0] [com.apple.dt.xctest:Default] Captured accessibility snapshot data in 0.03s
2026-08-27 01:18:37.192 Df ReactTestApp[1584:8738505] [com.apple.dt.xctest:Default] Found main window: Window
2026-08-27 01:18:37.192 Df ReactTestApp[1584:8738505] [com.apple.dt.xctest:Default] Preferring automation type 48 instead of legacy element type OTHER derived from class/trait: UILabel:UILabel 8590000128
2026-08-27 01:18:37.193 Df ReactTestApp[1584:8738505] [com.apple.dt.xctest:Default] Other is not actually a child of Other, including at this point anyway (rdar://problem/20738636)
2026-08-27 01:18:37.193 Df ReactTestApp[1584:8738505] [com.apple.dt.xctest:Default] Other is not actually a child of Other, including at this point anyway (rdar://problem/20738636)
2026-08-27 01:18:37.193 Df ReactTestApp[1584:8738505] [com.apple.dt.xctest:Default] Other is not actually a child of Other, including at this point anyway (rdar://problem/20738636)
2026-08-27 01:18:37.193 Df ReactTestApp[1584:8738505] [com.apple.dt.xctest:Default] Other is not actually a child of Other, including at this point anyway (rdar://problem/20738636)
2026-08-27 01:18:37.193 Df ReactTestApp[1584:8738505] [com.apple.dt.xctest:Default] Other is not actually a child of Other, including at this point anyway (rdar://problem/20738636)
2026-08-27 01:18:37.193 Df ReactTestApp[1584:8738505] [com.apple.dt.xctest:Default] Preferring automation type 24 instead of legacy element type OTHER derived from class/trait: _UIFloatingBarContainerView:_UIFloatingBarContainerView 8589934592
2026-08-27 01:18:37.193 Df ReactTestApp[1584:8738505] [com.apple.dt.xctest:Default] XCTPerformOnMainRunLoop[not MT]: about to CFRunLoopPerform
2026-08-27 01:18:37.193 Df ReactTestApp[1584:8738505] [com.apple.dt.xctest:Default] XCTPerformOnMainRunLoop[not MT]: waiting with 30.00s responsiveness timeout
2026-08-27 01:18:37.193 Df ReactTestApp[1584:8737de0] [com.apple.dt.xctest:Default] XCTPerformOnMainRunLoop[MT]: inside CFRunLoopPerform
2026-08-27 01:18:37.193 Df ReactTestApp[1584:8737de0] [com.apple.dt.xctest:Default] XCTPerformOnMainRunLoop[MT]: MT responded in time (won the race to the busy flag)
2026-08-27 01:18:37.193 Df ReactTestApp[1584:8738505] [com.apple.dt.xctest:Default] XCTPerformOnMainRunLoop[not MT]: waiting 60.00s for work to complete
2026-08-27 01:18:37.193 Df ReactTestApp[1584:8737de0] [com.apple.dt.xctest:Default] XCTElementQuery: set data source for rootElementSnapshot to <XCTAutomationSession: 0x10b2222d0>
2026-08-27 01:18:37.193 Df ReactTestApp[1584:8738505] [com.apple.dt.xctest:Default] Finding all matches with input Application, pid: 1584 using transformers
↪︎ Descendants matching type Table
2026-08-27 01:18:37.194 Df ReactTestApp[1584:8738505] [com.apple.dt.xctest:Default] [Match All] applied transformer `Descendants matching type Table` to input {(
    Application, pid: 1584
)}, found {(
)}
2026-08-27 01:18:37.194 Df ReactTestApp[1584:8738505] [com.apple.dt.xctest:Default] [Match All] setting out related elements in early return {(
)}
2026-08-27 01:18:37.197 Df ReactTestApp[1584:8738505] [com.apple.dt.xctest:Default] Current tree:
Application, 0x127f8c8c0, pid: 1584 <App element pid: 1584>
  Window (Main), 0x127f6ebc0 <AX element pid: 1584, elementOrHash.elementID: 4463036544.4>
    Other, 0x119c61fc0 <AX element pid: 1584, elementOrHash.elementID: 4607206464.68>
    Other, 0x119c337c0 <AX element pid: 1584, elementOrHash.elementID: 4462619648.5>
      Other, 0x127cab7c0 <AX element pid: 1584, elementOrHash.elementID: 4534320000.6>
        Other, 0x119ceddc0 <AX element pid: 1584, elementOrHash.elementID: 4468801152.7>
          Other, 0x127ff2ec0 <AX element pid: 1584, elementOrHash.elementID: 4453470784.8>
            Other, 0x127fe3bc0 <AX element pid: 1584, elementOrHash.elementID: 4484017280.9>
              Other, 0x127fe3d40 <AX element pid: 1584, elementOrHash.elementID: 4483838080.10>
                Other, 0x127fc5bc0 <AX element pid: 1584, elementOrHash.elementID: 4484174976.12>
                  Other, 0x119c6dcc0 <AX element pid: 1584, elementOrHash.elementID: 4689692800.14>
                    NavigationBar, 0x12<…>
2026-08-27 01:18:37.197 Df ReactTestApp[1584:8738505] [com.apple.dt.xctest:Default] Query ↪︎ Descendants matching type Table found matching snapshots: {(
)} (error: (null))
2026-08-27 01:18:37.197 Df ReactTestApp[1584:8738505] [com.apple.dt.xctest:Default] Replying to query ↪︎ Descendants matching type Table with results: <XCTElementQueryResults: 0x110c77910> (error: (null))
2026-08-27 01:18:37.200 Df ReactTestApp[1584:8738505] [com.apple.dt.xctest:Default] Received request to fetch matches for query: ↪︎ Descendants matching type ScrollView
2026-08-27 01:18:37.200 Df ReactTestApp[1584:8738505] [com.apple.dt.xctest:Default] Evaluating query:
 ↪︎ Descendants matching type ScrollView
2026-08-27 01:18:37.200 Df ReactTestApp[1584:8738505] [com.apple.dt.xctest:Default] Getting root element snapshot
2026-08-27 01:18:37.200 Df ReactTestApp[1584:8738505] [com.apple.dt.xctest:Default] Getting snapshot for App element pid: 1584 for query ↪︎ Descendants matching type ScrollView
2026-08-27 01:18:37.200 Df ReactTestApp[1584:8738505] [com.apple.dt.xctest:Default] Query requires iOS snapshot attributes XC_kAXXCAttributeElementType, XC_kAXXCAttributeElementBaseType, XC_kAXXCAttributeAutomationType, XC_kAXXCAttributeTraits.
2026-08-27 01:18:37.200 Df ReactTestApp[1584:8738505] [com.apple.dt.xctest:Default] XCTPerformOnMainRunLoop[not MT]: about to CFRunLoopPerform
2026-08-27 01:18:37.200 Df ReactTestApp[1584:8738505] [com.apple.dt.xctest:Default] XCTPerformOnMainRunLoop[not MT]: waiting with 30.00s responsiveness timeout
2026-08-27 01:18:37.200 Df ReactTestApp[1584:8737de0] [com.apple.dt.xctest:Default] XCTPerformOnMainRunLoop[MT]: inside CFRunLoopPerform
2026-08-27 01:18:37.200 Df ReactTestApp[1584:8737de0] [com.apple.dt.xctest:Default] XCTPerformOnMainRunLoop[MT]: MT responded in time (won the race to the busy flag)
2026-08-27 01:18:37.200 Df ReactTestApp[1584:8738505] [com.apple.dt.xctest:Default] XCTPerformOnMainRunLoop[not MT]: waiting 60.00s for work to complete
2026-08-27 01:18:37.200 Df ReactTestApp[1584:8737de0] [com.apple.dt.xctest:Default] Got main window <AXUIElementRef 0x110c53990> {pid=1584} {uid=[ID:4 hash:0x10a048880]}
2026-08-27 01:18:37.200 Df ReactTestApp[1584:8737de0] [com.apple.dt.xctest:Default] Capturing hierarchy with attributes XC_kAXXCAttributeElementType, XC_kAXXCAttributeElementBaseType, XC_kAXXCAttributeParent, XC_kAXXCAttributeIdentifier, XC_kAXXCAttributeAutomationType, XC_kAXXCAttributeTraits
2026-08-27 01:18:37.200 Df ReactTestApp[1584:8737de0] [com.apple.dt.xctest:Default] Capturing hierarchy with parameters {
    attributes =     (
        5003,
        5004,
        5002,
        5019,
        5058,
        2004
    );
    maxArrayCount = 2147483647;
    maxChildren = 2147483647;
    maxDepth = 2147483647;
    snapshotKeyHonorModalViews = 0;
    traverseFromParentsToChildren = 1;
}
2026-08-27 01:18:37.200 Df ReactTestApp[1584:8737de0] [com.apple.dt.xctest:Default] Snapshot attributes 5003, 5004, 5002, 5019, 5058, 2004
2026-08-27 01:18:37.225 Df ReactTestApp[1584:8737de0] [com.apple.dt.xctest:Default] Got snapshot for <AXUIElementRef 0x12af27ad0> {pid=1584} {uid=[ID:1 hash:0x0]}
2026-08-27 01:18:37.226 Df ReactTestApp[1584:8737de0] [com.apple.dt.xctest:Default] Got app orientation 0
2026-08-27 01:18:37.226 Df ReactTestApp[1584:8737de0] [com.apple.dt.xctest:Default] Captured accessibility snapshot data in 0.03s
2026-08-27 01:18:37.226 Df ReactTestApp[1584:8738505] [com.apple.dt.xctest:Default] Found main window: Window
2026-08-27 01:18:37.226 Df ReactTestApp[1584:8738505] [com.apple.dt.xctest:Default] Preferring automation type 48 instead of legacy element type OTHER derived from class/trait: UILabel:UILabel 8590000128
2026-08-27 01:18:37.226 Df ReactTestApp[1584:8738505] [com.apple.dt.xctest:Default] Other is not actually a child of Other, including at this point anyway (rdar://problem/20738636)
2026-08-27 01:18:37.226 Df ReactTestApp[1584:8738505] [com.apple.dt.xctest:Default] Other is not actually a child of Other, including at this point anyway (rdar://problem/20738636)
2026-08-27 01:18:37.226 Df ReactTestApp[1584:8738505] [com.apple.dt.xctest:Default] Other is not actually a child of Other, including at this point anyway (rdar://problem/20738636)
2026-08-27 01:18:37.226 Df ReactTestApp[1584:8738505] [com.apple.dt.xctest:Default] Other is not actually a child of Other, including at this point anyway (rdar://problem/20738636)
2026-08-27 01:18:37.226 Df ReactTestApp[1584:8738505] [com.apple.dt.xctest:Default] Other is not actually a child of Other, including at this point anyway (rdar://problem/20738636)
2026-08-27 01:18:37.227 Df ReactTestApp[1584:8738505] [com.apple.dt.xctest:Default] Preferring automation type 24 instead of legacy element type OTHER derived from class/trait: _UIFloatingBarContainerView:_UIFloatingBarContainerView 8589934592
2026-08-27 01:18:37.227 Df ReactTestApp[1584:8738505] [com.apple.dt.xctest:Default] XCTPerformOnMainRunLoop[not MT]: about to CFRunLoopPerform
2026-08-27 01:18:37.227 Df ReactTestApp[1584:8738505] [com.apple.dt.xctest:Default] XCTPerformOnMainRunLoop[not MT]: waiting with 30.00s responsiveness timeout
2026-08-27 01:18:37.228 Df ReactTestApp[1584:8737de0] [com.apple.dt.xctest:Default] XCTPerformOnMainRunLoop[MT]: inside CFRunLoopPerform
2026-08-27 01:18:37.228 Df ReactTestApp[1584:8737de0] [com.apple.dt.xctest:Default] XCTPerformOnMainRunLoop[MT]: MT responded in time (won the race to the busy flag)
2026-08-27 01:18:37.228 Df ReactTestApp[1584:8738505] [com.apple.dt.xctest:Default] XCTPerformOnMainRunLoop[not MT]: waiting 60.00s for work to complete
2026-08-27 01:18:37.228 Df ReactTestApp[1584:8737de0] [com.apple.dt.xctest:Default] XCTElementQuery: set data source for rootElementSnapshot to <XCTAutomationSession: 0x10b2222d0>
2026-08-27 01:18:37.228 Df ReactTestApp[1584:8738505] [com.apple.dt.xctest:Default] Finding all matches with input Application, pid: 1584 using transformers
↪︎ Descendants matching type ScrollView
2026-08-27 01:18:37.228 Df ReactTestApp[1584:8738505] [com.apple.dt.xctest:Default] [Match All] applied transformer `Descendants matching type ScrollView` to input {(
    Application, pid: 1584
)}, found {(
    ScrollView
)}
2026-08-27 01:18:37.228 Df ReactTestApp[1584:8738505] [com.apple.dt.xctest:Default] [Match All] setting out related elements {(
)}
2026-08-27 01:18:37.231 Df ReactTestApp[1584:8738505] [com.apple.dt.xctest:Default] Current tree:
Application, 0x119c877c0, pid: 1584 <App element pid: 1584>
  Window (Main), 0x127f4f3c0 <AX element pid: 1584, elementOrHash.elementID: 4463036544.4>
    Other, 0x10eceddc0 <AX element pid: 1584, elementOrHash.elementID: 4607206464.68>
    Other, 0x119c4dbc0 <AX element pid: 1584, elementOrHash.elementID: 4462619648.5>
      Other, 0x127fff040 <AX element pid: 1584, elementOrHash.elementID: 4534320000.6>
        Other, 0x127fff1c0 <AX element pid: 1584, elementOrHash.elementID: 4468801152.7>
          Other, 0x127fff340 <AX element pid: 1584, elementOrHash.elementID: 4453470784.8>
            Other, 0x127c15dc0 <AX element pid: 1584, elementOrHash.elementID: 4484017280.9>
              Other, 0x127fc7fc0 <AX element pid: 1584, elementOrHash.elementID: 4483838080.10>
                Other, 0x127fc8140 <AX element pid: 1584, elementOrHash.elementID: 4484174976.12>
                  Other, 0x12f508d40 <AX element pid: 1584, elementOrHash.elementID: 4689692800.14>
                    NavigationBar, 0x12<…>
2026-08-27 01:18:37.231 Df ReactTestApp[1584:8738505] [com.apple.dt.xctest:Default] Query ↪︎ Descendants matching type ScrollView found matching snapshots: {(
    ScrollView
)} (error: (null))
2026-08-27 01:18:37.231 Df ReactTestApp[1584:8738505] [com.apple.dt.xctest:Default] Replying to query ↪︎ Descendants matching type ScrollView with results: <XCTElementQueryResults: 0x110c0d5d0> (error: (null))
2026-08-27 01:18:37.235 Df ReactTestApp[1584:8738505] [com.apple.dt.xctest:Default] Received request to fetch matches for query: ↪︎ Descendants matching type Picker
2026-08-27 01:18:37.235 Df ReactTestApp[1584:8738505] [com.apple.dt.xctest:Default] Evaluating query:
 ↪︎ Descendants matching type Picker
2026-08-27 01:18:37.235 Df ReactTestApp[1584:8738505] [com.apple.dt.xctest:Default] Getting root element snapshot
2026-08-27 01:18:37.235 Df ReactTestApp[1584:8738505] [com.apple.dt.xctest:Default] Getting snapshot for App element pid: 1584 for query ↪︎ Descendants matching type Picker
2026-08-27 01:18:37.235 Df ReactTestApp[1584:8738505] [com.apple.dt.xctest:Default] Query requires iOS snapshot attributes XC_kAXXCAttributeElementType, XC_kAXXCAttributeElementBaseType, XC_kAXXCAttributeAutomationType, XC_kAXXCAttributeTraits.
2026-08-27 01:18:37.236 Df ReactTestApp[1584:8738505] [com.apple.dt.xctest:Default] XCTPerformOnMainRunLoop[not MT]: about to CFRunLoopPerform
2026-08-27 01:18:37.236 Df ReactTestApp[1584:8738505] [com.apple.dt.xctest:Default] XCTPerformOnMainRunLoop[not MT]: waiting with 30.00s responsiveness timeout
2026-08-27 01:18:37.236 Df ReactTestApp[1584:8737de0] [com.apple.dt.xctest:Default] XCTPerformOnMainRunLoop[MT]: inside CFRunLoopPerform
2026-08-27 01:18:37.236 Df ReactTestApp[1584:8737de0] [com.apple.dt.xctest:Default] XCTPerformOnMainRunLoop[MT]: MT responded in time (won the race to the busy flag)
2026-08-27 01:18:37.236 Df ReactTestApp[1584:8738505] [com.apple.dt.xctest:Default] XCTPerformOnMainRunLoop[not MT]: waiting 60.00s for work to complete
2026-08-27 01:18:37.236 Df ReactTestApp[1584:8737de0] [com.apple.dt.xctest:Default] Got main window <AXUIElementRef 0x110cfc1d0> {pid=1584} {uid=[ID:4 hash:0x10a048880]}
2026-08-27 01:18:37.236 Df ReactTestApp[1584:8737de0] [com.apple.dt.xctest:Default] Capturing hierarchy with attributes XC_kAXXCAttributeElementType, XC_kAXXCAttributeElementBaseType, XC_kAXXCAttributeParent, XC_kAXXCAttributeIdentifier, XC_kAXXCAttributeAutomationType, XC_kAXXCAttributeTraits
2026-08-27 01:18:37.236 Df ReactTestApp[1584:8737de0] [com.apple.dt.xctest:Default] Capturing hierarchy with parameters {
    attributes =     (
        5003,
        5004,
        5002,
        5019,
        5058,
        2004
    );
    maxArrayCount = 2147483647;
    maxChildren = 2147483647;
    maxDepth = 2147483647;
    snapshotKeyHonorModalViews = 0;
    traverseFromParentsToChildren = 1;
}
2026-08-27 01:18:37.236 Df ReactTestApp[1584:8737de0] [com.apple.dt.xctest:Default] Snapshot attributes 5003, 5004, 5002, 5019, 5058, 2004
2026-08-27 01:18:37.261 Df ReactTestApp[1584:8737de0] [com.apple.dt.xctest:Default] Got snapshot for <AXUIElementRef 0x109a8b150> {pid=1584} {uid=[ID:1 hash:0x0]}
2026-08-27 01:18:37.262 Df ReactTestApp[1584:8737de0] [com.apple.dt.xctest:Default] Got app orientation 0
2026-08-27 01:18:37.262 Df ReactTestApp[1584:8737de0] [com.apple.dt.xctest:Default] Captured accessibility snapshot data in 0.03s
2026-08-27 01:18:37.262 Df ReactTestApp[1584:8738505] [com.apple.dt.xctest:Default] Found main window: Window
2026-08-27 01:18:37.262 Df ReactTestApp[1584:8738505] [com.apple.dt.xctest:Default] Preferring automation type 48 instead of legacy element type OTHER derived from class/trait: UILabel:UILabel 8590000128
2026-08-27 01:18:37.262 Df ReactTestApp[1584:8738505] [com.apple.dt.xctest:Default] Other is not actually a child of Other, including at this point anyway (rdar://problem/20738636)
2026-08-27 01:18:37.262 Df ReactTestApp[1584:8738505] [com.apple.dt.xctest:Default] Other is not actually a child of Other, including at this point anyway (rdar://problem/20738636)
2026-08-27 01:18:37.263 Df ReactTestApp[1584:8738505] [com.apple.dt.xctest:Default] Other is not actually a child of Other, including at this point anyway (rdar://problem/20738636)
2026-08-27 01:18:37.263 Df ReactTestApp[1584:8738505] [com.apple.dt.xctest:Default] Other is not actually a child of Other, including at this point anyway (rdar://problem/20738636)
2026-08-27 01:18:37.263 Df ReactTestApp[1584:8738505] [com.apple.dt.xctest:Default] Other is not actually a child of Other, including at this point anyway (rdar://problem/20738636)
2026-08-27 01:18:37.263 Df ReactTestApp[1584:8738505] [com.apple.dt.xctest:Default] Preferring automation type 24 instead of legacy element type OTHER derived from class/trait: _UIFloatingBarContainerView:_UIFloatingBarContainerView 8589934592
2026-08-27 01:18:37.263 Df ReactTestApp[1584:8738505] [com.apple.dt.xctest:Default] XCTPerformOnMainRunLoop[not MT]: about to CFRunLoopPerform
2026-08-27 01:18:37.263 Df ReactTestApp[1584:8738505] [com.apple.dt.xctest:Default] XCTPerformOnMainRunLoop[not MT]: waiting with 30.00s responsiveness timeout
2026-08-27 01:18:37.263 Df ReactTestApp[1584:8737de0] [com.apple.dt.xctest:Default] XCTPerformOnMainRunLoop[MT]: inside CFRunLoopPerform
2026-08-27 01:18:37.263 Df ReactTestApp[1584:8737de0] [com.apple.dt.xctest:Default] XCTPerformOnMainRunLoop[MT]: MT responded in time (won the race to the busy flag)
2026-08-27 01:18:37.263 Df ReactTestApp[1584:8738505] [com.apple.dt.xctest:Default] XCTPerformOnMainRunLoop[not MT]: waiting 60.00s for work to complete
2026-08-27 01:18:37.263 Df ReactTestApp[1584:8737de0] [com.apple.dt.xctest:Default] XCTElementQuery: set data source for rootElementSnapshot to <XCTAutomationSession: 0x10b2222d0>
2026-08-27 01:18:37.263 Df ReactTestApp[1584:8738505] [com.apple.dt.xctest:Default] Finding all matches with input Application, pid: 1584 using transformers
↪︎ Descendants matching type Picker
2026-08-27 01:18:37.263 Df ReactTestApp[1584:8738505] [com.apple.dt.xctest:Default] [Match All] applied transformer `Descendants matching type Picker` to input {(
    Application, pid: 1584
)}, found {(
)}
2026-08-27 01:18:37.264 Df ReactTestApp[1584:8738505] [com.apple.dt.xctest:Default] [Match All] setting out related elements in early return {(
)}
2026-08-27 01:18:37.267 Df ReactTestApp[1584:8738505] [com.apple.dt.xctest:Default] Current tree:
Application, 0x119cbc740, pid: 1584 <App element pid: 1584>
  Window (Main), 0x119cbc440 <AX element pid: 1584, elementOrHash.elementID: 4463036544.4>
    Other, 0x119cb6bc0 <AX element pid: 1584, elementOrHash.elementID: 4607206464.68>
    Other, 0x10e500dc0 <AX element pid: 1584, elementOrHash.elementID: 4462619648.5>
      Other, 0x119c24f40 <AX element pid: 1584, elementOrHash.elementID: 4534320000.6>
        Other, 0x127f820c0 <AX element pid: 1584, elementOrHash.elementID: 4468801152.7>
          Other, 0x119cbb240 <AX element pid: 1584, elementOrHash.elementID: 4453470784.8>
            Other, 0x119cbb0c0 <AX element pid: 1584, elementOrHash.elementID: 4484017280.9>
              Other, 0x127fe2b40 <AX element pid: 1584, elementOrHash.elementID: 4483838080.10>
                Other, 0x127c80d40 <AX element pid: 1584, elementOrHash.elementID: 4484174976.12>
                  Other, 0x127f69040 <AX element pid: 1584, elementOrHash.elementID: 4689692800.14>
                    NavigationBar, 0x11<…>
2026-08-27 01:18:37.267 Df ReactTestApp[1584:8738505] [com.apple.dt.xctest:Default] Query ↪︎ Descendants matching type Picker found matching snapshots: {(
)} (error: (null))
2026-08-27 01:18:37.267 Df ReactTestApp[1584:8738505] [com.apple.dt.xctest:Default] Replying to query ↪︎ Descendants matching type Picker with results: <XCTElementQueryResults: 0x110c89c50> (error: (null))
2026-08-27 01:18:37.269 Df ReactTestApp[1584:8738505] [com.apple.dt.xctest:Default] Received request to fetch matches for query: ↪︎ Descendants matching type Stepper
2026-08-27 01:18:37.269 Df ReactTestApp[1584:8738505] [com.apple.dt.xctest:Default] Evaluating query:
 ↪︎ Descendants matching type Stepper
2026-08-27 01:18:37.269 Df ReactTestApp[1584:8738505] [com.apple.dt.xctest:Default] Getting root element snapshot
2026-08-27 01:18:37.269 Df ReactTestApp[1584:8738505] [com.apple.dt.xctest:Default] Getting snapshot for App element pid: 1584 for query ↪︎ Descendants matching type Stepper
2026-08-27 01:18:37.269 Df ReactTestApp[1584:8738505] [com.apple.dt.xctest:Default] Query requires iOS snapshot attributes XC_kAXXCAttributeElementType, XC_kAXXCAttributeElementBaseType, XC_kAXXCAttributeAutomationType, XC_kAXXCAttributeTraits.
2026-08-27 01:18:37.269 Df ReactTestApp[1584:8738505] [com.apple.dt.xctest:Default] XCTPerformOnMainRunLoop[not MT]: about to CFRunLoopPerform
2026-08-27 01:18:37.269 Df ReactTestApp[1584:8738505] [com.apple.dt.xctest:Default] XCTPerformOnMainRunLoop[not MT]: waiting with 30.00s responsiveness timeout
2026-08-27 01:18:37.269 Df ReactTestApp[1584:8737de0] [com.apple.dt.xctest:Default] XCTPerformOnMainRunLoop[MT]: inside CFRunLoopPerform
2026-08-27 01:18:37.269 Df ReactTestApp[1584:8737de0] [com.apple.dt.xctest:Default] XCTPerformOnMainRunLoop[MT]: MT responded in time (won the race to the busy flag)
2026-08-27 01:18:37.269 Df ReactTestApp[1584:8738505] [com.apple.dt.xctest:Default] XCTPerformOnMainRunLoop[not MT]: waiting 60.00s for work to complete
2026-08-27 01:18:37.270 Df ReactTestApp[1584:8737de0] [com.apple.dt.xctest:Default] Got main window <AXUIElementRef 0x10eb8bd50> {pid=1584} {uid=[ID:4 hash:0x10a048880]}
2026-08-27 01:18:37.270 Df ReactTestApp[1584:8737de0] [com.apple.dt.xctest:Default] Capturing hierarchy with attributes XC_kAXXCAttributeElementType, XC_kAXXCAttributeElementBaseType, XC_kAXXCAttributeParent, XC_kAXXCAttributeIdentifier, XC_kAXXCAttributeAutomationType, XC_kAXXCAttributeTraits
2026-08-27 01:18:37.270 Df ReactTestApp[1584:8737de0] [com.apple.dt.xctest:Default] Capturing hierarchy with parameters {
    attributes =     (
        5003,
        5004,
        5002,
        5019,
        5058,
        2004
    );
    maxArrayCount = 2147483647;
    maxChildren = 2147483647;
    maxDepth = 2147483647;
    snapshotKeyHonorModalViews = 0;
    traverseFromParentsToChildren = 1;
}
2026-08-27 01:18:37.270 Df ReactTestApp[1584:8737de0] [com.apple.dt.xctest:Default] Snapshot attributes 5003, 5004, 5002, 5019, 5058, 2004
2026-08-27 01:18:37.295 Df ReactTestApp[1584:8737de0] [com.apple.dt.xctest:Default] Got snapshot for <AXUIElementRef 0x110c77090> {pid=1584} {uid=[ID:1 hash:0x0]}
2026-08-27 01:18:37.295 Df ReactTestApp[1584:8737de0] [com.apple.dt.xctest:Default] Got app orientation 0
2026-08-27 01:18:37.295 Df ReactTestApp[1584:8737de0] [com.apple.dt.xctest:Default] Captured accessibility snapshot data in 0.03s
2026-08-27 01:18:37.296 Df ReactTestApp[1584:8738505] [com.apple.dt.xctest:Default] Found main window: Window
2026-08-27 01:18:37.296 Df ReactTestApp[1584:8738505] [com.apple.dt.xctest:Default] Preferring automation type 48 instead of legacy element type OTHER derived from class/trait: UILabel:UILabel 8590000128
2026-08-27 01:18:37.296 Df ReactTestApp[1584:8738505] [com.apple.dt.xctest:Default] Other is not actually a child of Other, including at this point anyway (rdar://problem/20738636)
2026-08-27 01:18:37.296 Df ReactTestApp[1584:8738505] [com.apple.dt.xctest:Default] Other is not actually a child of Other, including at this point anyway (rdar://problem/20738636)
2026-08-27 01:18:37.296 Df ReactTestApp[1584:8738505] [com.apple.dt.xctest:Default] Other is not actually a child of Other, including at this point anyway (rdar://problem/20738636)
2026-08-27 01:18:37.296 Df ReactTestApp[1584:8738505] [com.apple.dt.xctest:Default] Other is not actually a child of Other, including at this point anyway (rdar://problem/20738636)
2026-08-27 01:18:37.296 Df ReactTestApp[1584:8738505] [com.apple.dt.xctest:Default] Other is not actually a child of Other, including at this point anyway (rdar://problem/20738636)
2026-08-27 01:18:37.296 Df ReactTestApp[1584:8738505] [com.apple.dt.xctest:Default] Preferring automation type 24 instead of legacy element type OTHER derived from class/trait: _UIFloatingBarContainerView:_UIFloatingBarContainerView 8589934592
2026-08-27 01:18:37.297 Df ReactTestApp[1584:8738505] [com.apple.dt.xctest:Default] XCTPerformOnMainRunLoop[not MT]: about to CFRunLoopPerform
2026-08-27 01:18:37.297 Df ReactTestApp[1584:8738505] [com.apple.dt.xctest:Default] XCTPerformOnMainRunLoop[not MT]: waiting with 30.00s responsiveness timeout
2026-08-27 01:18:37.297 Df ReactTestApp[1584:8737de0] [com.apple.dt.xctest:Default] XCTPerformOnMainRunLoop[MT]: inside CFRunLoopPerform
2026-08-27 01:18:37.297 Df ReactTestApp[1584:8737de0] [com.apple.dt.xctest:Default] XCTPerformOnMainRunLoop[MT]: MT responded in time (won the race to the busy flag)
2026-08-27 01:18:37.297 Df ReactTestApp[1584:8738505] [com.apple.dt.xctest:Default] XCTPerformOnMainRunLoop[not MT]: waiting 60.00s for work to complete
2026-08-27 01:18:37.297 Df ReactTestApp[1584:8737de0] [com.apple.dt.xctest:Default] XCTElementQuery: set data source for rootElementSnapshot to <XCTAutomationSession: 0x10b2222d0>
2026-08-27 01:18:37.297 Df ReactTestApp[1584:8738505] [com.apple.dt.xctest:Default] Finding all matches with input Application, pid: 1584 using transformers
↪︎ Descendants matching type Stepper
2026-08-27 01:18:37.297 Df ReactTestApp[1584:8738505] [com.apple.dt.xctest:Default] [Match All] applied transformer `Descendants matching type Stepper` to input {(
    Application, pid: 1584
)}, found {(
)}
2026-08-27 01:18:37.297 Df ReactTestApp[1584:8738505] [com.apple.dt.xctest:Default] [Match All] setting out related elements in early return {(
)}
2026-08-27 01:18:37.301 Df ReactTestApp[1584:8738505] [com.apple.dt.xctest:Default] Current tree:
Application, 0x127ff1cc0, pid: 1584 <App element pid: 1584>
  Window (Main), 0x127ff13c0 <AX element pid: 1584, elementOrHash.elementID: 4463036544.4>
    Other, 0x127ff5d40 <AX element pid: 1584, elementOrHash.elementID: 4607206464.68>
    Other, 0x127fdbc40 <AX element pid: 1584, elementOrHash.elementID: 4462619648.5>
      Other, 0x10aa40fc0 <AX element pid: 1584, elementOrHash.elementID: 4534320000.6>
        Other, 0x127ff9c40 <AX element pid: 1584, elementOrHash.elementID: 4468801152.7>
          Other, 0x114b5d1c0 <AX element pid: 1584, elementOrHash.elementID: 4453470784.8>
            Other, 0x127c96ac0 <AX element pid: 1584, elementOrHash.elementID: 4484017280.9>
              Other, 0x10ec7e640 <AX element pid: 1584, elementOrHash.elementID: 4483838080.10>
                Other, 0x127fc0340 <AX element pid: 1584, elementOrHash.elementID: 4484174976.12>
                  Other, 0x127cc0640 <AX element pid: 1584, elementOrHash.elementID: 4689692800.14>
                    NavigationBar, 0x11<…>
2026-08-27 01:18:37.301 Df ReactTestApp[1584:8738505] [com.apple.dt.xctest:Default] Query ↪︎ Descendants matching type Stepper found matching snapshots: {(
)} (error: (null))
2026-08-27 01:18:37.301 Df ReactTestApp[1584:8738505] [com.apple.dt.xctest:Default] Replying to query ↪︎ Descendants matching type Stepper with results: <XCTElementQueryResults: 0x10ebd5650> (error: (null))
2026-08-27 01:18:37.303 Df ReactTestApp[1584:8738505] [com.apple.dt.xctest:Default] Received request to fetch matches for query: ↪︎ Descendants matching type TabBar
2026-08-27 01:18:37.303 Df ReactTestApp[1584:8738505] [com.apple.dt.xctest:Default] Evaluating query:
 ↪︎ Descendants matching type TabBar
2026-08-27 01:18:37.303 Df ReactTestApp[1584:8738505] [com.apple.dt.xctest:Default] Getting root element snapshot
2026-08-27 01:18:37.303 Df ReactTestApp[1584:8738505] [com.apple.dt.xctest:Default] Getting snapshot for App element pid: 1584 for query ↪︎ Descendants matching type TabBar
2026-08-27 01:18:37.303 Df ReactTestApp[1584:8738505] [com.apple.dt.xctest:Default] Query requires iOS snapshot attributes XC_kAXXCAttributeElementType, XC_kAXXCAttributeElementBaseType, XC_kAXXCAttributeAutomationType, XC_kAXXCAttributeTraits.
2026-08-27 01:18:37.303 Df ReactTestApp[1584:8738505] [com.apple.dt.xctest:Default] XCTPerformOnMainRunLoop[not MT]: about to CFRunLoopPerform
2026-08-27 01:18:37.303 Df ReactTestApp[1584:8738505] [com.apple.dt.xctest:Default] XCTPerformOnMainRunLoop[not MT]: waiting with 30.00s responsiveness timeout
2026-08-27 01:18:37.303 Df ReactTestApp[1584:8737de0] [com.apple.dt.xctest:Default] XCTPerformOnMainRunLoop[MT]: inside CFRunLoopPerform
2026-08-27 01:18:37.303 Df ReactTestApp[1584:8737de0] [com.apple.dt.xctest:Default] XCTPerformOnMainRunLoop[MT]: MT responded in time (won the race to the busy flag)
2026-08-27 01:18:37.303 Df ReactTestApp[1584:8738505] [com.apple.dt.xctest:Default] XCTPerformOnMainRunLoop[not MT]: waiting 60.00s for work to complete
2026-08-27 01:18:37.304 Df ReactTestApp[1584:8737de0] [com.apple.dt.xctest:Default] Got main window <AXUIElementRef 0x110c0b410> {pid=1584} {uid=[ID:4 hash:0x10a048880]}
2026-08-27 01:18:37.304 Df ReactTestApp[1584:8737de0] [com.apple.dt.xctest:Default] Capturing hierarchy with attributes XC_kAXXCAttributeElementType, XC_kAXXCAttributeElementBaseType, XC_kAXXCAttributeParent, XC_kAXXCAttributeIdentifier, XC_kAXXCAttributeAutomationType, XC_kAXXCAttributeTraits
2026-08-27 01:18:37.304 Df ReactTestApp[1584:8737de0] [com.apple.dt.xctest:Default] Capturing hierarchy with parameters {
    attributes =     (
        5003,
        5004,
        5002,
        5019,
        5058,
        2004
    );
    maxArrayCount = 2147483647;
    maxChildren = 2147483647;
    maxDepth = 2147483647;
    snapshotKeyHonorModalViews = 0;
    traverseFromParentsToChildren = 1;
}
2026-08-27 01:18:37.304 Df ReactTestApp[1584:8737de0] [com.apple.dt.xctest:Default] Snapshot attributes 5003, 5004, 5002, 5019, 5058, 2004
2026-08-27 01:18:37.329 Df ReactTestApp[1584:8737de0] [com.apple.dt.xctest:Default] Got snapshot for <AXUIElementRef 0x12af56d90> {pid=1584} {uid=[ID:1 hash:0x0]}
2026-08-27 01:18:37.330 Df ReactTestApp[1584:8737de0] [com.apple.dt.xctest:Default] Got app orientation 0
2026-08-27 01:18:37.330 Df ReactTestApp[1584:8737de0] [com.apple.dt.xctest:Default] Captured accessibility snapshot data in 0.03s
2026-08-27 01:18:37.330 Df ReactTestApp[1584:8738505] [com.apple.dt.xctest:Default] Found main window: Window
2026-08-27 01:18:37.330 Df ReactTestApp[1584:8738505] [com.apple.dt.xctest:Default] Preferring automation type 48 instead of legacy element type OTHER derived from class/trait: UILabel:UILabel 8590000128
2026-08-27 01:18:37.330 Df ReactTestApp[1584:8738505] [com.apple.dt.xctest:Default] Other is not actually a child of Other, including at this point anyway (rdar://problem/20738636)
2026-08-27 01:18:37.330 Df ReactTestApp[1584:8738505] [com.apple.dt.xctest:Default] Other is not actually a child of Other, including at this point anyway (rdar://problem/20738636)
2026-08-27 01:18:37.330 Df ReactTestApp[1584:8738505] [com.apple.dt.xctest:Default] Other is not actually a child of Other, including at this point anyway (rdar://problem/20738636)
2026-08-27 01:18:37.331 Df ReactTestApp[1584:8738505] [com.apple.dt.xctest:Default] Other is not actually a child of Other, including at this point anyway (rdar://problem/20738636)
2026-08-27 01:18:37.331 Df ReactTestApp[1584:8738505] [com.apple.dt.xctest:Default] Other is not actually a child of Other, including at this point anyway (rdar://problem/20738636)
2026-08-27 01:18:37.331 Df ReactTestApp[1584:8738505] [com.apple.dt.xctest:Default] Preferring automation type 24 instead of legacy element type OTHER derived from class/trait: _UIFloatingBarContainerView:_UIFloatingBarContainerView 8589934592
2026-08-27 01:18:37.331 Df ReactTestApp[1584:8738505] [com.apple.dt.xctest:Default] XCTPerformOnMainRunLoop[not MT]: about to CFRunLoopPerform
2026-08-27 01:18:37.331 Df ReactTestApp[1584:8738505] [com.apple.dt.xctest:Default] XCTPerformOnMainRunLoop[not MT]: waiting with 30.00s responsiveness timeout
2026-08-27 01:18:37.331 Df ReactTestApp[1584:8737de0] [com.apple.dt.xctest:Default] XCTPerformOnMainRunLoop[MT]: inside CFRunLoopPerform
2026-08-27 01:18:37.331 Df ReactTestApp[1584:8737de0] [com.apple.dt.xctest:Default] XCTPerformOnMainRunLoop[MT]: MT responded in time (won the race to the busy flag)
2026-08-27 01:18:37.331 Df ReactTestApp[1584:8738505] [com.apple.dt.xctest:Default] XCTPerformOnMainRunLoop[not MT]: waiting 60.00s for work to complete
2026-08-27 01:18:37.331 Df ReactTestApp[1584:8737de0] [com.apple.dt.xctest:Default] XCTElementQuery: set data source for rootElementSnapshot to <XCTAutomationSession: 0x10b2222d0>
2026-08-27 01:18:37.331 Df ReactTestApp[1584:8738505] [com.apple.dt.xctest:Default] Finding all matches with input Application, pid: 1584 using transformers
↪︎ Descendants matching type TabBar
2026-08-27 01:18:37.331 Df ReactTestApp[1584:8738505] [com.apple.dt.xctest:Default] [Match All] applied transformer `Descendants matching type TabBar` to input {(
    Application, pid: 1584
)}, found {(
    TabBar
)}
2026-08-27 01:18:37.331 Df ReactTestApp[1584:8738505] [com.apple.dt.xctest:Default] [Match All] setting out related elements {(
)}
2026-08-27 01:18:37.335 Df ReactTestApp[1584:8738505] [com.apple.dt.xctest:Default] Current tree:
Application, 0x127ffb140, pid: 1584 <App element pid: 1584>
  Window (Main), 0x12f500640 <AX element pid: 1584, elementOrHash.elementID: 4463036544.4>
    Other, 0x127fc5d40 <AX element pid: 1584, elementOrHash.elementID: 4607206464.68>
    Other, 0x119c41140 <AX element pid: 1584, elementOrHash.elementID: 4462619648.5>
      Other, 0x127ffa540 <AX element pid: 1584, elementOrHash.elementID: 4534320000.6>
        Other, 0x10aa9ea40 <AX element pid: 1584, elementOrHash.elementID: 4468801152.7>
          Other, 0x127fa0cc0 <AX element pid: 1584, elementOrHash.elementID: 4453470784.8>
            Other, 0x10aaaf9c0 <AX element pid: 1584, elementOrHash.elementID: 4484017280.9>
              Other, 0x119c94e40 <AX element pid: 1584, elementOrHash.elementID: 4483838080.10>
                Other, 0x119cbadc0 <AX element pid: 1584, elementOrHash.elementID: 4484174976.12>
                  Other, 0x119cb9ec0 <AX element pid: 1584, elementOrHash.elementID: 4689692800.14>
                    NavigationBar, 0x11<…>
2026-08-27 01:18:37.335 Df ReactTestApp[1584:8738505] [com.apple.dt.xctest:Default] Query ↪︎ Descendants matching type TabBar found matching snapshots: {(
    TabBar
)} (error: (null))
2026-08-27 01:18:37.335 Df ReactTestApp[1584:8738505] [com.apple.dt.xctest:Default] Replying to query ↪︎ Descendants matching type TabBar with results: <XCTElementQueryResults: 0x10eb5b610> (error: (null))
2026-08-27 01:18:37.338 Df ReactTestApp[1584:8738505] [com.apple.dt.xctest:Default] Received request to fetch matches for query: ↪︎ Descendants matching type MenuItem
2026-08-27 01:18:37.338 Df ReactTestApp[1584:8738505] [com.apple.dt.xctest:Default] Evaluating query:
 ↪︎ Descendants matching type MenuItem
2026-08-27 01:18:37.338 Df ReactTestApp[1584:8738505] [com.apple.dt.xctest:Default] Getting root element snapshot
2026-08-27 01:18:37.338 Df ReactTestApp[1584:8738505] [com.apple.dt.xctest:Default] Getting snapshot for App element pid: 1584 for query ↪︎ Descendants matching type MenuItem
2026-08-27 01:18:37.338 Df ReactTestApp[1584:8738505] [com.apple.dt.xctest:Default] Query requires iOS snapshot attributes XC_kAXXCAttributeElementType, XC_kAXXCAttributeElementBaseType, XC_kAXXCAttributeAutomationType, XC_kAXXCAttributeTraits.
2026-08-27 01:18:37.339 Df ReactTestApp[1584:8738505] [com.apple.dt.xctest:Default] XCTPerformOnMainRunLoop[not MT]: about to CFRunLoopPerform
2026-08-27 01:18:37.339 Df ReactTestApp[1584:8738505] [com.apple.dt.xctest:Default] XCTPerformOnMainRunLoop[not MT]: waiting with 30.00s responsiveness timeout
2026-08-27 01:18:37.339 Df ReactTestApp[1584:8737de0] [com.apple.dt.xctest:Default] XCTPerformOnMainRunLoop[MT]: inside CFRunLoopPerform
2026-08-27 01:18:37.339 Df ReactTestApp[1584:8737de0] [com.apple.dt.xctest:Default] XCTPerformOnMainRunLoop[MT]: MT responded in time (won the race to the busy flag)
2026-08-27 01:18:37.339 Df ReactTestApp[1584:8738505] [com.apple.dt.xctest:Default] XCTPerformOnMainRunLoop[not MT]: waiting 60.00s for work to complete
2026-08-27 01:18:37.339 Df ReactTestApp[1584:8737de0] [com.apple.dt.xctest:Default] Got main window <AXUIElementRef 0x10e395710> {pid=1584} {uid=[ID:4 hash:0x10a048880]}
2026-08-27 01:18:37.339 Df ReactTestApp[1584:8737de0] [com.apple.dt.xctest:Default] Capturing hierarchy with attributes XC_kAXXCAttributeElementType, XC_kAXXCAttributeElementBaseType, XC_kAXXCAttributeParent, XC_kAXXCAttributeIdentifier, XC_kAXXCAttributeAutomationType, XC_kAXXCAttributeTraits
2026-08-27 01:18:37.339 Df ReactTestApp[1584:8737de0] [com.apple.dt.xctest:Default] Capturing hierarchy with parameters {
    attributes =     (
        5003,
        5004,
        5002,
        5019,
        5058,
        2004
    );
    maxArrayCount = 2147483647;
    maxChildren = 2147483647;
    maxDepth = 2147483647;
    snapshotKeyHonorModalViews = 0;
    traverseFromParentsToChildren = 1;
}
2026-08-27 01:18:37.339 Df ReactTestApp[1584:8737de0] [com.apple.dt.xctest:Default] Snapshot attributes 5003, 5004, 5002, 5019, 5058, 2004
2026-08-27 01:18:37.364 Df ReactTestApp[1584:8737de0] [com.apple.dt.xctest:Default] Got snapshot for <AXUIElementRef 0x109acbed0> {pid=1584} {uid=[ID:1 hash:0x0]}
2026-08-27 01:18:37.365 Df ReactTestApp[1584:8737de0] [com.apple.dt.xctest:Default] Got app orientation 0
2026-08-27 01:18:37.365 Df ReactTestApp[1584:8737de0] [com.apple.dt.xctest:Default] Captured accessibility snapshot data in 0.03s
2026-08-27 01:18:37.365 Df ReactTestApp[1584:8738505] [com.apple.dt.xctest:Default] Found main window: Window
2026-08-27 01:18:37.365 Df ReactTestApp[1584:8738505] [com.apple.dt.xctest:Default] Preferring automation type 48 instead of legacy element type OTHER derived from class/trait: UILabel:UILabel 8590000128
2026-08-27 01:18:37.365 Df ReactTestApp[1584:8738505] [com.apple.dt.xctest:Default] Other is not actually a child of Other, including at this point anyway (rdar://problem/20738636)
2026-08-27 01:18:37.365 Df ReactTestApp[1584:8738505] [com.apple.dt.xctest:Default] Other is not actually a child of Other, including at this point anyway (rdar://problem/20738636)
2026-08-27 01:18:37.365 Df ReactTestApp[1584:8738505] [com.apple.dt.xctest:Default] Other is not actually a child of Other, including at this point anyway (rdar://problem/20738636)
2026-08-27 01:18:37.365 Df ReactTestApp[1584:8738505] [com.apple.dt.xctest:Default] Other is not actually a child of Other, including at this point anyway (rdar://problem/20738636)
2026-08-27 01:18:37.365 Df ReactTestApp[1584:8738505] [com.apple.dt.xctest:Default] Other is not actually a child of Other, including at this point anyway (rdar://problem/20738636)
2026-08-27 01:18:37.366 Df ReactTestApp[1584:8738505] [com.apple.dt.xctest:Default] Preferring automation type 24 instead of legacy element type OTHER derived from class/trait: _UIFloatingBarContainerView:_UIFloatingBarContainerView 8589934592
2026-08-27 01:18:37.366 Df ReactTestApp[1584:8738505] [com.apple.dt.xctest:Default] XCTPerformOnMainRunLoop[not MT]: about to CFRunLoopPerform
2026-08-27 01:18:37.366 Df ReactTestApp[1584:8738505] [com.apple.dt.xctest:Default] XCTPerformOnMainRunLoop[not MT]: waiting with 30.00s responsiveness timeout
2026-08-27 01:18:37.366 Df ReactTestApp[1584:8737de0] [com.apple.dt.xctest:Default] XCTPerformOnMainRunLoop[MT]: inside CFRunLoopPerform
2026-08-27 01:18:37.366 Df ReactTestApp[1584:8737de0] [com.apple.dt.xctest:Default] XCTPerformOnMainRunLoop[MT]: MT responded in time (won the race to the busy flag)
2026-08-27 01:18:37.366 Df ReactTestApp[1584:8738505] [com.apple.dt.xctest:Default] XCTPerformOnMainRunLoop[not MT]: waiting 60.00s for work to complete
2026-08-27 01:18:37.366 Df ReactTestApp[1584:8737de0] [com.apple.dt.xctest:Default] XCTElementQuery: set data source for rootElementSnapshot to <XCTAutomationSession: 0x10b2222d0>
2026-08-27 01:18:37.366 Df ReactTestApp[1584:8738505] [com.apple.dt.xctest:Default] Finding all matches with input Application, pid: 1584 using transformers
↪︎ Descendants matching type MenuItem
2026-08-27 01:18:37.366 Df ReactTestApp[1584:8738505] [com.apple.dt.xctest:Default] [Match All] applied transformer `Descendants matching type MenuItem` to input {(
    Application, pid: 1584
)}, found {(
)}
2026-08-27 01:18:37.366 Df ReactTestApp[1584:8738505] [com.apple.dt.xctest:Default] [Match All] setting out related elements in early return {(
)}
2026-08-27 01:18:37.370 Df ReactTestApp[1584:8738505] [com.apple.dt.xctest:Default] Current tree:
Application, 0x127fe56c0, pid: 1584 <App element pid: 1584>
  Window (Main), 0x127fff7c0 <AX element pid: 1584, elementOrHash.elementID: 4463036544.4>
    Other, 0x12f509c40 <AX element pid: 1584, elementOrHash.elementID: 4607206464.68>
    Other, 0x10aa475c0 <AX element pid: 1584, elementOrHash.elementID: 4462619648.5>
      Other, 0x127fc64c0 <AX element pid: 1584, elementOrHash.elementID: 4534320000.6>
        Other, 0x127ffacc0 <AX element pid: 1584, elementOrHash.elementID: 4468801152.7>
          Other, 0x114b3d540 <AX element pid: 1584, elementOrHash.elementID: 4453470784.8>
            Other, 0x10e5aa140 <AX element pid: 1584, elementOrHash.elementID: 4484017280.9>
              Other, 0x127cc0dc0 <AX element pid: 1584, elementOrHash.elementID: 4483838080.10>
                Other, 0x127fd5640 <AX element pid: 1584, elementOrHash.elementID: 4484174976.12>
                  Other, 0x127f50a40 <AX element pid: 1584, elementOrHash.elementID: 4689692800.14>
                    NavigationBar, 0x12<…>
2026-08-27 01:18:37.370 Df ReactTestApp[1584:8738505] [com.apple.dt.xctest:Default] Query ↪︎ Descendants matching type MenuItem found matching snapshots: {(
)} (error: (null))
2026-08-27 01:18:37.370 Df ReactTestApp[1584:8738505] [com.apple.dt.xctest:Default] Replying to query ↪︎ Descendants matching type MenuItem with results: <XCTElementQueryResults: 0x12af75d10> (error: (null))
2026-08-27 01:18:37.372 Df ReactTestApp[1584:8738505] [com.apple.dt.xctest:Default] Received request to fetch matches for query: ↪︎ Descendants matching type StaticText
2026-08-27 01:18:37.372 Df ReactTestApp[1584:8738505] [com.apple.dt.xctest:Default] Evaluating query:
 ↪︎ Descendants matching type StaticText
2026-08-27 01:18:37.372 Df ReactTestApp[1584:8738505] [com.apple.dt.xctest:Default] Getting root element snapshot
2026-08-27 01:18:37.372 Df ReactTestApp[1584:8738505] [com.apple.dt.xctest:Default] Getting snapshot for App element pid: 1584 for query ↪︎ Descendants matching type StaticText
2026-08-27 01:18:37.372 Df ReactTestApp[1584:8738505] [com.apple.dt.xctest:Default] Query requires iOS snapshot attributes XC_kAXXCAttributeElementType, XC_kAXXCAttributeElementBaseType, XC_kAXXCAttributeAutomationType, XC_kAXXCAttributeTraits.
2026-08-27 01:18:37.372 Df ReactTestApp[1584:8738505] [com.apple.dt.xctest:Default] XCTPerformOnMainRunLoop[not MT]: about to CFRunLoopPerform
2026-08-27 01:18:37.372 Df ReactTestApp[1584:8738505] [com.apple.dt.xctest:Default] XCTPerformOnMainRunLoop[not MT]: waiting with 30.00s responsiveness timeout
2026-08-27 01:18:37.372 Df ReactTestApp[1584:8737de0] [com.apple.dt.xctest:Default] XCTPerformOnMainRunLoop[MT]: inside CFRunLoopPerform
2026-08-27 01:18:37.372 Df ReactTestApp[1584:8737de0] [com.apple.dt.xctest:Default] XCTPerformOnMainRunLoop[MT]: MT responded in time (won the race to the busy flag)
2026-08-27 01:18:37.372 Df ReactTestApp[1584:8738505] [com.apple.dt.xctest:Default] XCTPerformOnMainRunLoop[not MT]: waiting 60.00s for work to complete
2026-08-27 01:18:37.373 Df ReactTestApp[1584:8737de0] [com.apple.dt.xctest:Default] Got main window <AXUIElementRef 0x10eb83410> {pid=1584} {uid=[ID:4 hash:0x10a048880]}
2026-08-27 01:18:37.373 Df ReactTestApp[1584:8737de0] [com.apple.dt.xctest:Default] Capturing hierarchy with attributes XC_kAXXCAttributeElementType, XC_kAXXCAttributeElementBaseType, XC_kAXXCAttributeParent, XC_kAXXCAttributeIdentifier, XC_kAXXCAttributeAutomationType, XC_kAXXCAttributeTraits
2026-08-27 01:18:37.373 Df ReactTestApp[1584:8737de0] [com.apple.dt.xctest:Default] Capturing hierarchy with parameters {
    attributes =     (
        5003,
        5004,
        5002,
        5019,
        5058,
        2004
    );
    maxArrayCount = 2147483647;
    maxChildren = 2147483647;
    maxDepth = 2147483647;
    snapshotKeyHonorModalViews = 0;
    traverseFromParentsToChildren = 1;
}
2026-08-27 01:18:37.373 Df ReactTestApp[1584:8737de0] [com.apple.dt.xctest:Default] Snapshot attributes 5003, 5004, 5002, 5019, 5058, 2004
2026-08-27 01:18:37.398 Df ReactTestApp[1584:8737de0] [com.apple.dt.xctest:Default] Got snapshot for <AXUIElementRef 0x110c64890> {pid=1584} {uid=[ID:1 hash:0x0]}
2026-08-27 01:18:37.399 Df ReactTestApp[1584:8737de0] [com.apple.dt.xctest:Default] Got app orientation 0
2026-08-27 01:18:37.399 Df ReactTestApp[1584:8737de0] [com.apple.dt.xctest:Default] Captured accessibility snapshot data in 0.03s
2026-08-27 01:18:37.399 Df ReactTestApp[1584:8738505] [com.apple.dt.xctest:Default] Found main window: Window
2026-08-27 01:18:37.399 Df ReactTestApp[1584:8738505] [com.apple.dt.xctest:Default] Preferring automation type 48 instead of legacy element type OTHER derived from class/trait: UILabel:UILabel 8590000128
2026-08-27 01:18:37.399 Df ReactTestApp[1584:8738505] [com.apple.dt.xctest:Default] Other is not actually a child of Other, including at this point anyway (rdar://problem/20738636)
2026-08-27 01:18:37.399 Df ReactTestApp[1584:8738505] [com.apple.dt.xctest:Default] Other is not actually a child of Other, including at this point anyway (rdar://problem/20738636)
2026-08-27 01:18:37.399 Df ReactTestApp[1584:8738505] [com.apple.dt.xctest:Default] Other is not actually a child of Other, including at this point anyway (rdar://problem/20738636)
2026-08-27 01:18:37.399 Df ReactTestApp[1584:8738505] [com.apple.dt.xctest:Default] Other is not actually a child of Other, including at this point anyway (rdar://problem/20738636)
2026-08-27 01:18:37.400 Df ReactTestApp[1584:8738505] [com.apple.dt.xctest:Default] Other is not actually a child of Other, including at this point anyway (rdar://problem/20738636)
2026-08-27 01:18:37.400 Df ReactTestApp[1584:8738505] [com.apple.dt.xctest:Default] Preferring automation type 24 instead of legacy element type OTHER derived from class/trait: _UIFloatingBarContainerView:_UIFloatingBarContainerView 8589934592
2026-08-27 01:18:37.400 Df ReactTestApp[1584:8738505] [com.apple.dt.xctest:Default] XCTPerformOnMainRunLoop[not MT]: about to CFRunLoopPerform
2026-08-27 01:18:37.400 Df ReactTestApp[1584:8738505] [com.apple.dt.xctest:Default] XCTPerformOnMainRunLoop[not MT]: waiting with 30.00s responsiveness timeout
2026-08-27 01:18:37.400 Df ReactTestApp[1584:8737de0] [com.apple.dt.xctest:Default] XCTPerformOnMainRunLoop[MT]: inside CFRunLoopPerform
2026-08-27 01:18:37.400 Df ReactTestApp[1584:8737de0] [com.apple.dt.xctest:Default] XCTPerformOnMainRunLoop[MT]: MT responded in time (won the race to the busy flag)
2026-08-27 01:18:37.400 Df ReactTestApp[1584:8738505] [com.apple.dt.xctest:Default] XCTPerformOnMainRunLoop[not MT]: waiting 60.00s for work to complete
2026-08-27 01:18:37.400 Df ReactTestApp[1584:8737de0] [com.apple.dt.xctest:Default] XCTElementQuery: set data source for rootElementSnapshot to <XCTAutomationSession: 0x10b2222d0>
2026-08-27 01:18:37.400 Df ReactTestApp[1584:8738505] [com.apple.dt.xctest:Default] Finding all matches with input Application, pid: 1584 using transformers
↪︎ Descendants matching type StaticText
2026-08-27 01:18:37.401 Df ReactTestApp[1584:8738505] [com.apple.dt.xctest:Default] [Match All] applied transformer `Descendants matching type StaticText` to input {(
    Application, pid: 1584
)}, found {(
    StaticText,
    StaticText,
    StaticText,
    StaticText,
    StaticText,
    StaticText,
    StaticText,
    StaticText,
    StaticText,
    StaticText,
    StaticText,
    StaticText,
    StaticText,
    StaticText,
    StaticText,
    StaticText,
    StaticText,
    StaticText,
    StaticText,
    StaticText,
    StaticText,
    StaticText,
    StaticText
)}
2026-08-27 01:18:37.401 Df ReactTestApp[1584:8738505] [com.apple.dt.xctest:Default] [Match All] setting out related elements {(
)}
2026-08-27 01:18:37.404 Df ReactTestApp[1584:8738505] [com.apple.dt.xctest:Default] Current tree:
Application, 0x119c47740, pid: 1584 <App element pid: 1584>
  Window (Main), 0x127fbd940 <AX element pid: 1584, elementOrHash.elementID: 4463036544.4>
    Other, 0x119cf3f40 <AX element pid: 1584, elementOrHash.elementID: 4607206464.68>
    Other, 0x127f70e40 <AX element pid: 1584, elementOrHash.elementID: 4462619648.5>
      Other, 0x119cf3ac0 <AX element pid: 1584, elementOrHash.elementID: 4534320000.6>
        Other, 0x127ff52c0 <AX element pid: 1584, elementOrHash.elementID: 4468801152.7>
          Other, 0x127cfc940 <AX element pid: 1584, elementOrHash.elementID: 4453470784.8>
            Other, 0x127fbd1c0 <AX element pid: 1584, elementOrHash.elementID: 4484017280.9>
              Other, 0x127fa0840 <AX element pid: 1584, elementOrHash.elementID: 4483838080.10>
                Other, 0x127ff5440 <AX element pid: 1584, elementOrHash.elementID: 4484174976.12>
                  Other, 0x114bfa0c0 <AX element pid: 1584, elementOrHash.elementID: 4689692800.14>
                    NavigationBar, 0x12<…>
2026-08-27 01:18:37.404 Df ReactTestApp[1584:8738505] [com.apple.dt.xctest:Default] Query ↪︎ Descendants matching type StaticText found matching snapshots: {(
    StaticText,
    StaticText,
    StaticText,
    StaticText,
    StaticText,
    StaticText,
    StaticText,
    StaticText,
    StaticText,
    StaticText,
    StaticText,
    StaticText,
    StaticText,
    StaticText,
    StaticText,
    StaticText,
    StaticText,
    StaticText,
    StaticText,
    StaticText,
    StaticText,
    StaticText,
    StaticText
)} (error: (null))
2026-08-27 01:18:37.411 Df ReactTestApp[1584:8738505] [com.apple.dt.xctest:Default] Replying to query ↪︎ Descendants matching type StaticText with results: <XCTElementQueryResults: 0x10eb65f10> (error: (null))
2026-08-27 01:18:37.416 Df ReactTestApp[1584:8738505] [com.apple.dt.xctest:Default] Received request to fetch matches for query: ↪︎ Descendants matching type Image
2026-08-27 01:18:37.416 Df ReactTestApp[1584:8738505] [com.apple.dt.xctest:Default] Evaluating query:
 ↪︎ Descendants matching type Image
2026-08-27 01:18:37.416 Df ReactTestApp[1584:8738505] [com.apple.dt.xctest:Default] Getting root element snapshot
2026-08-27 01:18:37.416 Df ReactTestApp[1584:8738505] [com.apple.dt.xctest:Default] Getting snapshot for App element pid: 1584 for query ↪︎ Descendants matching type Image
2026-08-27 01:18:37.416 Df ReactTestApp[1584:8738505] [com.apple.dt.xctest:Default] Query requires iOS snapshot attributes XC_kAXXCAttributeElementType, XC_kAXXCAttributeElementBaseType, XC_kAXXCAttributeAutomationType, XC_kAXXCAttributeTraits.
2026-08-27 01:18:37.416 Df ReactTestApp[1584:8738505] [com.apple.dt.xctest:Default] XCTPerformOnMainRunLoop[not MT]: about to CFRunLoopPerform
2026-08-27 01:18:37.416 Df ReactTestApp[1584:8738505] [com.apple.dt.xctest:Default] XCTPerformOnMainRunLoop[not MT]: waiting with 30.00s responsiveness timeout
2026-08-27 01:18:37.416 Df ReactTestApp[1584:8737de0] [com.apple.dt.xctest:Default] XCTPerformOnMainRunLoop[MT]: inside CFRunLoopPerform
2026-08-27 01:18:37.416 Df ReactTestApp[1584:8737de0] [com.apple.dt.xctest:Default] XCTPerformOnMainRunLoop[MT]: MT responded in time (won the race to the busy flag)
2026-08-27 01:18:37.416 Df ReactTestApp[1584:8738505] [com.apple.dt.xctest:Default] XCTPerformOnMainRunLoop[not MT]: waiting 60.00s for work to complete
2026-08-27 01:18:37.416 Df ReactTestApp[1584:8737de0] [com.apple.dt.xctest:Default] Got main window <AXUIElementRef 0x12afa6e10> {pid=1584} {uid=[ID:4 hash:0x10a048880]}
2026-08-27 01:18:37.416 Df ReactTestApp[1584:8737de0] [com.apple.dt.xctest:Default] Capturing hierarchy with attributes XC_kAXXCAttributeElementType, XC_kAXXCAttributeElementBaseType, XC_kAXXCAttributeParent, XC_kAXXCAttributeIdentifier, XC_kAXXCAttributeAutomationType, XC_kAXXCAttributeTraits
2026-08-27 01:18:37.417 Df ReactTestApp[1584:8737de0] [com.apple.dt.xctest:Default] Capturing hierarchy with parameters {
    attributes =     (
        5003,
        5004,
        5002,
        5019,
        5058,
        2004
    );
    maxArrayCount = 2147483647;
    maxChildren = 2147483647;
    maxDepth = 2147483647;
    snapshotKeyHonorModalViews = 0;
    traverseFromParentsToChildren = 1;
}
2026-08-27 01:18:37.417 Df ReactTestApp[1584:8737de0] [com.apple.dt.xctest:Default] Snapshot attributes 5003, 5004, 5002, 5019, 5058, 2004
2026-08-27 01:18:37.442 Df ReactTestApp[1584:8737de0] [com.apple.dt.xctest:Default] Got snapshot for <AXUIElementRef 0x12af9bb90> {pid=1584} {uid=[ID:1 hash:0x0]}
2026-08-27 01:18:37.442 Df ReactTestApp[1584:8737de0] [com.apple.dt.xctest:Default] Got app orientation 0
2026-08-27 01:18:37.442 Df ReactTestApp[1584:8737de0] [com.apple.dt.xctest:Default] Captured accessibility snapshot data in 0.03s
2026-08-27 01:18:37.442 Df ReactTestApp[1584:8738505] [com.apple.dt.xctest:Default] Found main window: Window
2026-08-27 01:18:37.443 Df ReactTestApp[1584:8738505] [com.apple.dt.xctest:Default] Preferring automation type 48 instead of legacy element type OTHER derived from class/trait: UILabel:UILabel 8590000128
2026-08-27 01:18:37.443 Df ReactTestApp[1584:8738505] [com.apple.dt.xctest:Default] Other is not actually a child of Other, including at this point anyway (rdar://problem/20738636)
2026-08-27 01:18:37.443 Df ReactTestApp[1584:8738505] [com.apple.dt.xctest:Default] Other is not actually a child of Other, including at this point anyway (rdar://problem/20738636)
2026-08-27 01:18:37.443 Df ReactTestApp[1584:8738505] [com.apple.dt.xctest:Default] Other is not actually a child of Other, including at this point anyway (rdar://problem/20738636)
2026-08-27 01:18:37.443 Df ReactTestApp[1584:8738505] [com.apple.dt.xctest:Default] Other is not actually a child of Other, including at this point anyway (rdar://problem/20738636)
2026-08-27 01:18:37.443 Df ReactTestApp[1584:8738505] [com.apple.dt.xctest:Default] Other is not actually a child of Other, including at this point anyway (rdar://problem/20738636)
2026-08-27 01:18:37.443 Df ReactTestApp[1584:8738505] [com.apple.dt.xctest:Default] Preferring automation type 24 instead of legacy element type OTHER derived from class/trait: _UIFloatingBarContainerView:_UIFloatingBarContainerView 8589934592
2026-08-27 01:18:37.444 Df ReactTestApp[1584:8738505] [com.apple.dt.xctest:Default] XCTPerformOnMainRunLoop[not MT]: about to CFRunLoopPerform
2026-08-27 01:18:37.444 Df ReactTestApp[1584:8738505] [com.apple.dt.xctest:Default] XCTPerformOnMainRunLoop[not MT]: waiting with 30.00s responsiveness timeout
2026-08-27 01:18:37.444 Df ReactTestApp[1584:8737de0] [com.apple.dt.xctest:Default] XCTPerformOnMainRunLoop[MT]: inside CFRunLoopPerform
2026-08-27 01:18:37.444 Df ReactTestApp[1584:8737de0] [com.apple.dt.xctest:Default] XCTPerformOnMainRunLoop[MT]: MT responded in time (won the race to the busy flag)
2026-08-27 01:18:37.444 Df ReactTestApp[1584:8737de0] [com.apple.dt.xctest:Default] XCTElementQuery: set data source for rootElementSnapshot to <XCTAutomationSession: 0x10b2222d0>
2026-08-27 01:18:37.444 Df ReactTestApp[1584:8738505] [com.apple.dt.xctest:Default] XCTPerformOnMainRunLoop[not MT]: waiting 60.00s for work to complete
2026-08-27 01:18:37.444 Df ReactTestApp[1584:8738505] [com.apple.dt.xctest:Default] Finding all matches with input Application, pid: 1584 using transformers
↪︎ Descendants matching type Image
2026-08-27 01:18:37.444 Df ReactTestApp[1584:8738505] [com.apple.dt.xctest:Default] [Match All] applied transformer `Descendants matching type Image` to input {(
    Application, pid: 1584
)}, found {(
    Image,
    Image
)}
2026-08-27 01:18:37.444 Df ReactTestApp[1584:8738505] [com.apple.dt.xctest:Default] [Match All] setting out related elements {(
)}
2026-08-27 01:18:37.447 Df ReactTestApp[1584:8738505] [com.apple.dt.xctest:Default] Current tree:
Application, 0x12f501540, pid: 1584 <App element pid: 1584>
  Window (Main), 0x119cc34c0 <AX element pid: 1584, elementOrHash.elementID: 4463036544.4>
    Other, 0x12f502140 <AX element pid: 1584, elementOrHash.elementID: 4607206464.68>
    Other, 0x12f5022c0 <AX element pid: 1584, elementOrHash.elementID: 4462619648.5>
      Other, 0x10e5538c0 <AX element pid: 1584, elementOrHash.elementID: 4534320000.6>
        Other, 0x12f5025c0 <AX element pid: 1584, elementOrHash.elementID: 4468801152.7>
          Other, 0x12f5013c0 <AX element pid: 1584, elementOrHash.elementID: 4453470784.8>
            Other, 0x12f501b40 <AX element pid: 1584, elementOrHash.elementID: 4484017280.9>
              Other, 0x12f5019c0 <AX element pid: 1584, elementOrHash.elementID: 4483838080.10>
                Other, 0x10ec85b40 <AX element pid: 1584, elementOrHash.elementID: 4484174976.12>
                  Other, 0x12f501cc0 <AX element pid: 1584, elementOrHash.elementID: 4689692800.14>
                    NavigationBar, 0x12<…>
2026-08-27 01:18:37.447 Df ReactTestApp[1584:8738505] [com.apple.dt.xctest:Default] Query ↪︎ Descendants matching type Image found matching snapshots: {(
    Image,
    Image
)} (error: (null))
2026-08-27 01:18:37.448 Df ReactTestApp[1584:8738505] [com.apple.dt.xctest:Default] Replying to query ↪︎ Descendants matching type Image with results: <XCTElementQueryResults: 0x109a1a5d0> (error: (null))
2026-08-27 01:18:37.451 Df ReactTestApp[1584:8738505] [com.apple.dt.xctest:Default] Received request to fetch matches for query: ↪︎ Descendants matching type Button
    ↪︎ Element at index 0
2026-08-27 01:18:37.451 Df ReactTestApp[1584:8738505] [com.apple.dt.xctest:Default] Evaluating query:
 ↪︎ Descendants matching type Button
    ↪︎ Element at index 0
2026-08-27 01:18:37.451 Df ReactTestApp[1584:8738505] [com.apple.dt.xctest:Default] Getting root element snapshot
2026-08-27 01:18:37.451 Df ReactTestApp[1584:8738505] [com.apple.dt.xctest:Default] Getting snapshot for App element pid: 1584 for query ↪︎ Descendants matching type Button
    ↪︎ Element at index 0
2026-08-27 01:18:37.451 Df ReactTestApp[1584:8738505] [com.apple.dt.xctest:Default] Query requires iOS snapshot attributes XC_kAXXCAttributeElementType, XC_kAXXCAttributeElementBaseType, XC_kAXXCAttributeAutomationType, XC_kAXXCAttributeTraits.
2026-08-27 01:18:37.451 Df ReactTestApp[1584:8738505] [com.apple.dt.xctest:Default] XCTPerformOnMainRunLoop[not MT]: about to CFRunLoopPerform
2026-08-27 01:18:37.451 Df ReactTestApp[1584:8738505] [com.apple.dt.xctest:Default] XCTPerformOnMainRunLoop[not MT]: waiting with 30.00s responsiveness timeout
2026-08-27 01:18:37.451 Df ReactTestApp[1584:8737de0] [com.apple.dt.xctest:Default] XCTPerformOnMainRunLoop[MT]: inside CFRunLoopPerform
2026-08-27 01:18:37.451 Df ReactTestApp[1584:8737de0] [com.apple.dt.xctest:Default] XCTPerformOnMainRunLoop[MT]: MT responded in time (won the race to the busy flag)
2026-08-27 01:18:37.451 Df ReactTestApp[1584:8738505] [com.apple.dt.xctest:Default] XCTPerformOnMainRunLoop[not MT]: waiting 60.00s for work to complete
2026-08-27 01:18:37.451 Df ReactTestApp[1584:8737de0] [com.apple.dt.xctest:Default] Got main window <AXUIElementRef 0x10ebee210> {pid=1584} {uid=[ID:4 hash:0x10a048880]}
2026-08-27 01:18:37.451 Df ReactTestApp[1584:8737de0] [com.apple.dt.xctest:Default] Capturing hierarchy with attributes XC_kAXXCAttributeElementType, XC_kAXXCAttributeElementBaseType, XC_kAXXCAttributeParent, XC_kAXXCAttributeIdentifier, XC_kAXXCAttributeAutomationType, XC_kAXXCAttributeTraits
2026-08-27 01:18:37.451 Df ReactTestApp[1584:8737de0] [com.apple.dt.xctest:Default] Capturing hierarchy with parameters {
    attributes =     (
        5003,
        5004,
        5002,
        5019,
        5058,
        2004
    );
    maxArrayCount = 2147483647;
    maxChildren = 2147483647;
    maxDepth = 2147483647;
    snapshotKeyHonorModalViews = 0;
    traverseFromParentsToChildren = 1;
}
2026-08-27 01:18:37.451 Df ReactTestApp[1584:8737de0] [com.apple.dt.xctest:Default] Snapshot attributes 5003, 5004, 5002, 5019, 5058, 2004
2026-08-27 01:18:37.477 Df ReactTestApp[1584:8737de0] [com.apple.dt.xctest:Default] Got snapshot for <AXUIElementRef 0x131226f90> {pid=1584} {uid=[ID:1 hash:0x0]}
2026-08-27 01:18:37.477 Df ReactTestApp[1584:8737de0] [com.apple.dt.xctest:Default] Got app orientation 0
2026-08-27 01:18:37.477 Df ReactTestApp[1584:8737de0] [com.apple.dt.xctest:Default] Captured accessibility snapshot data in 0.03s
2026-08-27 01:18:37.477 Df ReactTestApp[1584:8738505] [com.apple.dt.xctest:Default] Found main window: Window
2026-08-27 01:18:37.477 Df ReactTestApp[1584:8738505] [com.apple.dt.xctest:Default] Preferring automation type 48 instead of legacy element type OTHER derived from class/trait: UILabel:UILabel 8590000128
2026-08-27 01:18:37.477 Df ReactTestApp[1584:8738505] [com.apple.dt.xctest:Default] Other is not actually a child of Other, including at this point anyway (rdar://problem/20738636)
2026-08-27 01:18:37.478 Df ReactTestApp[1584:8738505] [com.apple.dt.xctest:Default] Other is not actually a child of Other, including at this point anyway (rdar://problem/20738636)
2026-08-27 01:18:37.478 Df ReactTestApp[1584:8738505] [com.apple.dt.xctest:Default] Other is not actually a child of Other, including at this point anyway (rdar://problem/20738636)
2026-08-27 01:18:37.478 Df ReactTestApp[1584:8738505] [com.apple.dt.xctest:Default] Other is not actually a child of Other, including at this point anyway (rdar://problem/20738636)
2026-08-27 01:18:37.478 Df ReactTestApp[1584:8738505] [com.apple.dt.xctest:Default] Other is not actually a child of Other, including at this point anyway (rdar://problem/20738636)
2026-08-27 01:18:37.478 Df ReactTestApp[1584:8738505] [com.apple.dt.xctest:Default] Preferring automation type 24 instead of legacy element type OTHER derived from class/trait: _UIFloatingBarContainerView:_UIFloatingBarContainerView 8589934592
2026-08-27 01:18:37.478 Df ReactTestApp[1584:8738505] [com.apple.dt.xctest:Default] XCTPerformOnMainRunLoop[not MT]: about to CFRunLoopPerform
2026-08-27 01:18:37.478 Df ReactTestApp[1584:8738505] [com.apple.dt.xctest:Default] XCTPerformOnMainRunLoop[not MT]: waiting with 30.00s responsiveness timeout
2026-08-27 01:18:37.478 Df ReactTestApp[1584:8737de0] [com.apple.dt.xctest:Default] XCTPerformOnMainRunLoop[MT]: inside CFRunLoopPerform
2026-08-27 01:18:37.478 Df ReactTestApp[1584:8737de0] [com.apple.dt.xctest:Default] XCTPerformOnMainRunLoop[MT]: MT responded in time (won the race to the busy flag)
2026-08-27 01:18:37.478 Df ReactTestApp[1584:8738505] [com.apple.dt.xctest:Default] XCTPerformOnMainRunLoop[not MT]: waiting 60.00s for work to complete
2026-08-27 01:18:37.478 Df ReactTestApp[1584:8737de0] [com.apple.dt.xctest:Default] XCTElementQuery: set data source for rootElementSnapshot to <XCTAutomationSession: 0x10b2222d0>
2026-08-27 01:18:37.478 Df ReactTestApp[1584:8738505] [com.apple.dt.xctest:Default] Finding all matches with input Application, pid: 1584 using transformers
↪︎ Descendants matching type Button
    ↪︎ Element at index 0
2026-08-27 01:18:37.479 Df ReactTestApp[1584:8738505] [com.apple.dt.xctest:Default] [Match All] applied transformer `Descendants matching type Button` to input {(
    Application, pid: 1584
)}, found {(
    Button, identifier: 'BackButton',
    Button, Selected,
    Button,
    Button,
    Button,
    Button
)}
2026-08-27 01:18:37.479 Df ReactTestApp[1584:8738505] [com.apple.dt.xctest:Default] [Match All] applied transformer `Element at index 0` to input {(
    Button, identifier: 'BackButton',
    Button, Selected,
    Button,
    Button,
    Button,
    Button
)}, found {(
    Button, identifier: 'BackButton'
)}
2026-08-27 01:18:37.479 Df ReactTestApp[1584:8738505] [com.apple.dt.xctest:Default] [Match All] setting out related elements {(
)}
2026-08-27 01:18:37.482 Df ReactTestApp[1584:8738505] [com.apple.dt.xctest:Default] Current tree:
Application, 0x119c9b5c0, pid: 1584 <App element pid: 1584>
  Window (Main), 0x114bfba40 <AX element pid: 1584, elementOrHash.elementID: 4463036544.4>
    Other, 0x119c75dc0 <AX element pid: 1584, elementOrHash.elementID: 4607206464.68>
    Other, 0x119c73b40 <AX element pid: 1584, elementOrHash.elementID: 4462619648.5>
      Other, 0x119cbe6c0 <AX element pid: 1584, elementOrHash.elementID: 4534320000.6>
        Other, 0x119c8ddc0 <AX element pid: 1584, elementOrHash.elementID: 4468801152.7>
          Other, 0x127fbf440 <AX element pid: 1584, elementOrHash.elementID: 4453470784.8>
            Other, 0x119c5b540 <AX element pid: 1584, elementOrHash.elementID: 4484017280.9>
              Other, 0x10aa418c0 <AX element pid: 1584, elementOrHash.elementID: 4483838080.10>
                Other, 0x127f14140 <AX element pid: 1584, elementOrHash.elementID: 4484174976.12>
                  Other, 0x119c75040 <AX element pid: 1584, elementOrHash.elementID: 4689692800.14>
                    NavigationBar, 0x12<…>
2026-08-27 01:18:37.482 Df ReactTestApp[1584:8738505] [com.apple.dt.xctest:Default] Query ↪︎ Descendants matching type Button
    ↪︎ Element at index 0 found matching snapshots: {(
    Button, identifier: 'BackButton'
)} (error: (null))
2026-08-27 01:18:37.483 Df ReactTestApp[1584:8738505] [com.apple.dt.xctest:Default] Replying to query ↪︎ Descendants matching type Button
    ↪︎ Element at index 0 with results: <XCTElementQueryResults: 0x10eb22990> (error: (null))
2026-08-27 01:18:37.485 Df ReactTestApp[1584:8738505] [com.apple.dt.xctest:Default] Received request to fetch matches for query: ↪︎ Descendants matching type Button
    ↪︎ Element at index 0
2026-08-27 01:18:37.485 Df ReactTestApp[1584:8738505] [com.apple.dt.xctest:Default] Evaluating query:
 ↪︎ Descendants matching type Button
    ↪︎ Element at index 0
2026-08-27 01:18:37.485 Df ReactTestApp[1584:8738505] [com.apple.dt.xctest:Default] Getting root element snapshot
2026-08-27 01:18:37.485 Df ReactTestApp[1584:8738505] [com.apple.dt.xctest:Default] Getting snapshot for App element pid: 1584 for query ↪︎ Descendants matching type Button
    ↪︎ Element at index 0
2026-08-27 01:18:37.485 Df ReactTestApp[1584:8738505] [com.apple.dt.xctest:Default] Query requires iOS snapshot attributes XC_kAXXCAttributeElementType, XC_kAXXCAttributeElementBaseType, XC_kAXXCAttributeAutomationType, XC_kAXXCAttributeTraits.
2026-08-27 01:18:37.485 Df ReactTestApp[1584:8738505] [com.apple.dt.xctest:Default] XCTPerformOnMainRunLoop[not MT]: about to CFRunLoopPerform
2026-08-27 01:18:37.485 Df ReactTestApp[1584:8738505] [com.apple.dt.xctest:Default] XCTPerformOnMainRunLoop[not MT]: waiting with 30.00s responsiveness timeout
2026-08-27 01:18:37.485 Df ReactTestApp[1584:8737de0] [com.apple.dt.xctest:Default] XCTPerformOnMainRunLoop[MT]: inside CFRunLoopPerform
2026-08-27 01:18:37.485 Df ReactTestApp[1584:8737de0] [com.apple.dt.xctest:Default] XCTPerformOnMainRunLoop[MT]: MT responded in time (won the race to the busy flag)
2026-08-27 01:18:37.485 Df ReactTestApp[1584:8738505] [com.apple.dt.xctest:Default] XCTPerformOnMainRunLoop[not MT]: waiting 60.00s for work to complete
2026-08-27 01:18:37.485 Df ReactTestApp[1584:8737de0] [com.apple.dt.xctest:Default] Got main window <AXUIElementRef 0x10eb23250> {pid=1584} {uid=[ID:4 hash:0x10a048880]}
2026-08-27 01:18:37.485 Df ReactTestApp[1584:8737de0] [com.apple.dt.xctest:Default] Capturing hierarchy with attributes XC_kAXXCAttributeElementType, XC_kAXXCAttributeElementBaseType, XC_kAXXCAttributeParent, XC_kAXXCAttributeIdentifier, XC_kAXXCAttributeAutomationType, XC_kAXXCAttributeTraits
2026-08-27 01:18:37.485 Df ReactTestApp[1584:8737de0] [com.apple.dt.xctest:Default] Capturing hierarchy with parameters {
    attributes =     (
        5003,
        5004,
        5002,
        5019,
        5058,
        2004
    );
    maxArrayCount = 2147483647;
    maxChildren = 2147483647;
    maxDepth = 2147483647;
    snapshotKeyHonorModalViews = 0;
    traverseFromParentsToChildren = 1;
}
2026-08-27 01:18:37.485 Df ReactTestApp[1584:8737de0] [com.apple.dt.xctest:Default] Snapshot attributes 5003, 5004, 5002, 5019, 5058, 2004
2026-08-27 01:18:37.511 Df ReactTestApp[1584:8737de0] [com.apple.dt.xctest:Default] Got snapshot for <AXUIElementRef 0x10e310850> {pid=1584} {uid=[ID:1 hash:0x0]}
2026-08-27 01:18:37.511 Df ReactTestApp[1584:8737de0] [com.apple.dt.xctest:Default] Got app orientation 0
2026-08-27 01:18:37.511 Df ReactTestApp[1584:8737de0] [com.apple.dt.xctest:Default] Captured accessibility snapshot data in 0.03s
2026-08-27 01:18:37.511 Df ReactTestApp[1584:8738505] [com.apple.dt.xctest:Default] Found main window: Window
2026-08-27 01:18:37.511 Df ReactTestApp[1584:8738505] [com.apple.dt.xctest:Default] Preferring automation type 48 instead of legacy element type OTHER derived from class/trait: UILabel:UILabel 8590000128
2026-08-27 01:18:37.512 Df ReactTestApp[1584:8738505] [com.apple.dt.xctest:Default] Other is not actually a child of Other, including at this point anyway (rdar://problem/20738636)
2026-08-27 01:18:37.512 Df ReactTestApp[1584:8738505] [com.apple.dt.xctest:Default] Other is not actually a child of Other, including at this point anyway (rdar://problem/20738636)
2026-08-27 01:18:37.512 Df ReactTestApp[1584:8738505] [com.apple.dt.xctest:Default] Other is not actually a child of Other, including at this point anyway (rdar://problem/20738636)
2026-08-27 01:18:37.512 Df ReactTestApp[1584:8738505] [com.apple.dt.xctest:Default] Other is not actually a child of Other, including at this point anyway (rdar://problem/20738636)
2026-08-27 01:18:37.512 Df ReactTestApp[1584:8738505] [com.apple.dt.xctest:Default] Other is not actually a child of Other, including at this point anyway (rdar://problem/20738636)
2026-08-27 01:18:37.512 Df ReactTestApp[1584:8738505] [com.apple.dt.xctest:Default] Preferring automation type 24 instead of legacy element type OTHER derived from class/trait: _UIFloatingBarContainerView:_UIFloatingBarContainerView 8589934592
2026-08-27 01:18:37.512 Df ReactTestApp[1584:8738505] [com.apple.dt.xctest:Default] XCTPerformOnMainRunLoop[not MT]: about to CFRunLoopPerform
2026-08-27 01:18:37.512 Df ReactTestApp[1584:8738505] [com.apple.dt.xctest:Default] XCTPerformOnMainRunLoop[not MT]: waiting with 30.00s responsiveness timeout
2026-08-27 01:18:37.512 Df ReactTestApp[1584:8737de0] [com.apple.dt.xctest:Default] XCTPerformOnMainRunLoop[MT]: inside CFRunLoopPerform
2026-08-27 01:18:37.512 Df ReactTestApp[1584:8737de0] [com.apple.dt.xctest:Default] XCTPerformOnMainRunLoop[MT]: MT responded in time (won the race to the busy flag)
2026-08-27 01:18:37.512 Df ReactTestApp[1584:8738505] [com.apple.dt.xctest:Default] XCTPerformOnMainRunLoop[not MT]: waiting 60.00s for work to complete
2026-08-27 01:18:37.512 Df ReactTestApp[1584:8737de0] [com.apple.dt.xctest:Default] XCTElementQuery: set data source for rootElementSnapshot to <XCTAutomationSession: 0x10b2222d0>
2026-08-27 01:18:37.512 Df ReactTestApp[1584:8738505] [com.apple.dt.xctest:Default] Finding all matches with input Application, pid: 1584 using transformers
↪︎ Descendants matching type Button
    ↪︎ Element at index 0
2026-08-27 01:18:37.513 Df ReactTestApp[1584:8738505] [com.apple.dt.xctest:Default] [Match All] applied transformer `Descendants matching type Button` to input {(
    Application, pid: 1584
)}, found {(
    Button, identifier: 'BackButton',
    Button, Selected,
    Button,
    Button,
    Button,
    Button
)}
2026-08-27 01:18:37.513 Df ReactTestApp[1584:8738505] [com.apple.dt.xctest:Default] [Match All] applied transformer `Element at index 0` to input {(
    Button, identifier: 'BackButton',
    Button, Selected,
    Button,
    Button,
    Button,
    Button
)}, found {(
    Button, identifier: 'BackButton'
)}
2026-08-27 01:18:37.513 Df ReactTestApp[1584:8738505] [com.apple.dt.xctest:Default] [Match All] setting out related elements {(
)}
2026-08-27 01:18:37.516 Df ReactTestApp[1584:8738505] [com.apple.dt.xctest:Default] Current tree:
Application, 0x10ecbb540, pid: 1584 <App element pid: 1584>
  Window (Main), 0x127c79540 <AX element pid: 1584, elementOrHash.elementID: 4463036544.4>
    Other, 0x127f505c0 <AX element pid: 1584, elementOrHash.elementID: 4607206464.68>
    Other, 0x119ca4140 <AX element pid: 1584, elementOrHash.elementID: 4462619648.5>
      Other, 0x127c78dc0 <AX element pid: 1584, elementOrHash.elementID: 4534320000.6>
        Other, 0x127fc76c0 <AX element pid: 1584, elementOrHash.elementID: 4468801152.7>
          Other, 0x10ecb9d40 <AX element pid: 1584, elementOrHash.elementID: 4453470784.8>
            Other, 0x10ecba4c0 <AX element pid: 1584, elementOrHash.elementID: 4484017280.9>
              Other, 0x127c75340 <AX element pid: 1584, elementOrHash.elementID: 4483838080.10>
                Other, 0x114b84ac0 <AX element pid: 1584, elementOrHash.elementID: 4484174976.12>
                  Other, 0x127c9ea40 <AX element pid: 1584, elementOrHash.elementID: 4689692800.14>
                    NavigationBar, 0x10<…>
2026-08-27 01:18:37.516 Df ReactTestApp[1584:8738505] [com.apple.dt.xctest:Default] Query ↪︎ Descendants matching type Button
    ↪︎ Element at index 0 found matching snapshots: {(
    Button, identifier: 'BackButton'
)} (error: (null))
2026-08-27 01:18:37.516 Df ReactTestApp[1584:8738505] [com.apple.dt.xctest:Default] Replying to query ↪︎ Descendants matching type Button
    ↪︎ Element at index 0 with results: <XCTElementQueryResults: 0x110c665d0> (error: (null))
2026-08-27 01:18:37.518 Df ReactTestApp[1584:8738505] [com.apple.dt.xctest:Default] Received attributes request for element: AX element pid: 1584, elementOrHash.elementID: 4459555776.168. Attributes: (
    "XC_kAXXCAttributeFrame",
    "XC_kAXXCAttributeWindowDisplayId",
    "XC_kAXXCAttributeWindowContextId"
)
2026-08-27 01:18:37.518 Df ReactTestApp[1584:8738505] [com.apple.dt.xctest:Default] XCTPerformOnMainRunLoop[not MT]: about to CFRunLoopPerform
2026-08-27 01:18:37.518 Df ReactTestApp[1584:8738505] [com.apple.dt.xctest:Default] XCTPerformOnMainRunLoop[not MT]: waiting with 30.00s responsiveness timeout
2026-08-27 01:18:37.518 Df ReactTestApp[1584:8737de0] [com.apple.dt.xctest:Default] XCTPerformOnMainRunLoop[MT]: inside CFRunLoopPerform
2026-08-27 01:18:37.518 Df ReactTestApp[1584:8737de0] [com.apple.dt.xctest:Default] XCTPerformOnMainRunLoop[MT]: MT responded in time (won the race to the busy flag)
2026-08-27 01:18:37.518 Df ReactTestApp[1584:8738505] [com.apple.dt.xctest:Default] XCTPerformOnMainRunLoop[not MT]: waiting 60.00s for work to complete
2026-08-27 01:18:37.518 Df ReactTestApp[1584:8737de0] [com.apple.dt.xctest:Default] Fetching AX attributes XC_kAXXCAttributeFrame, XC_kAXXCAttributeWindowDisplayId, XC_kAXXCAttributeWindowContextId for AX element pid: 1584, elementOrHash.elementID: 4459555776.168
2026-08-27 01:18:37.518 Df ReactTestApp[1584:8737de0] [com.apple.dt.xctest:Default] Got attributes, transferring to dictionary for return.
2026-08-27 01:18:37.518 Df ReactTestApp[1584:8738505] [com.apple.dt.xctest:Default] Replying with attribute values: {
    "XC_kAXXCAttributeFrame" =     {
        Height = 44;
        Width = 44;
        X = 16;
        Y = 62;
    };
    "XC_kAXXCAttributeWindowContextId" = 1508916392;
    "XC_kAXXCAttributeWindowDisplayId" = 1;
}
2026-08-27 01:18:37.521 Df ReactTestApp[1584:8738505] [com.apple.dt.xctest:Default] Received attributes request for element: AX element pid: 1584, elementOrHash.elementID: 4459555776.168. Attributes: (
    "XC_kAXXCAttributeLabel"
)
2026-08-27 01:18:37.521 Df ReactTestApp[1584:8738505] [com.apple.dt.xctest:Default] XCTPerformOnMainRunLoop[not MT]: about to CFRunLoopPerform
2026-08-27 01:18:37.521 Df ReactTestApp[1584:8738505] [com.apple.dt.xctest:Default] XCTPerformOnMainRunLoop[not MT]: waiting with 30.00s responsiveness timeout
2026-08-27 01:18:37.521 Df ReactTestApp[1584:8737de0] [com.apple.dt.xctest:Default] XCTPerformOnMainRunLoop[MT]: inside CFRunLoopPerform
2026-08-27 01:18:37.521 Df ReactTestApp[1584:8737de0] [com.apple.dt.xctest:Default] XCTPerformOnMainRunLoop[MT]: MT responded in time (won the race to the busy flag)
2026-08-27 01:18:37.521 Df ReactTestApp[1584:8737de0] [com.apple.dt.xctest:Default] Fetching AX attributes XC_kAXXCAttributeLabel for AX element pid: 1584, elementOrHash.elementID: 4459555776.168
2026-08-27 01:18:37.521 Df ReactTestApp[1584:8738505] [com.apple.dt.xctest:Default] XCTPerformOnMainRunLoop[not MT]: waiting 60.00s for work to complete
2026-08-27 01:18:37.521 Df ReactTestApp[1584:8737de0] [com.apple.dt.xctest:Default] Got attributes, transferring to dictionary for return.
2026-08-27 01:18:37.522 Df ReactTestApp[1584:8737de0] [com.apple.dt.xctest:Default] Checking 'BottomTabs Example' for privileged AX value slot attributes
2026-08-27 01:18:37.522 Df ReactTestApp[1584:8738505] [com.apple.dt.xctest:Default] Replying with attribute values: {
    "XC_kAXXCAttributeLabel" = "BottomTabs Example";
}
2026-08-27 01:18:37.522 Df ReactTestApp[1584:8738505] [com.apple.dt.xctest:Default] Received attributes request for element: AX element pid: 1584, elementOrHash.elementID: 4459555776.168. Attributes: (
    "XC_kAXXCAttributeValue"
)
2026-08-27 01:18:37.523 Df ReactTestApp[1584:8738505] [com.apple.dt.xctest:Default] XCTPerformOnMainRunLoop[not MT]: about to CFRunLoopPerform
2026-08-27 01:18:37.523 Df ReactTestApp[1584:8738505] [com.apple.dt.xctest:Default] XCTPerformOnMainRunLoop[not MT]: waiting with 30.00s responsiveness timeout
2026-08-27 01:18:37.523 Df ReactTestApp[1584:8737de0] [com.apple.dt.xctest:Default] XCTPerformOnMainRunLoop[MT]: inside CFRunLoopPerform
2026-08-27 01:18:37.523 Df ReactTestApp[1584:8737de0] [com.apple.dt.xctest:Default] XCTPerformOnMainRunLoop[MT]: MT responded in time (won the race to the busy flag)
2026-08-27 01:18:37.523 Df ReactTestApp[1584:8738505] [com.apple.dt.xctest:Default] XCTPerformOnMainRunLoop[not MT]: waiting 60.00s for work to complete
2026-08-27 01:18:37.523 Df ReactTestApp[1584:8737de0] [com.apple.dt.xctest:Default] Fetching AX attributes XC_kAXXCAttributeValue for AX element pid: 1584, elementOrHash.elementID: 4459555776.168
2026-08-27 01:18:37.523 Df ReactTestApp[1584:8737de0] [com.apple.dt.xctest:Default] Got attributes, transferring to dictionary for return.
2026-08-27 01:18:37.523 Df ReactTestApp[1584:8738505] [com.apple.dt.xctest:Default] Replying with attribute values: {
}
2026-08-27 01:18:37.524 Df ReactTestApp[1584:8738505] [com.apple.dt.xctest:Default] Received attributes request for element: AX element pid: 1584, elementOrHash.elementID: 4459555776.168. Attributes: (
    "XC_kAXXCAttributePlaceholderValue"
)
2026-08-27 01:18:37.524 Df ReactTestApp[1584:8738505] [com.apple.dt.xctest:Default] XCTPerformOnMainRunLoop[not MT]: about to CFRunLoopPerform
2026-08-27 01:18:37.524 Df ReactTestApp[1584:8738505] [com.apple.dt.xctest:Default] XCTPerformOnMainRunLoop[not MT]: waiting with 30.00s responsiveness timeout
2026-08-27 01:18:37.524 Df ReactTestApp[1584:8737de0] [com.apple.dt.xctest:Default] XCTPerformOnMainRunLoop[MT]: inside CFRunLoopPerform
2026-08-27 01:18:37.524 Df ReactTestApp[1584:8737de0] [com.apple.dt.xctest:Default] XCTPerformOnMainRunLoop[MT]: MT responded in time (won the race to the busy flag)
2026-08-27 01:18:37.524 Df ReactTestApp[1584:8738505] [com.apple.dt.xctest:Default] XCTPerformOnMainRunLoop[not MT]: waiting 60.00s for work to complete
2026-08-27 01:18:37.524 Df ReactTestApp[1584:8737de0] [com.apple.dt.xctest:Default] Fetching AX attributes XC_kAXXCAttributePlaceholderValue for AX element pid: 1584, elementOrHash.elementID: 4459555776.168
2026-08-27 01:18:37.524 Df ReactTestApp[1584:8737de0] [com.apple.dt.xctest:Default] Got attributes, transferring to dictionary for return.
2026-08-27 01:18:37.524 Df ReactTestApp[1584:8738505] [com.apple.dt.xctest:Default] Replying with attribute values: {
}
2026-08-27 01:18:37.525 Df ReactTestApp[1584:8738505] [com.apple.dt.xctest:Default] Received request to fetch matches for query: ↪︎ Descendants matching type Button
    ↪︎ Element at index 0
2026-08-27 01:18:37.525 Df ReactTestApp[1584:8738505] [com.apple.dt.xctest:Default] Evaluating query:
 ↪︎ Descendants matching type Button
    ↪︎ Element at index 0
2026-08-27 01:18:37.525 Df ReactTestApp[1584:8738505] [com.apple.dt.xctest:Default] Getting root element snapshot
2026-08-27 01:18:37.525 Df ReactTestApp[1584:8738505] [com.apple.dt.xctest:Default] Getting snapshot for App element pid: 1584 for query ↪︎ Descendants matching type Button
    ↪︎ Element at index 0
2026-08-27 01:18:37.525 Df ReactTestApp[1584:8738505] [com.apple.dt.xctest:Default] Query requires iOS snapshot attributes XC_kAXXCAttributeElementType, XC_kAXXCAttributeElementBaseType, XC_kAXXCAttributeAutomationType, XC_kAXXCAttributeTraits.
2026-08-27 01:18:37.525 Df ReactTestApp[1584:8738505] [com.apple.dt.xctest:Default] XCTPerformOnMainRunLoop[not MT]: about to CFRunLoopPerform
2026-08-27 01:18:37.525 Df ReactTestApp[1584:8738505] [com.apple.dt.xctest:Default] XCTPerformOnMainRunLoop[not MT]: waiting with 30.00s responsiveness timeout
2026-08-27 01:18:37.525 Df ReactTestApp[1584:8737de0] [com.apple.dt.xctest:Default] XCTPerformOnMainRunLoop[MT]: inside CFRunLoopPerform
2026-08-27 01:18:37.525 Df ReactTestApp[1584:8737de0] [com.apple.dt.xctest:Default] XCTPerformOnMainRunLoop[MT]: MT responded in time (won the race to the busy flag)
2026-08-27 01:18:37.525 Df ReactTestApp[1584:8738505] [com.apple.dt.xctest:Default] XCTPerformOnMainRunLoop[not MT]: waiting 60.00s for work to complete
2026-08-27 01:18:37.526 Df ReactTestApp[1584:8737de0] [com.apple.dt.xctest:Default] Got main window <AXUIElementRef 0x110c42a50> {pid=1584} {uid=[ID:4 hash:0x10a048880]}
2026-08-27 01:18:37.526 Df ReactTestApp[1584:8737de0] [com.apple.dt.xctest:Default] Capturing hierarchy with attributes XC_kAXXCAttributeElementType, XC_kAXXCAttributeElementBaseType, XC_kAXXCAttributeParent, XC_kAXXCAttributeIdentifier, XC_kAXXCAttributeAutomationType, XC_kAXXCAttributeTraits
2026-08-27 01:18:37.526 Df ReactTestApp[1584:8737de0] [com.apple.dt.xctest:Default] Capturing hierarchy with parameters {
    attributes =     (
        5003,
        5004,
        5002,
        5019,
        5058,
        2004
    );
    maxArrayCount = 2147483647;
    maxChildren = 2147483647;
    maxDepth = 2147483647;
    snapshotKeyHonorModalViews = 0;
    traverseFromParentsToChildren = 1;
}
2026-08-27 01:18:37.526 Df ReactTestApp[1584:8737de0] [com.apple.dt.xctest:Default] Snapshot attributes 5003, 5004, 5002, 5019, 5058, 2004
2026-08-27 01:18:37.551 Df ReactTestApp[1584:8737de0] [com.apple.dt.xctest:Default] Got snapshot for <AXUIElementRef 0x10eb083d0> {pid=1584} {uid=[ID:1 hash:0x0]}
2026-08-27 01:18:37.551 Df ReactTestApp[1584:8737de0] [com.apple.dt.xctest:Default] Got app orientation 0
2026-08-27 01:18:37.551 Df ReactTestApp[1584:8737de0] [com.apple.dt.xctest:Default] Captured accessibility snapshot data in 0.03s
2026-08-27 01:18:37.551 Df ReactTestApp[1584:8738505] [com.apple.dt.xctest:Default] Found main window: Window
2026-08-27 01:18:37.552 Df ReactTestApp[1584:8738505] [com.apple.dt.xctest:Default] Preferring automation type 48 instead of legacy element type OTHER derived from class/trait: UILabel:UILabel 8590000128
2026-08-27 01:18:37.552 Df ReactTestApp[1584:8738505] [com.apple.dt.xctest:Default] Other is not actually a child of Other, including at this point anyway (rdar://problem/20738636)
2026-08-27 01:18:37.552 Df ReactTestApp[1584:8738505] [com.apple.dt.xctest:Default] Other is not actually a child of Other, including at this point anyway (rdar://problem/20738636)
2026-08-27 01:18:37.552 Df ReactTestApp[1584:8738505] [com.apple.dt.xctest:Default] Other is not actually a child of Other, including at this point anyway (rdar://problem/20738636)
2026-08-27 01:18:37.552 Df ReactTestApp[1584:8738505] [com.apple.dt.xctest:Default] Other is not actually a child of Other, including at this point anyway (rdar://problem/20738636)
2026-08-27 01:18:37.552 Df ReactTestApp[1584:8738505] [com.apple.dt.xctest:Default] Other is not actually a child of Other, including at this point anyway (rdar://problem/20738636)
2026-08-27 01:18:37.552 Df ReactTestApp[1584:8738505] [com.apple.dt.xctest:Default] Preferring automation type 24 instead of legacy element type OTHER derived from class/trait: _UIFloatingBarContainerView:_UIFloatingBarContainerView 8589934592
2026-08-27 01:18:37.553 Df ReactTestApp[1584:8738505] [com.apple.dt.xctest:Default] XCTPerformOnMainRunLoop[not MT]: about to CFRunLoopPerform
2026-08-27 01:18:37.553 Df ReactTestApp[1584:8738505] [com.apple.dt.xctest:Default] XCTPerformOnMainRunLoop[not MT]: waiting with 30.00s responsiveness timeout
2026-08-27 01:18:37.553 Df ReactTestApp[1584:8737de0] [com.apple.dt.xctest:Default] XCTPerformOnMainRunLoop[MT]: inside CFRunLoopPerform
2026-08-27 01:18:37.553 Df ReactTestApp[1584:8737de0] [com.apple.dt.xctest:Default] XCTPerformOnMainRunLoop[MT]: MT responded in time (won the race to the busy flag)
2026-08-27 01:18:37.553 Df ReactTestApp[1584:8737de0] [com.apple.dt.xctest:Default] XCTElementQuery: set data source for rootElementSnapshot to <XCTAutomationSession: 0x10b2222d0>
2026-08-27 01:18:37.553 Df ReactTestApp[1584:8738505] [com.apple.dt.xctest:Default] XCTPerformOnMainRunLoop[not MT]: waiting 60.00s for work to complete
2026-08-27 01:18:37.553 Df ReactTestApp[1584:8738505] [com.apple.dt.xctest:Default] Finding all matches with input Application, pid: 1584 using transformers
↪︎ Descendants matching type Button
    ↪︎ Element at index 0
2026-08-27 01:18:37.553 Df ReactTestApp[1584:8738505] [com.apple.dt.xctest:Default] [Match All] applied transformer `Descendants matching type Button` to input {(
    Application, pid: 1584
)}, found {(
    Button, identifier: 'BackButton',
    Button, Selected,
    Button,
    Button,
    Button,
    Button
)}
2026-08-27 01:18:37.553 Df ReactTestApp[1584:8738505] [com.apple.dt.xctest:Default] [Match All] applied transformer `Element at index 0` to input {(
    Button, identifier: 'BackButton',
    Button, Selected,
    Button,
    Button,
    Button,
    Button
)}, found {(
    Button, identifier: 'BackButton'
)}
2026-08-27 01:18:37.553 Df ReactTestApp[1584:8738505] [com.apple.dt.xctest:Default] [Match All] setting out related elements {(
)}
2026-08-27 01:18:37.557 Df ReactTestApp[1584:8738505] [com.apple.dt.xctest:Default] Current tree:
Application, 0x12f502ec0, pid: 1584 <App element pid: 1584>
  Window (Main), 0x12f502440 <AX element pid: 1584, elementOrHash.elementID: 4463036544.4>
    Other, 0x12f503340 <AX element pid: 1584, elementOrHash.elementID: 4607206464.68>
    Other, 0x12f503040 <AX element pid: 1584, elementOrHash.elementID: 4462619648.5>
      Other, 0x12f5031c0 <AX element pid: 1584, elementOrHash.elementID: 4534320000.6>
        Other, 0x12f502bc0 <AX element pid: 1584, elementOrHash.elementID: 4468801152.7>
          Other, 0x127c682c0 <AX element pid: 1584, elementOrHash.elementID: 4453470784.8>
            Other, 0x119cf3640 <AX element pid: 1584, elementOrHash.elementID: 4484017280.9>
              Other, 0x127fc6940 <AX element pid: 1584, elementOrHash.elementID: 4483838080.10>
                Other, 0x127c676c0 <AX element pid: 1584, elementOrHash.elementID: 4484174976.12>
                  Other, 0x10e5910c0 <AX element pid: 1584, elementOrHash.elementID: 4689692800.14>
                    NavigationBar, 0x10<…>
2026-08-27 01:18:37.557 Df ReactTestApp[1584:8738505] [com.apple.dt.xctest:Default] Query ↪︎ Descendants matching type Button
    ↪︎ Element at index 0 found matching snapshots: {(
    Button, identifier: 'BackButton'
)} (error: (null))
2026-08-27 01:18:37.557 Df ReactTestApp[1584:8738505] [com.apple.dt.xctest:Default] Replying to query ↪︎ Descendants matching type Button
    ↪︎ Element at index 0 with results: <XCTElementQueryResults: 0x110c8b890> (error: (null))
2026-08-27 01:18:37.559 Df ReactTestApp[1584:8738505] [com.apple.dt.xctest:Default] Received attributes request for element: AX element pid: 1584, elementOrHash.elementID: 4459555776.168. Attributes: (
    "XC_kAXXCAttributeLabel"
)
2026-08-27 01:18:37.559 Df ReactTestApp[1584:8737e18] [com.apple.dt.xctest:Default] XCTPerformOnMainRunLoop[not MT]: about to CFRunLoopPerform
2026-08-27 01:18:37.559 Df ReactTestApp[1584:8737e18] [com.apple.dt.xctest:Default] XCTPerformOnMainRunLoop[not MT]: waiting with 30.00s responsiveness timeout
2026-08-27 01:18:37.559 Df ReactTestApp[1584:8737de0] [com.apple.dt.xctest:Default] XCTPerformOnMainRunLoop[MT]: inside CFRunLoopPerform
2026-08-27 01:18:37.559 Df ReactTestApp[1584:8737de0] [com.apple.dt.xctest:Default] XCTPerformOnMainRunLoop[MT]: MT responded in time (won the race to the busy flag)
2026-08-27 01:18:37.559 Df ReactTestApp[1584:8737e18] [com.apple.dt.xctest:Default] XCTPerformOnMainRunLoop[not MT]: waiting 60.00s for work to complete
2026-08-27 01:18:37.559 Df ReactTestApp[1584:8737de0] [com.apple.dt.xctest:Default] Fetching AX attributes XC_kAXXCAttributeLabel for AX element pid: 1584, elementOrHash.elementID: 4459555776.168
2026-08-27 01:18:37.559 Df ReactTestApp[1584:8737de0] [com.apple.dt.xctest:Default] Got attributes, transferring to dictionary for return.
2026-08-27 01:18:37.559 Df ReactTestApp[1584:8737de0] [com.apple.dt.xctest:Default] Checking 'BottomTabs Example' for privileged AX value slot attributes
2026-08-27 01:18:37.559 Df ReactTestApp[1584:8737e18] [com.apple.dt.xctest:Default] Replying with attribute values: {
    "XC_kAXXCAttributeLabel" = "BottomTabs Example";
}
2026-08-27 01:18:37.560 Df ReactTestApp[1584:8737e18] [com.apple.dt.xctest:Default] Received attributes request for element: AX element pid: 1584, elementOrHash.elementID: 4459555776.168. Attributes: (
    "XC_kAXXCAttributeValue"
)
2026-08-27 01:18:37.560 Df ReactTestApp[1584:8738505] [com.apple.dt.xctest:Default] XCTPerformOnMainRunLoop[not MT]: about to CFRunLoopPerform
2026-08-27 01:18:37.560 Df ReactTestApp[1584:8738505] [com.apple.dt.xctest:Default] XCTPerformOnMainRunLoop[not MT]: waiting with 30.00s responsiveness timeout
2026-08-27 01:18:37.560 Df ReactTestApp[1584:8737de0] [com.apple.dt.xctest:Default] XCTPerformOnMainRunLoop[MT]: inside CFRunLoopPerform
2026-08-27 01:18:37.560 Df ReactTestApp[1584:8737de0] [com.apple.dt.xctest:Default] XCTPerformOnMainRunLoop[MT]: MT responded in time (won the race to the busy flag)
2026-08-27 01:18:37.560 Df ReactTestApp[1584:8738505] [com.apple.dt.xctest:Default] XCTPerformOnMainRunLoop[not MT]: waiting 60.00s for work to complete
2026-08-27 01:18:37.560 Df ReactTestApp[1584:8737de0] [com.apple.dt.xctest:Default] Fetching AX attributes XC_kAXXCAttributeValue for AX element pid: 1584, elementOrHash.elementID: 4459555776.168
2026-08-27 01:18:37.560 Df ReactTestApp[1584:8737de0] [com.apple.dt.xctest:Default] Got attributes, transferring to dictionary for return.
2026-08-27 01:18:37.560 Df ReactTestApp[1584:8738505] [com.apple.dt.xctest:Default] Replying with attribute values: {
}
2026-08-27 01:18:37.561 Df ReactTestApp[1584:8738505] [com.apple.dt.xctest:Default] Received attributes request for element: AX element pid: 1584, elementOrHash.elementID: 4459555776.168. Attributes: (
    "XC_kAXXCAttributePlaceholderValue"
)
2026-08-27 01:18:37.561 Df ReactTestApp[1584:8738505] [com.apple.dt.xctest:Default] XCTPerformOnMainRunLoop[not MT]: about to CFRunLoopPerform
2026-08-27 01:18:37.561 Df ReactTestApp[1584:8737de0] [com.apple.dt.xctest:Default] XCTPerformOnMainRunLoop[MT]: inside CFRunLoopPerform
2026-08-27 01:18:37.561 Df ReactTestApp[1584:8738505] [com.apple.dt.xctest:Default] XCTPerformOnMainRunLoop[not MT]: waiting with 30.00s responsiveness timeout
2026-08-27 01:18:37.561 Df ReactTestApp[1584:8737de0] [com.apple.dt.xctest:Default] XCTPerformOnMainRunLoop[MT]: MT responded in time (won the race to the busy flag)
2026-08-27 01:18:37.561 Df ReactTestApp[1584:8738505] [com.apple.dt.xctest:Default] XCTPerformOnMainRunLoop[not MT]: waiting 60.00s for work to complete
2026-08-27 01:18:37.561 Df ReactTestApp[1584:8737de0] [com.apple.dt.xctest:Default] Fetching AX attributes XC_kAXXCAttributePlaceholderValue for AX element pid: 1584, elementOrHash.elementID: 4459555776.168
2026-08-27 01:18:37.561 Df ReactTestApp[1584:8737de0] [com.apple.dt.xctest:Default] Got attributes, transferring to dictionary for return.
2026-08-27 01:18:37.561 Df ReactTestApp[1584:8738505] [com.apple.dt.xctest:Default] Replying with attribute values: {
}
2026-08-27 01:18:37.563 Df ReactTestApp[1584:8738505] [com.apple.dt.xctest:Default] Received request to fetch matches for query: ↪︎ Descendants matching type Button
    ↪︎ Element at index 0
2026-08-27 01:18:37.563 Df ReactTestApp[1584:8737e18] [com.apple.dt.xctest:Default] Evaluating query:
 ↪︎ Descendants matching type Button
    ↪︎ Element at index 0
2026-08-27 01:18:37.563 Df ReactTestApp[1584:8737e18] [com.apple.dt.xctest:Default] Getting root element snapshot
2026-08-27 01:18:37.563 Df ReactTestApp[1584:8737e18] [com.apple.dt.xctest:Default] Getting snapshot for App element pid: 1584 for query ↪︎ Descendants matching type Button
    ↪︎ Element at index 0
2026-08-27 01:18:37.563 Df ReactTestApp[1584:8737e18] [com.apple.dt.xctest:Default] Query requires iOS snapshot attributes XC_kAXXCAttributeElementType, XC_kAXXCAttributeElementBaseType, XC_kAXXCAttributeAutomationType, XC_kAXXCAttributeTraits.
2026-08-27 01:18:37.563 Df ReactTestApp[1584:8737e18] [com.apple.dt.xctest:Default] XCTPerformOnMainRunLoop[not MT]: about to CFRunLoopPerform
2026-08-27 01:18:37.563 Df ReactTestApp[1584:8737e18] [com.apple.dt.xctest:Default] XCTPerformOnMainRunLoop[not MT]: waiting with 30.00s responsiveness timeout
2026-08-27 01:18:37.563 Df ReactTestApp[1584:8737de0] [com.apple.dt.xctest:Default] XCTPerformOnMainRunLoop[MT]: inside CFRunLoopPerform
2026-08-27 01:18:37.563 Df ReactTestApp[1584:8737de0] [com.apple.dt.xctest:Default] XCTPerformOnMainRunLoop[MT]: MT responded in time (won the race to the busy flag)
2026-08-27 01:18:37.563 Df ReactTestApp[1584:8737e18] [com.apple.dt.xctest:Default] XCTPerformOnMainRunLoop[not MT]: waiting 60.00s for work to complete
2026-08-27 01:18:37.563 Df ReactTestApp[1584:8737de0] [com.apple.dt.xctest:Default] Got main window <AXUIElementRef 0x109a01290> {pid=1584} {uid=[ID:4 hash:0x10a048880]}
2026-08-27 01:18:37.563 Df ReactTestApp[1584:8737de0] [com.apple.dt.xctest:Default] Capturing hierarchy with attributes XC_kAXXCAttributeElementType, XC_kAXXCAttributeElementBaseType, XC_kAXXCAttributeParent, XC_kAXXCAttributeIdentifier, XC_kAXXCAttributeAutomationType, XC_kAXXCAttributeTraits
2026-08-27 01:18:37.564 Df ReactTestApp[1584:8737de0] [com.apple.dt.xctest:Default] Capturing hierarchy with parameters {
    attributes =     (
        5003,
        5004,
        5002,
        5019,
        5058,
        2004
    );
    maxArrayCount = 2147483647;
    maxChildren = 2147483647;
    maxDepth = 2147483647;
    snapshotKeyHonorModalViews = 0;
    traverseFromParentsToChildren = 1;
}
2026-08-27 01:18:37.564 Df ReactTestApp[1584:8737de0] [com.apple.dt.xctest:Default] Snapshot attributes 5003, 5004, 5002, 5019, 5058, 2004
2026-08-27 01:18:37.589 Df ReactTestApp[1584:8737de0] [com.apple.dt.xctest:Default] Got snapshot for <AXUIElementRef 0x12afcdc50> {pid=1584} {uid=[ID:1 hash:0x0]}
2026-08-27 01:18:37.589 Df ReactTestApp[1584:8737de0] [com.apple.dt.xctest:Default] Got app orientation 0
2026-08-27 01:18:37.589 Df ReactTestApp[1584:8737de0] [com.apple.dt.xctest:Default] Captured accessibility snapshot data in 0.03s
2026-08-27 01:18:37.589 Df ReactTestApp[1584:8737e18] [com.apple.dt.xctest:Default] Found main window: Window
2026-08-27 01:18:37.589 Df ReactTestApp[1584:8737e18] [com.apple.dt.xctest:Default] Preferring automation type 48 instead of legacy element type OTHER derived from class/trait: UILabel:UILabel 8590000128
2026-08-27 01:18:37.590 Df ReactTestApp[1584:8737e18] [com.apple.dt.xctest:Default] Other is not actually a child of Other, including at this point anyway (rdar://problem/20738636)
2026-08-27 01:18:37.590 Df ReactTestApp[1584:8737e18] [com.apple.dt.xctest:Default] Other is not actually a child of Other, including at this point anyway (rdar://problem/20738636)
2026-08-27 01:18:37.590 Df ReactTestApp[1584:8737e18] [com.apple.dt.xctest:Default] Other is not actually a child of Other, including at this point anyway (rdar://problem/20738636)
2026-08-27 01:18:37.590 Df ReactTestApp[1584:8737e18] [com.apple.dt.xctest:Default] Other is not actually a child of Other, including at this point anyway (rdar://problem/20738636)
2026-08-27 01:18:37.590 Df ReactTestApp[1584:8737e18] [com.apple.dt.xctest:Default] Other is not actually a child of Other, including at this point anyway (rdar://problem/20738636)
2026-08-27 01:18:37.590 Df ReactTestApp[1584:8737e18] [com.apple.dt.xctest:Default] Preferring automation type 24 instead of legacy element type OTHER derived from class/trait: _UIFloatingBarContainerView:_UIFloatingBarContainerView 8589934592
2026-08-27 01:18:37.590 Df ReactTestApp[1584:8737e18] [com.apple.dt.xctest:Default] XCTPerformOnMainRunLoop[not MT]: about to CFRunLoopPerform
2026-08-27 01:18:37.590 Df ReactTestApp[1584:8737e18] [com.apple.dt.xctest:Default] XCTPerformOnMainRunLoop[not MT]: waiting with 30.00s responsiveness timeout
2026-08-27 01:18:37.590 Df ReactTestApp[1584:8737de0] [com.apple.dt.xctest:Default] XCTPerformOnMainRunLoop[MT]: inside CFRunLoopPerform
2026-08-27 01:18:37.590 Df ReactTestApp[1584:8737de0] [com.apple.dt.xctest:Default] XCTPerformOnMainRunLoop[MT]: MT responded in time (won the race to the busy flag)
2026-08-27 01:18:37.590 Df ReactTestApp[1584:8737de0] [com.apple.dt.xctest:Default] XCTElementQuery: set data source for rootElementSnapshot to <XCTAutomationSession: 0x10b2222d0>
2026-08-27 01:18:37.591 Df ReactTestApp[1584:8737e18] [com.apple.dt.xctest:Default] XCTPerformOnMainRunLoop[not MT]: waiting 60.00s for work to complete
2026-08-27 01:18:37.591 Df ReactTestApp[1584:8737e18] [com.apple.dt.xctest:Default] Finding all matches with input Application, pid: 1584 using transformers
↪︎ Descendants matching type Button
    ↪︎ Element at index 0
2026-08-27 01:18:37.591 Df ReactTestApp[1584:8737e18] [com.apple.dt.xctest:Default] [Match All] applied transformer `Descendants matching type Button` to input {(
    Application, pid: 1584
)}, found {(
    Button, identifier: 'BackButton',
    Button, Selected,
    Button,
    Button,
    Button,
    Button
)}
2026-08-27 01:18:37.591 Df ReactTestApp[1584:8737e18] [com.apple.dt.xctest:Default] [Match All] applied transformer `Element at index 0` to input {(
    Button, identifier: 'BackButton',
    Button, Selected,
    Button,
    Button,
    Button,
    Button
)}, found {(
    Button, identifier: 'BackButton'
)}
2026-08-27 01:18:37.591 Df ReactTestApp[1584:8737e18] [com.apple.dt.xctest:Default] [Match All] setting out related elements {(
)}
2026-08-27 01:18:37.595 Df ReactTestApp[1584:8737e18] [com.apple.dt.xctest:Default] Current tree:
Application, 0x119cb20c0, pid: 1584 <App element pid: 1584>
  Window (Main), 0x12f5001c0 <AX element pid: 1584, elementOrHash.elementID: 4463036544.4>
    Other, 0x127ff4fc0 <AX element pid: 1584, elementOrHash.elementID: 4607206464.68>
    Other, 0x127c66c40 <AX element pid: 1584, elementOrHash.elementID: 4462619648.5>
      Other, 0x127fb5840 <AX element pid: 1584, elementOrHash.elementID: 4534320000.6>
        Other, 0x119cb23c0 <AX element pid: 1584, elementOrHash.elementID: 4468801152.7>
          Other, 0x119cb2cc0 <AX element pid: 1584, elementOrHash.elementID: 4453470784.8>
            Other, 0x119cb1dc0 <AX element pid: 1584, elementOrHash.elementID: 4484017280.9>
              Other, 0x119c75340 <AX element pid: 1584, elementOrHash.elementID: 4483838080.10>
                Other, 0x119cc46c0 <AX element pid: 1584, elementOrHash.elementID: 4484174976.12>
                  Other, 0x127ca0fc0 <AX element pid: 1584, elementOrHash.elementID: 4689692800.14>
                    NavigationBar, 0x11<…>
2026-08-27 01:18:37.595 Df ReactTestApp[1584:8737e18] [com.apple.dt.xctest:Default] Query ↪︎ Descendants matching type Button
    ↪︎ Element at index 0 found matching snapshots: {(
    Button, identifier: 'BackButton'
)} (error: (null))
2026-08-27 01:18:37.595 Df ReactTestApp[1584:8737e18] [com.apple.dt.xctest:Default] Replying to query ↪︎ Descendants matching type Button
    ↪︎ Element at index 0 with results: <XCTElementQueryResults: 0x109aa85d0> (error: (null))
2026-08-27 01:18:37.597 Df ReactTestApp[1584:8737e18] [com.apple.dt.xctest:Default] Received attributes request for element: AX element pid: 1584, elementOrHash.elementID: 4459555776.168. Attributes: (
    "XC_kAXXCAttributeLabel"
)
2026-08-27 01:18:37.597 Df ReactTestApp[1584:8737e18] [com.apple.dt.xctest:Default] XCTPerformOnMainRunLoop[not MT]: about to CFRunLoopPerform
2026-08-27 01:18:37.597 Df ReactTestApp[1584:8737e18] [com.apple.dt.xctest:Default] XCTPerformOnMainRunLoop[not MT]: waiting with 30.00s responsiveness timeout
2026-08-27 01:18:37.597 Df ReactTestApp[1584:8737de0] [com.apple.dt.xctest:Default] XCTPerformOnMainRunLoop[MT]: inside CFRunLoopPerform
2026-08-27 01:18:37.597 Df ReactTestApp[1584:8737de0] [com.apple.dt.xctest:Default] XCTPerformOnMainRunLoop[MT]: MT responded in time (won the race to the busy flag)
2026-08-27 01:18:37.597 Df ReactTestApp[1584:8737e18] [com.apple.dt.xctest:Default] XCTPerformOnMainRunLoop[not MT]: waiting 60.00s for work to complete
2026-08-27 01:18:37.597 Df ReactTestApp[1584:8737de0] [com.apple.dt.xctest:Default] Fetching AX attributes XC_kAXXCAttributeLabel for AX element pid: 1584, elementOrHash.elementID: 4459555776.168
2026-08-27 01:18:37.597 Df ReactTestApp[1584:8737de0] [com.apple.dt.xctest:Default] Got attributes, transferring to dictionary for return.
2026-08-27 01:18:37.597 Df ReactTestApp[1584:8737de0] [com.apple.dt.xctest:Default] Checking 'BottomTabs Example' for privileged AX value slot attributes
2026-08-27 01:18:37.597 Df ReactTestApp[1584:8737e18] [com.apple.dt.xctest:Default] Replying with attribute values: {
    "XC_kAXXCAttributeLabel" = "BottomTabs Example";
}
2026-08-27 01:18:37.598 Df ReactTestApp[1584:8737e18] [com.apple.dt.xctest:Default] Received attributes request for element: AX element pid: 1584, elementOrHash.elementID: 4459555776.168. Attributes: (
    "XC_kAXXCAttributeValue"
)
2026-08-27 01:18:37.598 Df ReactTestApp[1584:8737e18] [com.apple.dt.xctest:Default] XCTPerformOnMainRunLoop[not MT]: about to CFRunLoopPerform
2026-08-27 01:18:37.598 Df ReactTestApp[1584:8737e18] [com.apple.dt.xctest:Default] XCTPerformOnMainRunLoop[not MT]: waiting with 30.00s responsiveness timeout
2026-08-27 01:18:37.598 Df ReactTestApp[1584:8737de0] [com.apple.dt.xctest:Default] XCTPerformOnMainRunLoop[MT]: inside CFRunLoopPerform
2026-08-27 01:18:37.598 Df ReactTestApp[1584:8737de0] [com.apple.dt.xctest:Default] XCTPerformOnMainRunLoop[MT]: MT responded in time (won the race to the busy flag)
2026-08-27 01:18:37.598 Df ReactTestApp[1584:8737e18] [com.apple.dt.xctest:Default] XCTPerformOnMainRunLoop[not MT]: waiting 60.00s for work to complete
2026-08-27 01:18:37.598 Df ReactTestApp[1584:8737de0] [com.apple.dt.xctest:Default] Fetching AX attributes XC_kAXXCAttributeValue for AX element pid: 1584, elementOrHash.elementID: 4459555776.168
2026-08-27 01:18:37.598 Df ReactTestApp[1584:8737de0] [com.apple.dt.xctest:Default] Got attributes, transferring to dictionary for return.
2026-08-27 01:18:37.598 Df ReactTestApp[1584:8737e18] [com.apple.dt.xctest:Default] Replying with attribute values: {
}
2026-08-27 01:18:37.599 Df ReactTestApp[1584:8737e18] [com.apple.dt.xctest:Default] Received attributes request for element: AX element pid: 1584, elementOrHash.elementID: 4459555776.168. Attributes: (
    "XC_kAXXCAttributePlaceholderValue"
)
2026-08-27 01:18:37.599 Df ReactTestApp[1584:8737e18] [com.apple.dt.xctest:Default] XCTPerformOnMainRunLoop[not MT]: about to CFRunLoopPerform
2026-08-27 01:18:37.599 Df ReactTestApp[1584:8737e18] [com.apple.dt.xctest:Default] XCTPerformOnMainRunLoop[not MT]: waiting with 30.00s responsiveness timeout
2026-08-27 01:18:37.599 Df ReactTestApp[1584:8737de0] [com.apple.dt.xctest:Default] XCTPerformOnMainRunLoop[MT]: inside CFRunLoopPerform
2026-08-27 01:18:37.599 Df ReactTestApp[1584:8737de0] [com.apple.dt.xctest:Default] XCTPerformOnMainRunLoop[MT]: MT responded in time (won the race to the busy flag)
2026-08-27 01:18:37.599 Df ReactTestApp[1584:8737e18] [com.apple.dt.xctest:Default] XCTPerformOnMainRunLoop[not MT]: waiting 60.00s for work to complete
2026-08-27 01:18:37.599 Df ReactTestApp[1584:8737de0] [com.apple.dt.xctest:Default] Fetching AX attributes XC_kAXXCAttributePlaceholderValue for AX element pid: 1584, elementOrHash.elementID: 4459555776.168
2026-08-27 01:18:37.599 Df ReactTestApp[1584:8737de0] [com.apple.dt.xctest:Default] Got attributes, transferring to dictionary for return.
2026-08-27 01:18:37.599 Df ReactTestApp[1584:8737e18] [com.apple.dt.xctest:Default] Replying with attribute values: {
}
2026-08-27 01:18:37.600 Df ReactTestApp[1584:8737e18] [com.apple.dt.xctest:Default] Received request to fetch matches for query: ↪︎ Descendants matching type Button
    ↪︎ Element at index 0
2026-08-27 01:18:37.600 Df ReactTestApp[1584:8738505] [com.apple.dt.xctest:Default] Evaluating query:
 ↪︎ Descendants matching type Button
    ↪︎ Element at index 0
2026-08-27 01:18:37.600 Df ReactTestApp[1584:8738505] [com.apple.dt.xctest:Default] Getting root element snapshot
2026-08-27 01:18:37.600 Df ReactTestApp[1584:8738505] [com.apple.dt.xctest:Default] Getting snapshot for App element pid: 1584 for query ↪︎ Descendants matching type Button
    ↪︎ Element at index 0
2026-08-27 01:18:37.600 Df ReactTestApp[1584:8738505] [com.apple.dt.xctest:Default] Query requires iOS snapshot attributes XC_kAXXCAttributeElementType, XC_kAXXCAttributeElementBaseType, XC_kAXXCAttributeAutomationType, XC_kAXXCAttributeTraits.
2026-08-27 01:18:37.600 Df ReactTestApp[1584:8738505] [com.apple.dt.xctest:Default] XCTPerformOnMainRunLoop[not MT]: about to CFRunLoopPerform
2026-08-27 01:18:37.600 Df ReactTestApp[1584:8738505] [com.apple.dt.xctest:Default] XCTPerformOnMainRunLoop[not MT]: waiting with 30.00s responsiveness timeout
2026-08-27 01:18:37.600 Df ReactTestApp[1584:8737de0] [com.apple.dt.xctest:Default] XCTPerformOnMainRunLoop[MT]: inside CFRunLoopPerform
2026-08-27 01:18:37.600 Df ReactTestApp[1584:8737de0] [com.apple.dt.xctest:Default] XCTPerformOnMainRunLoop[MT]: MT responded in time (won the race to the busy flag)
2026-08-27 01:18:37.600 Df ReactTestApp[1584:8738505] [com.apple.dt.xctest:Default] XCTPerformOnMainRunLoop[not MT]: waiting 60.00s for work to complete
2026-08-27 01:18:37.601 Df ReactTestApp[1584:8737de0] [com.apple.dt.xctest:Default] Got main window <AXUIElementRef 0x10eb01c10> {pid=1584} {uid=[ID:4 hash:0x10a048880]}
2026-08-27 01:18:37.601 Df ReactTestApp[1584:8737de0] [com.apple.dt.xctest:Default] Capturing hierarchy with attributes XC_kAXXCAttributeElementType, XC_kAXXCAttributeElementBaseType, XC_kAXXCAttributeParent, XC_kAXXCAttributeIdentifier, XC_kAXXCAttributeAutomationType, XC_kAXXCAttributeTraits
2026-08-27 01:18:37.601 Df ReactTestApp[1584:8737de0] [com.apple.dt.xctest:Default] Capturing hierarchy with parameters {
    attributes =     (
        5003,
        5004,
        5002,
        5019,
        5058,
        2004
    );
    maxArrayCount = 2147483647;
    maxChildren = 2147483647;
    maxDepth = 2147483647;
    snapshotKeyHonorModalViews = 0;
    traverseFromParentsToChildren = 1;
}
2026-08-27 01:18:37.601 Df ReactTestApp[1584:8737de0] [com.apple.dt.xctest:Default] Snapshot attributes 5003, 5004, 5002, 5019, 5058, 2004
2026-08-27 01:18:37.628 Df ReactTestApp[1584:8737de0] [com.apple.dt.xctest:Default] Got snapshot for <AXUIElementRef 0x10eb29c10> {pid=1584} {uid=[ID:1 hash:0x0]}
2026-08-27 01:18:37.628 Df ReactTestApp[1584:8737de0] [com.apple.dt.xctest:Default] Got app orientation 0
2026-08-27 01:18:37.628 Df ReactTestApp[1584:8737de0] [com.apple.dt.xctest:Default] Captured accessibility snapshot data in 0.03s
2026-08-27 01:18:37.628 Df ReactTestApp[1584:8738505] [com.apple.dt.xctest:Default] Found main window: Window
2026-08-27 01:18:37.628 Df ReactTestApp[1584:8738505] [com.apple.dt.xctest:Default] Preferring automation type 48 instead of legacy element type OTHER derived from class/trait: UILabel:UILabel 8590000128
2026-08-27 01:18:37.628 Df ReactTestApp[1584:8738505] [com.apple.dt.xctest:Default] Other is not actually a child of Other, including at this point anyway (rdar://problem/20738636)
2026-08-27 01:18:37.629 Df ReactTestApp[1584:8738505] [com.apple.dt.xctest:Default] Other is not actually a child of Other, including at this point anyway (rdar://problem/20738636)
2026-08-27 01:18:37.629 Df ReactTestApp[1584:8738505] [com.apple.dt.xctest:Default] Other is not actually a child of Other, including at this point anyway (rdar://problem/20738636)
2026-08-27 01:18:37.629 Df ReactTestApp[1584:8738505] [com.apple.dt.xctest:Default] Other is not actually a child of Other, including at this point anyway (rdar://problem/20738636)
2026-08-27 01:18:37.629 Df ReactTestApp[1584:8738505] [com.apple.dt.xctest:Default] Other is not actually a child of Other, including at this point anyway (rdar://problem/20738636)
2026-08-27 01:18:37.629 Df ReactTestApp[1584:8738505] [com.apple.dt.xctest:Default] Preferring automation type 24 instead of legacy element type OTHER derived from class/trait: _UIFloatingBarContainerView:_UIFloatingBarContainerView 8589934592
2026-08-27 01:18:37.629 Df ReactTestApp[1584:8738505] [com.apple.dt.xctest:Default] XCTPerformOnMainRunLoop[not MT]: about to CFRunLoopPerform
2026-08-27 01:18:37.629 Df ReactTestApp[1584:8738505] [com.apple.dt.xctest:Default] XCTPerformOnMainRunLoop[not MT]: waiting with 30.00s responsiveness timeout
2026-08-27 01:18:37.629 Df ReactTestApp[1584:8737de0] [com.apple.dt.xctest:Default] XCTPerformOnMainRunLoop[MT]: inside CFRunLoopPerform
2026-08-27 01:18:37.629 Df ReactTestApp[1584:8737de0] [com.apple.dt.xctest:Default] XCTPerformOnMainRunLoop[MT]: MT responded in time (won the race to the busy flag)
2026-08-27 01:18:37.629 Df ReactTestApp[1584:8738505] [com.apple.dt.xctest:Default] XCTPerformOnMainRunLoop[not MT]: waiting 60.00s for work to complete
2026-08-27 01:18:37.629 Df ReactTestApp[1584:8737de0] [com.apple.dt.xctest:Default] XCTElementQuery: set data source for rootElementSnapshot to <XCTAutomationSession: 0x10b2222d0>
2026-08-27 01:18:37.629 Df ReactTestApp[1584:8738505] [com.apple.dt.xctest:Default] Finding all matches with input Application, pid: 1584 using transformers
↪︎ Descendants matching type Button
    ↪︎ Element at index 0
2026-08-27 01:18:37.630 Df ReactTestApp[1584:8738505] [com.apple.dt.xctest:Default] [Match All] applied transformer `Descendants matching type Button` to input {(
    Application, pid: 1584
)}, found {(
    Button, identifier: 'BackButton',
    Button, Selected,
    Button,
    Button,
    Button,
    Button
)}
2026-08-27 01:18:37.630 Df ReactTestApp[1584:8738505] [com.apple.dt.xctest:Default] [Match All] applied transformer `Element at index 0` to input {(
    Button, identifier: 'BackButton',
    Button, Selected,
    Button,
    Button,
    Button,
    Button
)}, found {(
    Button, identifier: 'BackButton'
)}
2026-08-27 01:18:37.630 Df ReactTestApp[1584:8738505] [com.apple.dt.xctest:Default] [Match All] setting out related elements {(
)}
2026-08-27 01:18:37.633 Df ReactTestApp[1584:8738505] [com.apple.dt.xctest:Default] Current tree:
Application, 0x127ff9c40, pid: 1584 <App element pid: 1584>
  Window (Main), 0x10aa40fc0 <AX element pid: 1584, elementOrHash.elementID: 4463036544.4>
    Other, 0x10ec7e640 <AX element pid: 1584, elementOrHash.elementID: 4607206464.68>
    Other, 0x127ff6f40 <AX element pid: 1584, elementOrHash.elementID: 4462619648.5>
      Other, 0x127ffb2c0 <AX element pid: 1584, elementOrHash.elementID: 4534320000.6>
        Other, 0x12f5124c0 <AX element pid: 1584, elementOrHash.elementID: 4468801152.7>
          Other, 0x127ff3dc0 <AX element pid: 1584, elementOrHash.elementID: 4453470784.8>
            Other, 0x12f5127c0 <AX element pid: 1584, elementOrHash.elementID: 4484017280.9>
              Other, 0x127ffa6c0 <AX element pid: 1584, elementOrHash.elementID: 4483838080.10>
                Other, 0x10ec80bc0 <AX element pid: 1584, elementOrHash.elementID: 4484174976.12>
                  Other, 0x10aa1bf40 <AX element pid: 1584, elementOrHash.elementID: 4689692800.14>
                    NavigationBar, 0x12<…>
2026-08-27 01:18:37.633 Df ReactTestApp[1584:8738505] [com.apple.dt.xctest:Default] Query ↪︎ Descendants matching type Button
    ↪︎ Element at index 0 found matching snapshots: {(
    Button, identifier: 'BackButton'
)} (error: (null))
2026-08-27 01:18:37.633 Df ReactTestApp[1584:8738505] [com.apple.dt.xctest:Default] Replying to query ↪︎ Descendants matching type Button
    ↪︎ Element at index 0 with results: <XCTElementQueryResults: 0x10e3ea050> (error: (null))
2026-08-27 01:18:37.635 Df ReactTestApp[1584:8738505] [com.apple.dt.xctest:Default] Received attributes request for element: AX element pid: 1584, elementOrHash.elementID: 4459555776.168. Attributes: (
    "XC_kAXXCAttributeValue"
)
2026-08-27 01:18:37.635 Df ReactTestApp[1584:8738505] [com.apple.dt.xctest:Default] XCTPerformOnMainRunLoop[not MT]: about to CFRunLoopPerform
2026-08-27 01:18:37.635 Df ReactTestApp[1584:8738505] [com.apple.dt.xctest:Default] XCTPerformOnMainRunLoop[not MT]: waiting with 30.00s responsiveness timeout
2026-08-27 01:18:37.635 Df ReactTestApp[1584:8737de0] [com.apple.dt.xctest:Default] XCTPerformOnMainRunLoop[MT]: inside CFRunLoopPerform
2026-08-27 01:18:37.635 Df ReactTestApp[1584:8737de0] [com.apple.dt.xctest:Default] XCTPerformOnMainRunLoop[MT]: MT responded in time (won the race to the busy flag)
2026-08-27 01:18:37.635 Df ReactTestApp[1584:8738505] [com.apple.dt.xctest:Default] XCTPerformOnMainRunLoop[not MT]: waiting 60.00s for work to complete
2026-08-27 01:18:37.635 Df ReactTestApp[1584:8737de0] [com.apple.dt.xctest:Default] Fetching AX attributes XC_kAXXCAttributeValue for AX element pid: 1584, elementOrHash.elementID: 4459555776.168
2026-08-27 01:18:37.635 Df ReactTestApp[1584:8737de0] [com.apple.dt.xctest:Default] Got attributes, transferring to dictionary for return.
2026-08-27 01:18:37.635 Df ReactTestApp[1584:8738505] [com.apple.dt.xctest:Default] Replying with attribute values: {
}
2026-08-27 01:18:37.636 Df ReactTestApp[1584:8738505] [com.apple.dt.xctest:Default] Received attributes request for element: AX element pid: 1584, elementOrHash.elementID: 4459555776.168. Attributes: (
    "XC_kAXXCAttributeLabel"
)
2026-08-27 01:18:37.636 Df ReactTestApp[1584:8738505] [com.apple.dt.xctest:Default] XCTPerformOnMainRunLoop[not MT]: about to CFRunLoopPerform
2026-08-27 01:18:37.636 Df ReactTestApp[1584:8738505] [com.apple.dt.xctest:Default] XCTPerformOnMainRunLoop[not MT]: waiting with 30.00s responsiveness timeout
2026-08-27 01:18:37.636 Df ReactTestApp[1584:8737de0] [com.apple.dt.xctest:Default] XCTPerformOnMainRunLoop[MT]: inside CFRunLoopPerform
2026-08-27 01:18:37.636 Df ReactTestApp[1584:8737de0] [com.apple.dt.xctest:Default] XCTPerformOnMainRunLoop[MT]: MT responded in time (won the race to the busy flag)
2026-08-27 01:18:37.636 Df ReactTestApp[1584:8738505] [com.apple.dt.xctest:Default] XCTPerformOnMainRunLoop[not MT]: waiting 60.00s for work to complete
2026-08-27 01:18:37.636 Df ReactTestApp[1584:8737de0] [com.apple.dt.xctest:Default] Fetching AX attributes XC_kAXXCAttributeLabel for AX element pid: 1584, elementOrHash.elementID: 4459555776.168
2026-08-27 01:18:37.636 Df ReactTestApp[1584:8737de0] [com.apple.dt.xctest:Default] Got attributes, transferring to dictionary for return.
2026-08-27 01:18:37.636 Df ReactTestApp[1584:8737de0] [com.apple.dt.xctest:Default] Checking 'BottomTabs Example' for privileged AX value slot attributes
2026-08-27 01:18:37.636 Df ReactTestApp[1584:8738505] [com.apple.dt.xctest:Default] Replying with attribute values: {
    "XC_kAXXCAttributeLabel" = "BottomTabs Example";
}
2026-08-27 01:18:37.637 Df ReactTestApp[1584:8738505] [com.apple.dt.xctest:Default] Received attributes request for element: AX element pid: 1584, elementOrHash.elementID: 4459555776.168. Attributes: (
    "XC_kAXXCAttributePlaceholderValue"
)
2026-08-27 01:18:37.637 Df ReactTestApp[1584:8738505] [com.apple.dt.xctest:Default] XCTPerformOnMainRunLoop[not MT]: about to CFRunLoopPerform
2026-08-27 01:18:37.637 Df ReactTestApp[1584:8738505] [com.apple.dt.xctest:Default] XCTPerformOnMainRunLoop[not MT]: waiting with 30.00s responsiveness timeout
2026-08-27 01:18:37.637 Df ReactTestApp[1584:8737de0] [com.apple.dt.xctest:Default] XCTPerformOnMainRunLoop[MT]: inside CFRunLoopPerform
2026-08-27 01:18:37.637 Df ReactTestApp[1584:8737de0] [com.apple.dt.xctest:Default] XCTPerformOnMainRunLoop[MT]: MT responded in time (won the race to the busy flag)
2026-08-27 01:18:37.637 Df ReactTestApp[1584:8737de0] [com.apple.dt.xctest:Default] Fetching AX attributes XC_kAXXCAttributePlaceholderValue for AX element pid: 1584, elementOrHash.elementID: 4459555776.168
2026-08-27 01:18:37.637 Df ReactTestApp[1584:8738505] [com.apple.dt.xctest:Default] XCTPerformOnMainRunLoop[not MT]: waiting 60.00s for work to complete
2026-08-27 01:18:37.637 Df ReactTestApp[1584:8737de0] [com.apple.dt.xctest:Default] Got attributes, transferring to dictionary for return.
2026-08-27 01:18:37.637 Df ReactTestApp[1584:8738505] [com.apple.dt.xctest:Default] Replying with attribute values: {
}
2026-08-27 01:18:37.638 Df ReactTestApp[1584:8738505] [com.apple.dt.xctest:Default] Received request to fetch matches for query: ↪︎ Descendants matching type Button
    ↪︎ Element at index 0
2026-08-27 01:18:37.638 Df ReactTestApp[1584:8738505] [com.apple.dt.xctest:Default] Evaluating query:
 ↪︎ Descendants matching type Button
    ↪︎ Element at index 0
2026-08-27 01:18:37.638 Df ReactTestApp[1584:8738505] [com.apple.dt.xctest:Default] Getting root element snapshot
2026-08-27 01:18:37.638 Df ReactTestApp[1584:8738505] [com.apple.dt.xctest:Default] Getting snapshot for App element pid: 1584 for query ↪︎ Descendants matching type Button
    ↪︎ Element at index 0
2026-08-27 01:18:37.638 Df ReactTestApp[1584:8738505] [com.apple.dt.xctest:Default] Query requires iOS snapshot attributes XC_kAXXCAttributeElementType, XC_kAXXCAttributeElementBaseType, XC_kAXXCAttributeAutomationType, XC_kAXXCAttributeTraits.
2026-08-27 01:18:37.638 Df ReactTestApp[1584:8738505] [com.apple.dt.xctest:Default] XCTPerformOnMainRunLoop[not MT]: about to CFRunLoopPerform
2026-08-27 01:18:37.638 Df ReactTestApp[1584:8738505] [com.apple.dt.xctest:Default] XCTPerformOnMainRunLoop[not MT]: waiting with 30.00s responsiveness timeout
2026-08-27 01:18:37.638 Df ReactTestApp[1584:8737de0] [com.apple.dt.xctest:Default] XCTPerformOnMainRunLoop[MT]: inside CFRunLoopPerform
2026-08-27 01:18:37.638 Df ReactTestApp[1584:8737de0] [com.apple.dt.xctest:Default] XCTPerformOnMainRunLoop[MT]: MT responded in time (won the race to the busy flag)
2026-08-27 01:18:37.638 Df ReactTestApp[1584:8738505] [com.apple.dt.xctest:Default] XCTPerformOnMainRunLoop[not MT]: waiting 60.00s for work to complete
2026-08-27 01:18:37.639 Df ReactTestApp[1584:8737de0] [com.apple.dt.xctest:Default] Got main window <AXUIElementRef 0x10e3b4a10> {pid=1584} {uid=[ID:4 hash:0x10a048880]}
2026-08-27 01:18:37.639 Df ReactTestApp[1584:8737de0] [com.apple.dt.xctest:Default] Capturing hierarchy with attributes XC_kAXXCAttributeElementType, XC_kAXXCAttributeElementBaseType, XC_kAXXCAttributeParent, XC_kAXXCAttributeIdentifier, XC_kAXXCAttributeAutomationType, XC_kAXXCAttributeTraits
2026-08-27 01:18:37.639 Df ReactTestApp[1584:8737de0] [com.apple.dt.xctest:Default] Capturing hierarchy with parameters {
    attributes =     (
        5003,
        5004,
        5002,
        5019,
        5058,
        2004
    );
    maxArrayCount = 2147483647;
    maxChildren = 2147483647;
    maxDepth = 2147483647;
    snapshotKeyHonorModalViews = 0;
    traverseFromParentsToChildren = 1;
}
2026-08-27 01:18:37.639 Df ReactTestApp[1584:8737de0] [com.apple.dt.xctest:Default] Snapshot attributes 5003, 5004, 5002, 5019, 5058, 2004
2026-08-27 01:18:37.665 Df ReactTestApp[1584:8737de0] [com.apple.dt.xctest:Default] Got snapshot for <AXUIElementRef 0x109a5fe50> {pid=1584} {uid=[ID:1 hash:0x0]}
2026-08-27 01:18:37.665 Df ReactTestApp[1584:8737de0] [com.apple.dt.xctest:Default] Got app orientation 0
2026-08-27 01:18:37.665 Df ReactTestApp[1584:8737de0] [com.apple.dt.xctest:Default] Captured accessibility snapshot data in 0.03s
2026-08-27 01:18:37.665 Df ReactTestApp[1584:8738505] [com.apple.dt.xctest:Default] Found main window: Window
2026-08-27 01:18:37.665 Df ReactTestApp[1584:8738505] [com.apple.dt.xctest:Default] Preferring automation type 48 instead of legacy element type OTHER derived from class/trait: UILabel:UILabel 8590000128
2026-08-27 01:18:37.666 Df ReactTestApp[1584:8738505] [com.apple.dt.xctest:Default] Other is not actually a child of Other, including at this point anyway (rdar://problem/20738636)
2026-08-27 01:18:37.666 Df ReactTestApp[1584:8738505] [com.apple.dt.xctest:Default] Other is not actually a child of Other, including at this point anyway (rdar://problem/20738636)
2026-08-27 01:18:37.666 Df ReactTestApp[1584:8738505] [com.apple.dt.xctest:Default] Other is not actually a child of Other, including at this point anyway (rdar://problem/20738636)
2026-08-27 01:18:37.666 Df ReactTestApp[1584:8738505] [com.apple.dt.xctest:Default] Other is not actually a child of Other, including at this point anyway (rdar://problem/20738636)
2026-08-27 01:18:37.666 Df ReactTestApp[1584:8738505] [com.apple.dt.xctest:Default] Other is not actually a child of Other, including at this point anyway (rdar://problem/20738636)
2026-08-27 01:18:37.666 Df ReactTestApp[1584:8738505] [com.apple.dt.xctest:Default] Preferring automation type 24 instead of legacy element type OTHER derived from class/trait: _UIFloatingBarContainerView:_UIFloatingBarContainerView 8589934592
2026-08-27 01:18:37.666 Df ReactTestApp[1584:8738505] [com.apple.dt.xctest:Default] XCTPerformOnMainRunLoop[not MT]: about to CFRunLoopPerform
2026-08-27 01:18:37.667 Df ReactTestApp[1584:8738505] [com.apple.dt.xctest:Default] XCTPerformOnMainRunLoop[not MT]: waiting with 30.00s responsiveness timeout
2026-08-27 01:18:37.667 Df ReactTestApp[1584:8737de0] [com.apple.dt.xctest:Default] XCTPerformOnMainRunLoop[MT]: inside CFRunLoopPerform
2026-08-27 01:18:37.667 Df ReactTestApp[1584:8737de0] [com.apple.dt.xctest:Default] XCTPerformOnMainRunLoop[MT]: MT responded in time (won the race to the busy flag)
2026-08-27 01:18:37.667 Df ReactTestApp[1584:8738505] [com.apple.dt.xctest:Default] XCTPerformOnMainRunLoop[not MT]: waiting 60.00s for work to complete
2026-08-27 01:18:37.667 Df ReactTestApp[1584:8737de0] [com.apple.dt.xctest:Default] XCTElementQuery: set data source for rootElementSnapshot to <XCTAutomationSession: 0x10b2222d0>
2026-08-27 01:18:37.667 Df ReactTestApp[1584:8738505] [com.apple.dt.xctest:Default] Finding all matches with input Application, pid: 1584 using transformers
↪︎ Descendants matching type Button
    ↪︎ Element at index 0
2026-08-27 01:18:37.667 Df ReactTestApp[1584:8738505] [com.apple.dt.xctest:Default] [Match All] applied transformer `Descendants matching type Button` to input {(
    Application, pid: 1584
)}, found {(
    Button, identifier: 'BackButton',
    Button, Selected,
    Button,
    Button,
    Button,
    Button
)}
2026-08-27 01:18:37.667 Df ReactTestApp[1584:8738505] [com.apple.dt.xctest:Default] [Match All] applied transformer `Element at index 0` to input {(
    Button, identifier: 'BackButton',
    Button, Selected,
    Button,
    Button,
    Button,
    Button
)}, found {(
    Button, identifier: 'BackButton'
)}
2026-08-27 01:18:37.667 Df ReactTestApp[1584:8738505] [com.apple.dt.xctest:Default] [Match All] setting out related elements {(
)}
2026-08-27 01:18:37.671 Df ReactTestApp[1584:8738505] [com.apple.dt.xctest:Default] Current tree:
Application, 0x127fdbac0, pid: 1584 <App element pid: 1584>
  Window (Main), 0x127fd93c0 <AX element pid: 1584, elementOrHash.elementID: 4463036544.4>
    Other, 0x127fdaec0 <AX element pid: 1584, elementOrHash.elementID: 4607206464.68>
    Other, 0x119cb2fc0 <AX element pid: 1584, elementOrHash.elementID: 4462619648.5>
      Other, 0x119cb1340 <AX element pid: 1584, elementOrHash.elementID: 4534320000.6>
        Other, 0x114b364c0 <AX element pid: 1584, elementOrHash.elementID: 4468801152.7>
          Other, 0x127c85840 <AX element pid: 1584, elementOrHash.elementID: 4453470784.8>
            Other, 0x119cec5c0 <AX element pid: 1584, elementOrHash.elementID: 4484017280.9>
              Other, 0x114bbcec0 <AX element pid: 1584, elementOrHash.elementID: 4483838080.10>
                Other, 0x127c74bc0 <AX element pid: 1584, elementOrHash.elementID: 4484174976.12>
                  Other, 0x127fdbdc0 <AX element pid: 1584, elementOrHash.elementID: 4689692800.14>
                    NavigationBar, 0x12<…>
2026-08-27 01:18:37.671 Df ReactTestApp[1584:8738505] [com.apple.dt.xctest:Default] Query ↪︎ Descendants matching type Button
    ↪︎ Element at index 0 found matching snapshots: {(
    Button, identifier: 'BackButton'
)} (error: (null))
2026-08-27 01:18:37.671 Df ReactTestApp[1584:8738505] [com.apple.dt.xctest:Default] Replying to query ↪︎ Descendants matching type Button
    ↪︎ Element at index 0 with results: <XCTElementQueryResults: 0x109af30d0> (error: (null))
2026-08-27 01:18:37.672 Df ReactTestApp[1584:8738505] [com.apple.dt.xctest:Default] Received attributes request for element: AX element pid: 1584, elementOrHash.elementID: 4459555776.168. Attributes: (
    "XC_kAXXCAttributeLabel"
)
2026-08-27 01:18:37.672 Df ReactTestApp[1584:8738505] [com.apple.dt.xctest:Default] XCTPerformOnMainRunLoop[not MT]: about to CFRunLoopPerform
2026-08-27 01:18:37.672 Df ReactTestApp[1584:8738505] [com.apple.dt.xctest:Default] XCTPerformOnMainRunLoop[not MT]: waiting with 30.00s responsiveness timeout
2026-08-27 01:18:37.672 Df ReactTestApp[1584:8737de0] [com.apple.dt.xctest:Default] XCTPerformOnMainRunLoop[MT]: inside CFRunLoopPerform
2026-08-27 01:18:37.672 Df ReactTestApp[1584:8737de0] [com.apple.dt.xctest:Default] XCTPerformOnMainRunLoop[MT]: MT responded in time (won the race to the busy flag)
2026-08-27 01:18:37.672 Df ReactTestApp[1584:8738505] [com.apple.dt.xctest:Default] XCTPerformOnMainRunLoop[not MT]: waiting 60.00s for work to complete
2026-08-27 01:18:37.672 Df ReactTestApp[1584:8737de0] [com.apple.dt.xctest:Default] Fetching AX attributes XC_kAXXCAttributeLabel for AX element pid: 1584, elementOrHash.elementID: 4459555776.168
2026-08-27 01:18:37.673 Df ReactTestApp[1584:8737de0] [com.apple.dt.xctest:Default] Got attributes, transferring to dictionary for return.
2026-08-27 01:18:37.673 Df ReactTestApp[1584:8737de0] [com.apple.dt.xctest:Default] Checking 'BottomTabs Example' for privileged AX value slot attributes
2026-08-27 01:18:37.673 Df ReactTestApp[1584:8738505] [com.apple.dt.xctest:Default] Replying with attribute values: {
    "XC_kAXXCAttributeLabel" = "BottomTabs Example";
}
2026-08-27 01:18:37.673 Df ReactTestApp[1584:8738505] [com.apple.dt.xctest:Default] Received attributes request for element: AX element pid: 1584, elementOrHash.elementID: 4459555776.168. Attributes: (
    "XC_kAXXCAttributeValue"
)
2026-08-27 01:18:37.673 Df ReactTestApp[1584:8738505] [com.apple.dt.xctest:Default] XCTPerformOnMainRunLoop[not MT]: about to CFRunLoopPerform
2026-08-27 01:18:37.674 Df ReactTestApp[1584:8738505] [com.apple.dt.xctest:Default] XCTPerformOnMainRunLoop[not MT]: waiting with 30.00s responsiveness timeout
2026-08-27 01:18:37.674 Df ReactTestApp[1584:8737de0] [com.apple.dt.xctest:Default] XCTPerformOnMainRunLoop[MT]: inside CFRunLoopPerform
2026-08-27 01:18:37.674 Df ReactTestApp[1584:8737de0] [com.apple.dt.xctest:Default] XCTPerformOnMainRunLoop[MT]: MT responded in time (won the race to the busy flag)
2026-08-27 01:18:37.674 Df ReactTestApp[1584:8738505] [com.apple.dt.xctest:Default] XCTPerformOnMainRunLoop[not MT]: waiting 60.00s for work to complete
2026-08-27 01:18:37.674 Df ReactTestApp[1584:8737de0] [com.apple.dt.xctest:Default] Fetching AX attributes XC_kAXXCAttributeValue for AX element pid: 1584, elementOrHash.elementID: 4459555776.168
2026-08-27 01:18:37.674 Df ReactTestApp[1584:8737de0] [com.apple.dt.xctest:Default] Got attributes, transferring to dictionary for return.
2026-08-27 01:18:37.674 Df ReactTestApp[1584:8738505] [com.apple.dt.xctest:Default] Replying with attribute values: {
}
2026-08-27 01:18:37.674 Df ReactTestApp[1584:8738505] [com.apple.dt.xctest:Default] Received attributes request for element: AX element pid: 1584, elementOrHash.elementID: 4459555776.168. Attributes: (
    "XC_kAXXCAttributePlaceholderValue"
)
2026-08-27 01:18:37.675 Df ReactTestApp[1584:8738505] [com.apple.dt.xctest:Default] XCTPerformOnMainRunLoop[not MT]: about to CFRunLoopPerform
2026-08-27 01:18:37.675 Df ReactTestApp[1584:8738505] [com.apple.dt.xctest:Default] XCTPerformOnMainRunLoop[not MT]: waiting with 30.00s responsiveness timeout
2026-08-27 01:18:37.675 Df ReactTestApp[1584:8737de0] [com.apple.dt.xctest:Default] XCTPerformOnMainRunLoop[MT]: inside CFRunLoopPerform
2026-08-27 01:18:37.675 Df ReactTestApp[1584:8737de0] [com.apple.dt.xctest:Default] XCTPerformOnMainRunLoop[MT]: MT responded in time (won the race to the busy flag)
2026-08-27 01:18:37.675 Df ReactTestApp[1584:8738505] [com.apple.dt.xctest:Default] XCTPerformOnMainRunLoop[not MT]: waiting 60.00s for work to complete
2026-08-27 01:18:37.675 Df ReactTestApp[1584:8737de0] [com.apple.dt.xctest:Default] Fetching AX attributes XC_kAXXCAttributePlaceholderValue for AX element pid: 1584, elementOrHash.elementID: 4459555776.168
2026-08-27 01:18:37.675 Df ReactTestApp[1584:8737de0] [com.apple.dt.xctest:Default] Got attributes, transferring to dictionary for return.
2026-08-27 01:18:37.675 Df ReactTestApp[1584:8738505] [com.apple.dt.xctest:Default] Replying with attribute values: {
}
2026-08-27 01:18:37.676 Df ReactTestApp[1584:8738505] [com.apple.dt.xctest:Default] Received request to fetch matches for query: ↪︎ Descendants matching type Button
    ↪︎ Element at index 0
2026-08-27 01:18:37.676 Df ReactTestApp[1584:8737e18] [com.apple.dt.xctest:Default] Evaluating query:
 ↪︎ Descendants matching type Button
    ↪︎ Element at index 0
2026-08-27 01:18:37.676 Df ReactTestApp[1584:8737e18] [com.apple.dt.xctest:Default] Getting root element snapshot
2026-08-27 01:18:37.676 Df ReactTestApp[1584:8737e18] [com.apple.dt.xctest:Default] Getting snapshot for App element pid: 1584 for query ↪︎ Descendants matching type Button
    ↪︎ Element at index 0
2026-08-27 01:18:37.676 Df ReactTestApp[1584:8737e18] [com.apple.dt.xctest:Default] Query requires iOS snapshot attributes XC_kAXXCAttributeElementType, XC_kAXXCAttributeElementBaseType, XC_kAXXCAttributeAutomationType, XC_kAXXCAttributeTraits.
2026-08-27 01:18:37.676 Df ReactTestApp[1584:8737e18] [com.apple.dt.xctest:Default] XCTPerformOnMainRunLoop[not MT]: about to CFRunLoopPerform
2026-08-27 01:18:37.676 Df ReactTestApp[1584:8737e18] [com.apple.dt.xctest:Default] XCTPerformOnMainRunLoop[not MT]: waiting with 30.00s responsiveness timeout
2026-08-27 01:18:37.676 Df ReactTestApp[1584:8737de0] [com.apple.dt.xctest:Default] XCTPerformOnMainRunLoop[MT]: inside CFRunLoopPerform
2026-08-27 01:18:37.676 Df ReactTestApp[1584:8737de0] [com.apple.dt.xctest:Default] XCTPerformOnMainRunLoop[MT]: MT responded in time (won the race to the busy flag)
2026-08-27 01:18:37.676 Df ReactTestApp[1584:8737e18] [com.apple.dt.xctest:Default] XCTPerformOnMainRunLoop[not MT]: waiting 60.00s for work to complete
2026-08-27 01:18:37.676 Df ReactTestApp[1584:8737de0] [com.apple.dt.xctest:Default] Got main window <AXUIElementRef 0x10e3cbc50> {pid=1584} {uid=[ID:4 hash:0x10a048880]}
2026-08-27 01:18:37.677 Df ReactTestApp[1584:8737de0] [com.apple.dt.xctest:Default] Capturing hierarchy with attributes XC_kAXXCAttributeElementType, XC_kAXXCAttributeElementBaseType, XC_kAXXCAttributeParent, XC_kAXXCAttributeIdentifier, XC_kAXXCAttributeAutomationType, XC_kAXXCAttributeTraits
2026-08-27 01:18:37.677 Df ReactTestApp[1584:8737de0] [com.apple.dt.xctest:Default] Capturing hierarchy with parameters {
    attributes =     (
        5003,
        5004,
        5002,
        5019,
        5058,
        2004
    );
    maxArrayCount = 2147483647;
    maxChildren = 2147483647;
    maxDepth = 2147483647;
    snapshotKeyHonorModalViews = 0;
    traverseFromParentsToChildren = 1;
}
2026-08-27 01:18:37.677 Df ReactTestApp[1584:8737de0] [com.apple.dt.xctest:Default] Snapshot attributes 5003, 5004, 5002, 5019, 5058, 2004
2026-08-27 01:18:37.703 Df ReactTestApp[1584:8737de0] [com.apple.dt.xctest:Default] Got snapshot for <AXUIElementRef 0x110c24b90> {pid=1584} {uid=[ID:1 hash:0x0]}
2026-08-27 01:18:37.703 Df ReactTestApp[1584:8737de0] [com.apple.dt.xctest:Default] Got app orientation 0
2026-08-27 01:18:37.703 Df ReactTestApp[1584:8737de0] [com.apple.dt.xctest:Default] Captured accessibility snapshot data in 0.03s
2026-08-27 01:18:37.703 Df ReactTestApp[1584:8737e18] [com.apple.dt.xctest:Default] Found main window: Window
2026-08-27 01:18:37.704 Df ReactTestApp[1584:8737e18] [com.apple.dt.xctest:Default] Preferring automation type 48 instead of legacy element type OTHER derived from class/trait: UILabel:UILabel 8590000128
2026-08-27 01:18:37.704 Df ReactTestApp[1584:8737e18] [com.apple.dt.xctest:Default] Other is not actually a child of Other, including at this point anyway (rdar://problem/20738636)
2026-08-27 01:18:37.704 Df ReactTestApp[1584:8737e18] [com.apple.dt.xctest:Default] Other is not actually a child of Other, including at this point anyway (rdar://problem/20738636)
2026-08-27 01:18:37.704 Df ReactTestApp[1584:8737e18] [com.apple.dt.xctest:Default] Other is not actually a child of Other, including at this point anyway (rdar://problem/20738636)
2026-08-27 01:18:37.704 Df ReactTestApp[1584:8737e18] [com.apple.dt.xctest:Default] Other is not actually a child of Other, including at this point anyway (rdar://problem/20738636)
2026-08-27 01:18:37.704 Df ReactTestApp[1584:8737e18] [com.apple.dt.xctest:Default] Other is not actually a child of Other, including at this point anyway (rdar://problem/20738636)
2026-08-27 01:18:37.704 Df ReactTestApp[1584:8737e18] [com.apple.dt.xctest:Default] Preferring automation type 24 instead of legacy element type OTHER derived from class/trait: _UIFloatingBarContainerView:_UIFloatingBarContainerView 8589934592
2026-08-27 01:18:37.705 Df ReactTestApp[1584:8737e18] [com.apple.dt.xctest:Default] XCTPerformOnMainRunLoop[not MT]: about to CFRunLoopPerform
2026-08-27 01:18:37.705 Df ReactTestApp[1584:8737e18] [com.apple.dt.xctest:Default] XCTPerformOnMainRunLoop[not MT]: waiting with 30.00s responsiveness timeout
2026-08-27 01:18:37.705 Df ReactTestApp[1584:8737de0] [com.apple.dt.xctest:Default] XCTPerformOnMainRunLoop[MT]: inside CFRunLoopPerform
2026-08-27 01:18:37.705 Df ReactTestApp[1584:8737de0] [com.apple.dt.xctest:Default] XCTPerformOnMainRunLoop[MT]: MT responded in time (won the race to the busy flag)
2026-08-27 01:18:37.705 Df ReactTestApp[1584:8737e18] [com.apple.dt.xctest:Default] XCTPerformOnMainRunLoop[not MT]: waiting 60.00s for work to complete
2026-08-27 01:18:37.705 Df ReactTestApp[1584:8737de0] [com.apple.dt.xctest:Default] XCTElementQuery: set data source for rootElementSnapshot to <XCTAutomationSession: 0x10b2222d0>
2026-08-27 01:18:37.705 Df ReactTestApp[1584:8737e18] [com.apple.dt.xctest:Default] Finding all matches with input Application, pid: 1584 using transformers
↪︎ Descendants matching type Button
    ↪︎ Element at index 0
2026-08-27 01:18:37.705 Df ReactTestApp[1584:8737e18] [com.apple.dt.xctest:Default] [Match All] applied transformer `Descendants matching type Button` to input {(
    Application, pid: 1584
)}, found {(
    Button, identifier: 'BackButton',
    Button, Selected,
    Button,
    Button,
    Button,
    Button
)}
2026-08-27 01:18:37.705 Df ReactTestApp[1584:8737e18] [com.apple.dt.xctest:Default] [Match All] applied transformer `Element at index 0` to input {(
    Button, identifier: 'BackButton',
    Button, Selected,
    Button,
    Button,
    Button,
    Button
)}, found {(
    Button, identifier: 'BackButton'
)}
2026-08-27 01:18:37.705 Df ReactTestApp[1584:8737e18] [com.apple.dt.xctest:Default] [Match All] setting out related elements {(
)}
2026-08-27 01:18:37.709 Df ReactTestApp[1584:8737e18] [com.apple.dt.xctest:Default] Current tree:
Application, 0x10e55ecc0, pid: 1584 <App element pid: 1584>
  Window (Main), 0x10e52a340 <AX element pid: 1584, elementOrHash.elementID: 4463036544.4>
    Other, 0x127ccc940 <AX element pid: 1584, elementOrHash.elementID: 4607206464.68>
    Other, 0x127f66640 <AX element pid: 1584, elementOrHash.elementID: 4462619648.5>
      Other, 0x127fd6fc0 <AX element pid: 1584, elementOrHash.elementID: 4534320000.6>
        Other, 0x10e56a9c0 <AX element pid: 1584, elementOrHash.elementID: 4468801152.7>
          Other, 0x127ffa240 <AX element pid: 1584, elementOrHash.elementID: 4453470784.8>
            Other, 0x12f509c40 <AX element pid: 1584, elementOrHash.elementID: 4484017280.9>
              Other, 0x10aaa4a40 <AX element pid: 1584, elementOrHash.elementID: 4483838080.10>
                Other, 0x10ecbb3c0 <AX element pid: 1584, elementOrHash.elementID: 4484174976.12>
                  Other, 0x12f50f040 <AX element pid: 1584, elementOrHash.elementID: 4689692800.14>
                    NavigationBar, 0x10<…>
2026-08-27 01:18:37.709 Df ReactTestApp[1584:8737e18] [com.apple.dt.xctest:Default] Query ↪︎ Descendants matching type Button
    ↪︎ Element at index 0 found matching snapshots: {(
    Button, identifier: 'BackButton'
)} (error: (null))
2026-08-27 01:18:37.709 Df ReactTestApp[1584:8737e18] [com.apple.dt.xctest:Default] Replying to query ↪︎ Descendants matching type Button
    ↪︎ Element at index 0 with results: <XCTElementQueryResults: 0x12affe610> (error: (null))
2026-08-27 01:18:37.711 Df ReactTestApp[1584:8737e18] [com.apple.dt.xctest:Default] Received attributes request for element: AX element pid: 1584, elementOrHash.elementID: 4459555776.168. Attributes: (
    "XC_kAXXCAttributeLabel"
)
2026-08-27 01:18:37.711 Df ReactTestApp[1584:8738505] [com.apple.dt.xctest:Default] XCTPerformOnMainRunLoop[not MT]: about to CFRunLoopPerform
2026-08-27 01:18:37.711 Df ReactTestApp[1584:8738505] [com.apple.dt.xctest:Default] XCTPerformOnMainRunLoop[not MT]: waiting with 30.00s responsiveness timeout
2026-08-27 01:18:37.711 Df ReactTestApp[1584:8737de0] [com.apple.dt.xctest:Default] XCTPerformOnMainRunLoop[MT]: inside CFRunLoopPerform
2026-08-27 01:18:37.711 Df ReactTestApp[1584:8737de0] [com.apple.dt.xctest:Default] XCTPerformOnMainRunLoop[MT]: MT responded in time (won the race to the busy flag)
2026-08-27 01:18:37.711 Df ReactTestApp[1584:8738505] [com.apple.dt.xctest:Default] XCTPerformOnMainRunLoop[not MT]: waiting 60.00s for work to complete
2026-08-27 01:18:37.711 Df ReactTestApp[1584:8737de0] [com.apple.dt.xctest:Default] Fetching AX attributes XC_kAXXCAttributeLabel for AX element pid: 1584, elementOrHash.elementID: 4459555776.168
2026-08-27 01:18:37.711 Df ReactTestApp[1584:8737de0] [com.apple.dt.xctest:Default] Got attributes, transferring to dictionary for return.
2026-08-27 01:18:37.711 Df ReactTestApp[1584:8737de0] [com.apple.dt.xctest:Default] Checking 'BottomTabs Example' for privileged AX value slot attributes
2026-08-27 01:18:37.711 Df ReactTestApp[1584:8738505] [com.apple.dt.xctest:Default] Replying with attribute values: {
    "XC_kAXXCAttributeLabel" = "BottomTabs Example";
}
2026-08-27 01:18:37.712 Df ReactTestApp[1584:8738505] [com.apple.dt.xctest:Default] Received attributes request for element: AX element pid: 1584, elementOrHash.elementID: 4459555776.168. Attributes: (
    "XC_kAXXCAttributeValue"
)
2026-08-27 01:18:37.712 Df ReactTestApp[1584:8738505] [com.apple.dt.xctest:Default] XCTPerformOnMainRunLoop[not MT]: about to CFRunLoopPerform
2026-08-27 01:18:37.712 Df ReactTestApp[1584:8738505] [com.apple.dt.xctest:Default] XCTPerformOnMainRunLoop[not MT]: waiting with 30.00s responsiveness timeout
2026-08-27 01:18:37.712 Df ReactTestApp[1584:8737de0] [com.apple.dt.xctest:Default] XCTPerformOnMainRunLoop[MT]: inside CFRunLoopPerform
2026-08-27 01:18:37.712 Df ReactTestApp[1584:8737de0] [com.apple.dt.xctest:Default] XCTPerformOnMainRunLoop[MT]: MT responded in time (won the race to the busy flag)
2026-08-27 01:18:37.712 Df ReactTestApp[1584:8738505] [com.apple.dt.xctest:Default] XCTPerformOnMainRunLoop[not MT]: waiting 60.00s for work to complete
2026-08-27 01:18:37.712 Df ReactTestApp[1584:8737de0] [com.apple.dt.xctest:Default] Fetching AX attributes XC_kAXXCAttributeValue for AX element pid: 1584, elementOrHash.elementID: 4459555776.168
2026-08-27 01:18:37.712 Df ReactTestApp[1584:8737de0] [com.apple.dt.xctest:Default] Got attributes, transferring to dictionary for return.
2026-08-27 01:18:37.712 Df ReactTestApp[1584:8738505] [com.apple.dt.xctest:Default] Replying with attribute values: {
}
2026-08-27 01:18:37.713 Df ReactTestApp[1584:8738505] [com.apple.dt.xctest:Default] Received attributes request for element: AX element pid: 1584, elementOrHash.elementID: 4459555776.168. Attributes: (
    "XC_kAXXCAttributePlaceholderValue"
)
2026-08-27 01:18:37.713 Df ReactTestApp[1584:8738505] [com.apple.dt.xctest:Default] XCTPerformOnMainRunLoop[not MT]: about to CFRunLoopPerform
2026-08-27 01:18:37.713 Df ReactTestApp[1584:8738505] [com.apple.dt.xctest:Default] XCTPerformOnMainRunLoop[not MT]: waiting with 30.00s responsiveness timeout
2026-08-27 01:18:37.713 Df ReactTestApp[1584:8737de0] [com.apple.dt.xctest:Default] XCTPerformOnMainRunLoop[MT]: inside CFRunLoopPerform
2026-08-27 01:18:37.713 Df ReactTestApp[1584:8737de0] [com.apple.dt.xctest:Default] XCTPerformOnMainRunLoop[MT]: MT responded in time (won the race to the busy flag)
2026-08-27 01:18:37.713 Df ReactTestApp[1584:8738505] [com.apple.dt.xctest:Default] XCTPerformOnMainRunLoop[not MT]: waiting 60.00s for work to complete
2026-08-27 01:18:37.713 Df ReactTestApp[1584:8737de0] [com.apple.dt.xctest:Default] Fetching AX attributes XC_kAXXCAttributePlaceholderValue for AX element pid: 1584, elementOrHash.elementID: 4459555776.168
2026-08-27 01:18:37.713 Df ReactTestApp[1584:8737de0] [com.apple.dt.xctest:Default] Got attributes, transferring to dictionary for return.
2026-08-27 01:18:37.713 Df ReactTestApp[1584:8738505] [com.apple.dt.xctest:Default] Replying with attribute values: {
}
2026-08-27 01:18:37.714 Df ReactTestApp[1584:8738505] [com.apple.dt.xctest:Default] Received request to fetch matches for query: ↪︎ Descendants matching type Button
    ↪︎ Element at index 0
2026-08-27 01:18:37.714 Df ReactTestApp[1584:8737e18] [com.apple.dt.xctest:Default] Evaluating query:
 ↪︎ Descendants matching type Button
    ↪︎ Element at index 0
2026-08-27 01:18:37.714 Df ReactTestApp[1584:8737e18] [com.apple.dt.xctest:Default] Getting root element snapshot
2026-08-27 01:18:37.714 Df ReactTestApp[1584:8737e18] [com.apple.dt.xctest:Default] Getting snapshot for App element pid: 1584 for query ↪︎ Descendants matching type Button
    ↪︎ Element at index 0
2026-08-27 01:18:37.715 Df ReactTestApp[1584:8737e18] [com.apple.dt.xctest:Default] Query requires iOS snapshot attributes XC_kAXXCAttributeElementType, XC_kAXXCAttributeElementBaseType, XC_kAXXCAttributeAutomationType, XC_kAXXCAttributeTraits.
2026-08-27 01:18:37.715 Df ReactTestApp[1584:8737e18] [com.apple.dt.xctest:Default] XCTPerformOnMainRunLoop[not MT]: about to CFRunLoopPerform
2026-08-27 01:18:37.715 Df ReactTestApp[1584:8737e18] [com.apple.dt.xctest:Default] XCTPerformOnMainRunLoop[not MT]: waiting with 30.00s responsiveness timeout
2026-08-27 01:18:37.715 Df ReactTestApp[1584:8737de0] [com.apple.dt.xctest:Default] XCTPerformOnMainRunLoop[MT]: inside CFRunLoopPerform
2026-08-27 01:18:37.715 Df ReactTestApp[1584:8737de0] [com.apple.dt.xctest:Default] XCTPerformOnMainRunLoop[MT]: MT responded in time (won the race to the busy flag)
2026-08-27 01:18:37.715 Df ReactTestApp[1584:8737e18] [com.apple.dt.xctest:Default] XCTPerformOnMainRunLoop[not MT]: waiting 60.00s for work to complete
2026-08-27 01:18:37.715 Df ReactTestApp[1584:8737de0] [com.apple.dt.xctest:Default] Got main window <AXUIElementRef 0x12afb7890> {pid=1584} {uid=[ID:4 hash:0x10a048880]}
2026-08-27 01:18:37.715 Df ReactTestApp[1584:8737de0] [com.apple.dt.xctest:Default] Capturing hierarchy with attributes XC_kAXXCAttributeElementType, XC_kAXXCAttributeElementBaseType, XC_kAXXCAttributeParent, XC_kAXXCAttributeIdentifier, XC_kAXXCAttributeAutomationType, XC_kAXXCAttributeTraits
2026-08-27 01:18:37.715 Df ReactTestApp[1584:8737de0] [com.apple.dt.xctest:Default] Capturing hierarchy with parameters {
    attributes =     (
        5003,
        5004,
        5002,
        5019,
        5058,
        2004
    );
    maxArrayCount = 2147483647;
    maxChildren = 2147483647;
    maxDepth = 2147483647;
    snapshotKeyHonorModalViews = 0;
    traverseFromParentsToChildren = 1;
}
2026-08-27 01:18:37.715 Df ReactTestApp[1584:8737de0] [com.apple.dt.xctest:Default] Snapshot attributes 5003, 5004, 5002, 5019, 5058, 2004
2026-08-27 01:18:37.743 Df ReactTestApp[1584:8737de0] [com.apple.dt.xctest:Default] Got snapshot for <AXUIElementRef 0x10eb58c50> {pid=1584} {uid=[ID:1 hash:0x0]}
2026-08-27 01:18:37.743 Df ReactTestApp[1584:8737de0] [com.apple.dt.xctest:Default] Got app orientation 0
2026-08-27 01:18:37.743 Df ReactTestApp[1584:8737de0] [com.apple.dt.xctest:Default] Captured accessibility snapshot data in 0.03s
2026-08-27 01:18:37.743 Df ReactTestApp[1584:8737e18] [com.apple.dt.xctest:Default] Found main window: Window
2026-08-27 01:18:37.743 Df ReactTestApp[1584:8737e18] [com.apple.dt.xctest:Default] Preferring automation type 48 instead of legacy element type OTHER derived from class/trait: UILabel:UILabel 8590000128
2026-08-27 01:18:37.744 Df ReactTestApp[1584:8737e18] [com.apple.dt.xctest:Default] Other is not actually a child of Other, including at this point anyway (rdar://problem/20738636)
2026-08-27 01:18:37.744 Df ReactTestApp[1584:8737e18] [com.apple.dt.xctest:Default] Other is not actually a child of Other, including at this point anyway (rdar://problem/20738636)
2026-08-27 01:18:37.744 Df ReactTestApp[1584:8737e18] [com.apple.dt.xctest:Default] Other is not actually a child of Other, including at this point anyway (rdar://problem/20738636)
2026-08-27 01:18:37.744 Df ReactTestApp[1584:8737e18] [com.apple.dt.xctest:Default] Other is not actually a child of Other, including at this point anyway (rdar://problem/20738636)
2026-08-27 01:18:37.744 Df ReactTestApp[1584:8737e18] [com.apple.dt.xctest:Default] Other is not actually a child of Other, including at this point anyway (rdar://problem/20738636)
2026-08-27 01:18:37.744 Df ReactTestApp[1584:8737e18] [com.apple.dt.xctest:Default] Preferring automation type 24 instead of legacy element type OTHER derived from class/trait: _UIFloatingBarContainerView:_UIFloatingBarContainerView 8589934592
2026-08-27 01:18:37.744 Df ReactTestApp[1584:8737e18] [com.apple.dt.xctest:Default] XCTPerformOnMainRunLoop[not MT]: about to CFRunLoopPerform
2026-08-27 01:18:37.744 Df ReactTestApp[1584:8737e18] [com.apple.dt.xctest:Default] XCTPerformOnMainRunLoop[not MT]: waiting with 30.00s responsiveness timeout
2026-08-27 01:18:37.744 Df ReactTestApp[1584:8737de0] [com.apple.dt.xctest:Default] XCTPerformOnMainRunLoop[MT]: inside CFRunLoopPerform
2026-08-27 01:18:37.744 Df ReactTestApp[1584:8737de0] [com.apple.dt.xctest:Default] XCTPerformOnMainRunLoop[MT]: MT responded in time (won the race to the busy flag)
2026-08-27 01:18:37.744 Df ReactTestApp[1584:8737e18] [com.apple.dt.xctest:Default] XCTPerformOnMainRunLoop[not MT]: waiting 60.00s for work to complete
2026-08-27 01:18:37.744 Df ReactTestApp[1584:8737de0] [com.apple.dt.xctest:Default] XCTElementQuery: set data source for rootElementSnapshot to <XCTAutomationSession: 0x10b2222d0>
2026-08-27 01:18:37.745 Df ReactTestApp[1584:8737e18] [com.apple.dt.xctest:Default] Finding all matches with input Application, pid: 1584 using transformers
↪︎ Descendants matching type Button
    ↪︎ Element at index 0
2026-08-27 01:18:37.745 Df ReactTestApp[1584:8737e18] [com.apple.dt.xctest:Default] [Match All] applied transformer `Descendants matching type Button` to input {(
    Application, pid: 1584
)}, found {(
    Button, identifier: 'BackButton',
    Button, Selected,
    Button,
    Button,
    Button,
    Button
)}
2026-08-27 01:18:37.745 Df ReactTestApp[1584:8737e18] [com.apple.dt.xctest:Default] [Match All] applied transformer `Element at index 0` to input {(
    Button, identifier: 'BackButton',
    Button, Selected,
    Button,
    Button,
    Button,
    Button
)}, found {(
    Button, identifier: 'BackButton'
)}
2026-08-27 01:18:37.745 Df ReactTestApp[1584:8737e18] [com.apple.dt.xctest:Default] [Match All] setting out related elements {(
)}
2026-08-27 01:18:37.749 Df ReactTestApp[1584:8737e18] [com.apple.dt.xctest:Default] Current tree:
Application, 0x119c331c0, pid: 1584 <App element pid: 1584>
  Window (Main), 0x127c8d940 <AX element pid: 1584, elementOrHash.elementID: 4463036544.4>
    Other, 0x127f9de40 <AX element pid: 1584, elementOrHash.elementID: 4607206464.68>
    Other, 0x10ec71bc0 <AX element pid: 1584, elementOrHash.elementID: 4462619648.5>
      Other, 0x119c8ecc0 <AX element pid: 1584, elementOrHash.elementID: 4534320000.6>
        Other, 0x119cc70c0 <AX element pid: 1584, elementOrHash.elementID: 4468801152.7>
          Other, 0x119c6a6c0 <AX element pid: 1584, elementOrHash.elementID: 4453470784.8>
            Other, 0x10ecbd940 <AX element pid: 1584, elementOrHash.elementID: 4484017280.9>
              Other, 0x127fa5ac0 <AX element pid: 1584, elementOrHash.elementID: 4483838080.10>
                Other, 0x127fd3cc0 <AX element pid: 1584, elementOrHash.elementID: 4484174976.12>
                  Other, 0x127cefd40 <AX element pid: 1584, elementOrHash.elementID: 4689692800.14>
                    NavigationBar, 0x11<…>
2026-08-27 01:18:37.749 Df ReactTestApp[1584:8737e18] [com.apple.dt.xctest:Default] Query ↪︎ Descendants matching type Button
    ↪︎ Element at index 0 found matching snapshots: {(
    Button, identifier: 'BackButton'
)} (error: (null))
2026-08-27 01:18:37.749 Df ReactTestApp[1584:8737e18] [com.apple.dt.xctest:Default] Replying to query ↪︎ Descendants matching type Button
    ↪︎ Element at index 0 with results: <XCTElementQueryResults: 0x12af92b90> (error: (null))
2026-08-27 01:18:37.750 Df ReactTestApp[1584:8737e18] [com.apple.dt.xctest:Default] Received attributes request for element: AX element pid: 1584, elementOrHash.elementID: 4459555776.168. Attributes: (
    "XC_kAXXCAttributeVisiblePoint"
)
2026-08-27 01:18:37.750 Df ReactTestApp[1584:8737e18] [com.apple.dt.xctest:Default] XCTPerformOnMainRunLoop[not MT]: about to CFRunLoopPerform
2026-08-27 01:18:37.750 Df ReactTestApp[1584:8737e18] [com.apple.dt.xctest:Default] XCTPerformOnMainRunLoop[not MT]: waiting with 30.00s responsiveness timeout
2026-08-27 01:18:37.750 Df ReactTestApp[1584:8737de0] [com.apple.dt.xctest:Default] XCTPerformOnMainRunLoop[MT]: inside CFRunLoopPerform
2026-08-27 01:18:37.751 Df ReactTestApp[1584:8737de0] [com.apple.dt.xctest:Default] XCTPerformOnMainRunLoop[MT]: MT responded in time (won the race to the busy flag)
2026-08-27 01:18:37.751 Df ReactTestApp[1584:8737de0] [com.apple.dt.xctest:Default] Fetching AX attributes XC_kAXXCAttributeVisiblePoint for AX element pid: 1584, elementOrHash.elementID: 4459555776.168
2026-08-27 01:18:37.751 Df ReactTestApp[1584:8737e18] [com.apple.dt.xctest:Default] XCTPerformOnMainRunLoop[not MT]: waiting 60.00s for work to complete
2026-08-27 01:18:37.785 E  ReactTestApp[1584:8737de0] [com.apple.Accessibility:AXRuntimeCommon] Unknown client: ReactTestApp
2026-08-27 01:18:37.791 Df ReactTestApp[1584:8737de0] [com.apple.dt.xctest:Default] Got attributes, transferring to dictionary for return.
2026-08-27 01:18:37.791 Df ReactTestApp[1584:8737e18] [com.apple.dt.xctest:Default] Replying with attribute values: {
    "XC_kAXXCAttributeVisiblePoint" =     {
        X = 38;
        Y = 84;
    };
}
2026-08-27 01:18:37.792 Df ReactTestApp[1584:8737e18] [com.apple.dt.xctest:Default] Received attributes request for element: AX element pid: 1584, elementOrHash.elementID: 4459555776.168. Attributes: (
    "XC_kAXXCAttributeWindowContextId"
)
2026-08-27 01:18:37.792 Df ReactTestApp[1584:8737e18] [com.apple.dt.xctest:Default] XCTPerformOnMainRunLoop[not MT]: about to CFRunLoopPerform
2026-08-27 01:18:37.792 Df ReactTestApp[1584:8737e18] [com.apple.dt.xctest:Default] XCTPerformOnMainRunLoop[not MT]: waiting with 30.00s responsiveness timeout
2026-08-27 01:18:37.792 Df ReactTestApp[1584:8737de0] [com.apple.dt.xctest:Default] XCTPerformOnMainRunLoop[MT]: inside CFRunLoopPerform
2026-08-27 01:18:37.792 Df ReactTestApp[1584:8737de0] [com.apple.dt.xctest:Default] XCTPerformOnMainRunLoop[MT]: MT responded in time (won the race to the busy flag)
2026-08-27 01:18:37.792 Df ReactTestApp[1584:8737e18] [com.apple.dt.xctest:Default] XCTPerformOnMainRunLoop[not MT]: waiting 60.00s for work to complete
2026-08-27 01:18:37.792 Df ReactTestApp[1584:8737de0] [com.apple.dt.xctest:Default] Fetching AX attributes XC_kAXXCAttributeWindowContextId for AX element pid: 1584, elementOrHash.elementID: 4459555776.168
2026-08-27 01:18:37.792 Df ReactTestApp[1584:8737de0] [com.apple.dt.xctest:Default] Got attributes, transferring to dictionary for return.
2026-08-27 01:18:37.793 Df ReactTestApp[1584:8737e18] [com.apple.dt.xctest:Default] Replying with attribute values: {
    "XC_kAXXCAttributeWindowContextId" = 1508916392;
}
2026-08-27 01:18:37.793 Df ReactTestApp[1584:8737e18] [com.apple.dt.xctest:Default] Received attributes request for element: AX element pid: 1584, elementOrHash.elementID: 4459555776.168. Attributes: (
    "XC_kAXXCAttributeWindowDisplayId"
)
2026-08-27 01:18:37.793 Df ReactTestApp[1584:8737e18] [com.apple.dt.xctest:Default] XCTPerformOnMainRunLoop[not MT]: about to CFRunLoopPerform
2026-08-27 01:18:37.793 Df ReactTestApp[1584:8737e18] [com.apple.dt.xctest:Default] XCTPerformOnMainRunLoop[not MT]: waiting with 30.00s responsiveness timeout
2026-08-27 01:18:37.793 Df ReactTestApp[1584:8737de0] [com.apple.dt.xctest:Default] XCTPerformOnMainRunLoop[MT]: inside CFRunLoopPerform
2026-08-27 01:18:37.793 Df ReactTestApp[1584:8737de0] [com.apple.dt.xctest:Default] XCTPerformOnMainRunLoop[MT]: MT responded in time (won the race to the busy flag)
2026-08-27 01:18:37.793 Df ReactTestApp[1584:8737e18] [com.apple.dt.xctest:Default] XCTPerformOnMainRunLoop[not MT]: waiting 60.00s for work to complete
2026-08-27 01:18:37.793 Df ReactTestApp[1584:8737de0] [com.apple.dt.xctest:Default] Fetching AX attributes XC_kAXXCAttributeWindowDisplayId for AX element pid: 1584, elementOrHash.elementID: 4459555776.168
2026-08-27 01:18:37.793 Df ReactTestApp[1584:8737de0] [com.apple.dt.xctest:Default] Got attributes, transferring to dictionary for return.
2026-08-27 01:18:37.793 Df ReactTestApp[1584:8737e18] [com.apple.dt.xctest:Default] Replying with attribute values: {
    "XC_kAXXCAttributeWindowDisplayId" = 1;
}
2026-08-27 01:18:37.795 Df ReactTestApp[1584:8737e18] [com.apple.dt.xctest:Default] Received attributes request for element: AX element pid: 1584, elementOrHash.elementID: 4459555776.168. Attributes: (
    "XC_kAXXCAttributeFrame",
    "XC_kAXXCAttributeWindowDisplayId",
    "XC_kAXXCAttributeWindowContextId"
)
2026-08-27 01:18:37.795 Df ReactTestApp[1584:8737e18] [com.apple.dt.xctest:Default] XCTPerformOnMainRunLoop[not MT]: about to CFRunLoopPerform
2026-08-27 01:18:37.795 Df ReactTestApp[1584:8737e18] [com.apple.dt.xctest:Default] XCTPerformOnMainRunLoop[not MT]: waiting with 30.00s responsiveness timeout
2026-08-27 01:18:37.795 Df ReactTestApp[1584:8737de0] [com.apple.dt.xctest:Default] XCTPerformOnMainRunLoop[MT]: inside CFRunLoopPerform
2026-08-27 01:18:37.795 Df ReactTestApp[1584:8737de0] [com.apple.dt.xctest:Default] XCTPerformOnMainRunLoop[MT]: MT responded in time (won the race to the busy flag)
2026-08-27 01:18:37.795 Df ReactTestApp[1584:8737de0] [com.apple.dt.xctest:Default] Fetching AX attributes XC_kAXXCAttributeFrame, XC_kAXXCAttributeWindowDisplayId, XC_kAXXCAttributeWindowContextId for AX element pid: 1584, elementOrHash.elementID: 4459555776.168
2026-08-27 01:18:37.795 Df ReactTestApp[1584:8737e18] [com.apple.dt.xctest:Default] XCTPerformOnMainRunLoop[not MT]: waiting 60.00s for work to complete
2026-08-27 01:18:37.795 Df ReactTestApp[1584:8737de0] [com.apple.dt.xctest:Default] Got attributes, transferring to dictionary for return.
2026-08-27 01:18:37.795 Df ReactTestApp[1584:8737e18] [com.apple.dt.xctest:Default] Replying with attribute values: {
    "XC_kAXXCAttributeFrame" =     {
        Height = 44;
        Width = 44;
        X = 16;
        Y = 62;
    };
    "XC_kAXXCAttributeWindowContextId" = 1508916392;
    "XC_kAXXCAttributeWindowDisplayId" = 1;
}
2026-08-27 01:18:37.798 Df ReactTestApp[1584:8737e18] [com.apple.dt.xctest:Default] Received attributes request for element: AX element pid: 1584, elementOrHash.elementID: 4459555776.168. Attributes: (
    "XC_kAXXCAttributeLabel"
)
2026-08-27 01:18:37.798 Df ReactTestApp[1584:8738505] [com.apple.dt.xctest:Default] XCTPerformOnMainRunLoop[not MT]: about to CFRunLoopPerform
2026-08-27 01:18:37.798 Df ReactTestApp[1584:8738505] [com.apple.dt.xctest:Default] XCTPerformOnMainRunLoop[not MT]: waiting with 30.00s responsiveness timeout
2026-08-27 01:18:37.798 Df ReactTestApp[1584:8737de0] [com.apple.dt.xctest:Default] XCTPerformOnMainRunLoop[MT]: inside CFRunLoopPerform
2026-08-27 01:18:37.798 Df ReactTestApp[1584:8737de0] [com.apple.dt.xctest:Default] XCTPerformOnMainRunLoop[MT]: MT responded in time (won the race to the busy flag)
2026-08-27 01:18:37.798 Df ReactTestApp[1584:8738505] [com.apple.dt.xctest:Default] XCTPerformOnMainRunLoop[not MT]: waiting 60.00s for work to complete
2026-08-27 01:18:37.798 Df ReactTestApp[1584:8737de0] [com.apple.dt.xctest:Default] Fetching AX attributes XC_kAXXCAttributeLabel for AX element pid: 1584, elementOrHash.elementID: 4459555776.168
2026-08-27 01:18:37.798 Df ReactTestApp[1584:8737de0] [com.apple.dt.xctest:Default] Got attributes, transferring to dictionary for return.
2026-08-27 01:18:37.798 Df ReactTestApp[1584:8737de0] [com.apple.dt.xctest:Default] Checking 'BottomTabs Example' for privileged AX value slot attributes
2026-08-27 01:18:37.798 Df ReactTestApp[1584:8738505] [com.apple.dt.xctest:Default] Replying with attribute values: {
    "XC_kAXXCAttributeLabel" = "BottomTabs Example";
}
2026-08-27 01:18:37.799 Df ReactTestApp[1584:8738505] [com.apple.dt.xctest:Default] Received attributes request for element: AX element pid: 1584, elementOrHash.elementID: 4459555776.168. Attributes: (
    "XC_kAXXCAttributeValue"
)
2026-08-27 01:18:37.799 Df ReactTestApp[1584:8737e18] [com.apple.dt.xctest:Default] XCTPerformOnMainRunLoop[not MT]: about to CFRunLoopPerform
2026-08-27 01:18:37.799 Df ReactTestApp[1584:8737e18] [com.apple.dt.xctest:Default] XCTPerformOnMainRunLoop[not MT]: waiting with 30.00s responsiveness timeout
2026-08-27 01:18:37.799 Df ReactTestApp[1584:8737de0] [com.apple.dt.xctest:Default] XCTPerformOnMainRunLoop[MT]: inside CFRunLoopPerform
2026-08-27 01:18:37.799 Df ReactTestApp[1584:8737de0] [com.apple.dt.xctest:Default] XCTPerformOnMainRunLoop[MT]: MT responded in time (won the race to the busy flag)
2026-08-27 01:18:37.799 Df ReactTestApp[1584:8737e18] [com.apple.dt.xctest:Default] XCTPerformOnMainRunLoop[not MT]: waiting 60.00s for work to complete
2026-08-27 01:18:37.799 Df ReactTestApp[1584:8737de0] [com.apple.dt.xctest:Default] Fetching AX attributes XC_kAXXCAttributeValue for AX element pid: 1584, elementOrHash.elementID: 4459555776.168
2026-08-27 01:18:37.799 Df ReactTestApp[1584:8737de0] [com.apple.dt.xctest:Default] Got attributes, transferring to dictionary for return.
2026-08-27 01:18:37.799 Df ReactTestApp[1584:8737e18] [com.apple.dt.xctest:Default] Replying with attribute values: {
}
2026-08-27 01:18:37.800 Df ReactTestApp[1584:8737e18] [com.apple.dt.xctest:Default] Received attributes request for element: AX element pid: 1584, elementOrHash.elementID: 4459555776.168. Attributes: (
    "XC_kAXXCAttributePlaceholderValue"
)
2026-08-27 01:18:37.800 Df ReactTestApp[1584:8738505] [com.apple.dt.xctest:Default] XCTPerformOnMainRunLoop[not MT]: about to CFRunLoopPerform
2026-08-27 01:18:37.800 Df ReactTestApp[1584:8738505] [com.apple.dt.xctest:Default] XCTPerformOnMainRunLoop[not MT]: waiting with 30.00s responsiveness timeout
2026-08-27 01:18:37.800 Df ReactTestApp[1584:8737de0] [com.apple.dt.xctest:Default] XCTPerformOnMainRunLoop[MT]: inside CFRunLoopPerform
2026-08-27 01:18:37.800 Df ReactTestApp[1584:8737de0] [com.apple.dt.xctest:Default] XCTPerformOnMainRunLoop[MT]: MT responded in time (won the race to the busy flag)
2026-08-27 01:18:37.800 Df ReactTestApp[1584:8738505] [com.apple.dt.xctest:Default] XCTPerformOnMainRunLoop[not MT]: waiting 60.00s for work to complete
2026-08-27 01:18:37.800 Df ReactTestApp[1584:8737de0] [com.apple.dt.xctest:Default] Fetching AX attributes XC_kAXXCAttributePlaceholderValue for AX element pid: 1584, elementOrHash.elementID: 4459555776.168
2026-08-27 01:18:37.800 Df ReactTestApp[1584:8737de0] [com.apple.dt.xctest:Default] Got attributes, transferring to dictionary for return.
2026-08-27 01:18:37.800 Df ReactTestApp[1584:8738505] [com.apple.dt.xctest:Default] Replying with attribute values: {
}
2026-08-27 01:18:37.801 Df ReactTestApp[1584:8738505] [com.apple.dt.xctest:Default] Received request to fetch matches for query: ↪︎ Descendants matching type Button
    ↪︎ Element at index 0
2026-08-27 01:18:37.801 Df ReactTestApp[1584:8738505] [com.apple.dt.xctest:Default] Evaluating query:
 ↪︎ Descendants matching type Button
    ↪︎ Element at index 0
2026-08-27 01:18:37.801 Df ReactTestApp[1584:8738505] [com.apple.dt.xctest:Default] Getting root element snapshot
2026-08-27 01:18:37.801 Df ReactTestApp[1584:8738505] [com.apple.dt.xctest:Default] Getting snapshot for App element pid: 1584 for query ↪︎ Descendants matching type Button
    ↪︎ Element at index 0
2026-08-27 01:18:37.801 Df ReactTestApp[1584:8738505] [com.apple.dt.xctest:Default] Query requires iOS snapshot attributes XC_kAXXCAttributeElementType, XC_kAXXCAttributeElementBaseType, XC_kAXXCAttributeAutomationType, XC_kAXXCAttributeTraits.
2026-08-27 01:18:37.802 Df ReactTestApp[1584:8738505] [com.apple.dt.xctest:Default] XCTPerformOnMainRunLoop[not MT]: about to CFRunLoopPerform
2026-08-27 01:18:37.802 Df ReactTestApp[1584:8738505] [com.apple.dt.xctest:Default] XCTPerformOnMainRunLoop[not MT]: waiting with 30.00s responsiveness timeout
2026-08-27 01:18:37.802 Df ReactTestApp[1584:8737de0] [com.apple.dt.xctest:Default] XCTPerformOnMainRunLoop[MT]: inside CFRunLoopPerform
2026-08-27 01:18:37.802 Df ReactTestApp[1584:8737de0] [com.apple.dt.xctest:Default] XCTPerformOnMainRunLoop[MT]: MT responded in time (won the race to the busy flag)
2026-08-27 01:18:37.802 Df ReactTestApp[1584:8738505] [com.apple.dt.xctest:Default] XCTPerformOnMainRunLoop[not MT]: waiting 60.00s for work to complete
2026-08-27 01:18:37.802 Df ReactTestApp[1584:8737de0] [com.apple.dt.xctest:Default] Got main window <AXUIElementRef 0x110c7f250> {pid=1584} {uid=[ID:4 hash:0x10a048880]}
2026-08-27 01:18:37.802 Df ReactTestApp[1584:8737de0] [com.apple.dt.xctest:Default] Capturing hierarchy with attributes XC_kAXXCAttributeElementType, XC_kAXXCAttributeElementBaseType, XC_kAXXCAttributeParent, XC_kAXXCAttributeIdentifier, XC_kAXXCAttributeAutomationType, XC_kAXXCAttributeTraits
2026-08-27 01:18:37.802 Df ReactTestApp[1584:8737de0] [com.apple.dt.xctest:Default] Capturing hierarchy with parameters {
    attributes =     (
        5003,
        5004,
        5002,
        5019,
        5058,
        2004
    );
    maxArrayCount = 2147483647;
    maxChildren = 2147483647;
    maxDepth = 2147483647;
    snapshotKeyHonorModalViews = 0;
    traverseFromParentsToChildren = 1;
}
2026-08-27 01:18:37.802 Df ReactTestApp[1584:8737de0] [com.apple.dt.xctest:Default] Snapshot attributes 5003, 5004, 5002, 5019, 5058, 2004
2026-08-27 01:18:37.828 Df ReactTestApp[1584:8737de0] [com.apple.dt.xctest:Default] Got snapshot for <AXUIElementRef 0x110cd4190> {pid=1584} {uid=[ID:1 hash:0x0]}
2026-08-27 01:18:37.828 Df ReactTestApp[1584:8737de0] [com.apple.dt.xctest:Default] Got app orientation 0
2026-08-27 01:18:37.828 Df ReactTestApp[1584:8737de0] [com.apple.dt.xctest:Default] Captured accessibility snapshot data in 0.03s
2026-08-27 01:18:37.828 Df ReactTestApp[1584:8738505] [com.apple.dt.xctest:Default] Found main window: Window
2026-08-27 01:18:37.829 Df ReactTestApp[1584:8738505] [com.apple.dt.xctest:Default] Preferring automation type 48 instead of legacy element type OTHER derived from class/trait: UILabel:UILabel 8590000128
2026-08-27 01:18:37.829 Df ReactTestApp[1584:8738505] [com.apple.dt.xctest:Default] Other is not actually a child of Other, including at this point anyway (rdar://problem/20738636)
2026-08-27 01:18:37.829 Df ReactTestApp[1584:8738505] [com.apple.dt.xctest:Default] Other is not actually a child of Other, including at this point anyway (rdar://problem/20738636)
2026-08-27 01:18:37.829 Df ReactTestApp[1584:8738505] [com.apple.dt.xctest:Default] Other is not actually a child of Other, including at this point anyway (rdar://problem/20738636)
2026-08-27 01:18:37.829 Df ReactTestApp[1584:8738505] [com.apple.dt.xctest:Default] Other is not actually a child of Other, including at this point anyway (rdar://problem/20738636)
2026-08-27 01:18:37.829 Df ReactTestApp[1584:8738505] [com.apple.dt.xctest:Default] Other is not actually a child of Other, including at this point anyway (rdar://problem/20738636)
2026-08-27 01:18:37.829 Df ReactTestApp[1584:8738505] [com.apple.dt.xctest:Default] Preferring automation type 24 instead of legacy element type OTHER derived from class/trait: _UIFloatingBarContainerView:_UIFloatingBarContainerView 8589934592
2026-08-27 01:18:37.830 Df ReactTestApp[1584:8738505] [com.apple.dt.xctest:Default] XCTPerformOnMainRunLoop[not MT]: about to CFRunLoopPerform
2026-08-27 01:18:37.830 Df ReactTestApp[1584:8738505] [com.apple.dt.xctest:Default] XCTPerformOnMainRunLoop[not MT]: waiting with 30.00s responsiveness timeout
2026-08-27 01:18:37.830 Df ReactTestApp[1584:8737de0] [com.apple.dt.xctest:Default] XCTPerformOnMainRunLoop[MT]: inside CFRunLoopPerform
2026-08-27 01:18:37.830 Df ReactTestApp[1584:8737de0] [com.apple.dt.xctest:Default] XCTPerformOnMainRunLoop[MT]: MT responded in time (won the race to the busy flag)
2026-08-27 01:18:37.830 Df ReactTestApp[1584:8738505] [com.apple.dt.xctest:Default] XCTPerformOnMainRunLoop[not MT]: waiting 60.00s for work to complete
2026-08-27 01:18:37.830 Df ReactTestApp[1584:8737de0] [com.apple.dt.xctest:Default] XCTElementQuery: set data source for rootElementSnapshot to <XCTAutomationSession: 0x10b2222d0>
2026-08-27 01:18:37.830 Df ReactTestApp[1584:8738505] [com.apple.dt.xctest:Default] Finding all matches with input Application, pid: 1584 using transformers
↪︎ Descendants matching type Button
    ↪︎ Element at index 0
2026-08-27 01:18:37.830 Df ReactTestApp[1584:8738505] [com.apple.dt.xctest:Default] [Match All] applied transformer `Descendants matching type Button` to input {(
    Application, pid: 1584
)}, found {(
    Button, identifier: 'BackButton',
    Button, Selected,
    Button,
    Button,
    Button,
    Button
)}
2026-08-27 01:18:37.830 Df ReactTestApp[1584:8738505] [com.apple.dt.xctest:Default] [Match All] applied transformer `Element at index 0` to input {(
    Button, identifier: 'BackButton',
    Button, Selected,
    Button,
    Button,
    Button,
    Button
)}, found {(
    Button, identifier: 'BackButton'
)}
2026-08-27 01:18:37.830 Df ReactTestApp[1584:8738505] [com.apple.dt.xctest:Default] [Match All] setting out related elements {(
)}
2026-08-27 01:18:37.834 Df ReactTestApp[1584:8738505] [com.apple.dt.xctest:Default] Current tree:
Application, 0x10e5d66c0, pid: 1584 <App element pid: 1584>
  Window (Main), 0x119cd6540 <AX element pid: 1584, elementOrHash.elementID: 4463036544.4>
    Other, 0x10ecef740 <AX element pid: 1584, elementOrHash.elementID: 4607206464.68>
    Other, 0x119cd6cc0 <AX element pid: 1584, elementOrHash.elementID: 4462619648.5>
      Other, 0x12f5040c0 <AX element pid: 1584, elementOrHash.elementID: 4534320000.6>
        Other, 0x119cd6b40 <AX element pid: 1584, elementOrHash.elementID: 4468801152.7>
          Other, 0x119cd66c0 <AX element pid: 1584, elementOrHash.elementID: 4453470784.8>
            Other, 0x119cd6e40 <AX element pid: 1584, elementOrHash.elementID: 4484017280.9>
              Other, 0x119cba1c0 <AX element pid: 1584, elementOrHash.elementID: 4483838080.10>
                Other, 0x119cba340 <AX element pid: 1584, elementOrHash.elementID: 4484174976.12>
                  Other, 0x119cbac40 <AX element pid: 1584, elementOrHash.elementID: 4689692800.14>
                    NavigationBar, 0x11<…>
2026-08-27 01:18:37.834 Df ReactTestApp[1584:8738505] [com.apple.dt.xctest:Default] Query ↪︎ Descendants matching type Button
    ↪︎ Element at index 0 found matching snapshots: {(
    Button, identifier: 'BackButton'
)} (error: (null))
2026-08-27 01:18:37.834 Df ReactTestApp[1584:8738505] [com.apple.dt.xctest:Default] Replying to query ↪︎ Descendants matching type Button
    ↪︎ Element at index 0 with results: <XCTElementQueryResults: 0x10eb87350> (error: (null))
2026-08-27 01:18:37.835 Df ReactTestApp[1584:8738505] [com.apple.dt.xctest:Default] Received attributes request for element: AX element pid: 1584, elementOrHash.elementID: 4459555776.168. Attributes: (
    "XC_kAXXCAttributeHasNativeFocus"
)
2026-08-27 01:18:37.836 Df ReactTestApp[1584:8738505] [com.apple.dt.xctest:Default] XCTPerformOnMainRunLoop[not MT]: about to CFRunLoopPerform
2026-08-27 01:18:37.836 Df ReactTestApp[1584:8738505] [com.apple.dt.xctest:Default] XCTPerformOnMainRunLoop[not MT]: waiting with 30.00s responsiveness timeout
2026-08-27 01:18:37.836 Df ReactTestApp[1584:8737de0] [com.apple.dt.xctest:Default] XCTPerformOnMainRunLoop[MT]: inside CFRunLoopPerform
2026-08-27 01:18:37.836 Df ReactTestApp[1584:8737de0] [com.apple.dt.xctest:Default] XCTPerformOnMainRunLoop[MT]: MT responded in time (won the race to the busy flag)
2026-08-27 01:18:37.836 Df ReactTestApp[1584:8738505] [com.apple.dt.xctest:Default] XCTPerformOnMainRunLoop[not MT]: waiting 60.00s for work to complete
2026-08-27 01:18:37.836 Df ReactTestApp[1584:8737de0] [com.apple.dt.xctest:Default] Fetching AX attributes XC_kAXXCAttributeHasNativeFocus for AX element pid: 1584, elementOrHash.elementID: 4459555776.168
2026-08-27 01:18:37.836 Df ReactTestApp[1584:8737de0] [com.apple.dt.xctest:Default] Got attributes, transferring to dictionary for return.
2026-08-27 01:18:37.836 Df ReactTestApp[1584:8738505] [com.apple.dt.xctest:Default] Replying with attribute values: {
    "XC_kAXXCAttributeHasNativeFocus" = 0;
}
2026-08-27 01:18:37.836 Df ReactTestApp[1584:8738505] [com.apple.dt.xctest:Default] Received attributes request for element: AX element pid: 1584, elementOrHash.elementID: 4459555776.168. Attributes: (
    "XC_kAXXCAttributeLabel"
)
2026-08-27 01:18:37.836 Df ReactTestApp[1584:8738505] [com.apple.dt.xctest:Default] XCTPerformOnMainRunLoop[not MT]: about to CFRunLoopPerform
2026-08-27 01:18:37.837 Df ReactTestApp[1584:8738505] [com.apple.dt.xctest:Default] XCTPerformOnMainRunLoop[not MT]: waiting with 30.00s responsiveness timeout
2026-08-27 01:18:37.837 Df ReactTestApp[1584:8737de0] [com.apple.dt.xctest:Default] XCTPerformOnMainRunLoop[MT]: inside CFRunLoopPerform
2026-08-27 01:18:37.837 Df ReactTestApp[1584:8737de0] [com.apple.dt.xctest:Default] XCTPerformOnMainRunLoop[MT]: MT responded in time (won the race to the busy flag)
2026-08-27 01:18:37.837 Df ReactTestApp[1584:8738505] [com.apple.dt.xctest:Default] XCTPerformOnMainRunLoop[not MT]: waiting 60.00s for work to complete
2026-08-27 01:18:37.837 Df ReactTestApp[1584:8737de0] [com.apple.dt.xctest:Default] Fetching AX attributes XC_kAXXCAttributeLabel for AX element pid: 1584, elementOrHash.elementID: 4459555776.168
2026-08-27 01:18:37.837 Df ReactTestApp[1584:8737de0] [com.apple.dt.xctest:Default] Got attributes, transferring to dictionary for return.
2026-08-27 01:18:37.837 Df ReactTestApp[1584:8737de0] [com.apple.dt.xctest:Default] Checking 'BottomTabs Example' for privileged AX value slot attributes
2026-08-27 01:18:37.837 Df ReactTestApp[1584:8738505] [com.apple.dt.xctest:Default] Replying with attribute values: {
    "XC_kAXXCAttributeLabel" = "BottomTabs Example";
}
2026-08-27 01:18:37.838 Df ReactTestApp[1584:8738505] [com.apple.dt.xctest:Default] Received attributes request for element: AX element pid: 1584, elementOrHash.elementID: 4459555776.168. Attributes: (
    "XC_kAXXCAttributeValue"
)
2026-08-27 01:18:37.838 Df ReactTestApp[1584:8737e18] [com.apple.dt.xctest:Default] XCTPerformOnMainRunLoop[not MT]: about to CFRunLoopPerform
2026-08-27 01:18:37.838 Df ReactTestApp[1584:8737e18] [com.apple.dt.xctest:Default] XCTPerformOnMainRunLoop[not MT]: waiting with 30.00s responsiveness timeout
2026-08-27 01:18:37.838 Df ReactTestApp[1584:8737de0] [com.apple.dt.xctest:Default] XCTPerformOnMainRunLoop[MT]: inside CFRunLoopPerform
2026-08-27 01:18:37.838 Df ReactTestApp[1584:8737de0] [com.apple.dt.xctest:Default] XCTPerformOnMainRunLoop[MT]: MT responded in time (won the race to the busy flag)
2026-08-27 01:18:37.838 Df ReactTestApp[1584:8737e18] [com.apple.dt.xctest:Default] XCTPerformOnMainRunLoop[not MT]: waiting 60.00s for work to complete
2026-08-27 01:18:37.838 Df ReactTestApp[1584:8737de0] [com.apple.dt.xctest:Default] Fetching AX attributes XC_kAXXCAttributeValue for AX element pid: 1584, elementOrHash.elementID: 4459555776.168
2026-08-27 01:18:37.838 Df ReactTestApp[1584:8737de0] [com.apple.dt.xctest:Default] Got attributes, transferring to dictionary for return.
2026-08-27 01:18:37.838 Df ReactTestApp[1584:8737e18] [com.apple.dt.xctest:Default] Replying with attribute values: {
}
2026-08-27 01:18:37.839 Df ReactTestApp[1584:8737e18] [com.apple.dt.xctest:Default] Received attributes request for element: AX element pid: 1584, elementOrHash.elementID: 4459555776.168. Attributes: (
    "XC_kAXXCAttributePlaceholderValue"
)
2026-08-27 01:18:37.839 Df ReactTestApp[1584:8737e18] [com.apple.dt.xctest:Default] XCTPerformOnMainRunLoop[not MT]: about to CFRunLoopPerform
2026-08-27 01:18:37.839 Df ReactTestApp[1584:8737e18] [com.apple.dt.xctest:Default] XCTPerformOnMainRunLoop[not MT]: waiting with 30.00s responsiveness timeout
2026-08-27 01:18:37.839 Df ReactTestApp[1584:8737de0] [com.apple.dt.xctest:Default] XCTPerformOnMainRunLoop[MT]: inside CFRunLoopPerform
2026-08-27 01:18:37.839 Df ReactTestApp[1584:8737de0] [com.apple.dt.xctest:Default] XCTPerformOnMainRunLoop[MT]: MT responded in time (won the race to the busy flag)
2026-08-27 01:18:37.839 Df ReactTestApp[1584:8737e18] [com.apple.dt.xctest:Default] XCTPerformOnMainRunLoop[not MT]: waiting 60.00s for work to complete
2026-08-27 01:18:37.839 Df ReactTestApp[1584:8737de0] [com.apple.dt.xctest:Default] Fetching AX attributes XC_kAXXCAttributePlaceholderValue for AX element pid: 1584, elementOrHash.elementID: 4459555776.168
2026-08-27 01:18:37.839 Df ReactTestApp[1584:8737de0] [com.apple.dt.xctest:Default] Got attributes, transferring to dictionary for return.
2026-08-27 01:18:37.839 Df ReactTestApp[1584:8737e18] [com.apple.dt.xctest:Default] Replying with attribute values: {
}
2026-08-27 01:18:37.840 Df ReactTestApp[1584:8737e18] [com.apple.dt.xctest:Default] Received request to fetch matches for query: ↪︎ Descendants matching type Button
    ↪︎ Element at index 0
2026-08-27 01:18:37.840 Df ReactTestApp[1584:8738505] [com.apple.dt.xctest:Default] Evaluating query:
 ↪︎ Descendants matching type Button
    ↪︎ Element at index 0
2026-08-27 01:18:37.840 Df ReactTestApp[1584:8738505] [com.apple.dt.xctest:Default] Getting root element snapshot
2026-08-27 01:18:37.840 Df ReactTestApp[1584:8738505] [com.apple.dt.xctest:Default] Getting snapshot for App element pid: 1584 for query ↪︎ Descendants matching type Button
    ↪︎ Element at index 0
2026-08-27 01:18:37.840 Df ReactTestApp[1584:8738505] [com.apple.dt.xctest:Default] Query requires iOS snapshot attributes XC_kAXXCAttributeElementType, XC_kAXXCAttributeElementBaseType, XC_kAXXCAttributeAutomationType, XC_kAXXCAttributeTraits.
2026-08-27 01:18:37.840 Df ReactTestApp[1584:8738505] [com.apple.dt.xctest:Default] XCTPerformOnMainRunLoop[not MT]: about to CFRunLoopPerform
2026-08-27 01:18:37.840 Df ReactTestApp[1584:8738505] [com.apple.dt.xctest:Default] XCTPerformOnMainRunLoop[not MT]: waiting with 30.00s responsiveness timeout
2026-08-27 01:18:37.840 Df ReactTestApp[1584:8737de0] [com.apple.dt.xctest:Default] XCTPerformOnMainRunLoop[MT]: inside CFRunLoopPerform
2026-08-27 01:18:37.840 Df ReactTestApp[1584:8737de0] [com.apple.dt.xctest:Default] XCTPerformOnMainRunLoop[MT]: MT responded in time (won the race to the busy flag)
2026-08-27 01:18:37.840 Df ReactTestApp[1584:8738505] [com.apple.dt.xctest:Default] XCTPerformOnMainRunLoop[not MT]: waiting 60.00s for work to complete
2026-08-27 01:18:37.841 Df ReactTestApp[1584:8737de0] [com.apple.dt.xctest:Default] Got main window <AXUIElementRef 0x10e330b10> {pid=1584} {uid=[ID:4 hash:0x10a048880]}
2026-08-27 01:18:37.841 Df ReactTestApp[1584:8737de0] [com.apple.dt.xctest:Default] Capturing hierarchy with attributes XC_kAXXCAttributeElementType, XC_kAXXCAttributeElementBaseType, XC_kAXXCAttributeParent, XC_kAXXCAttributeIdentifier, XC_kAXXCAttributeAutomationType, XC_kAXXCAttributeTraits
2026-08-27 01:18:37.841 Df ReactTestApp[1584:8737de0] [com.apple.dt.xctest:Default] Capturing hierarchy with parameters {
    attributes =     (
        5003,
        5004,
        5002,
        5019,
        5058,
        2004
    );
    maxArrayCount = 2147483647;
    maxChildren = 2147483647;
    maxDepth = 2147483647;
    snapshotKeyHonorModalViews = 0;
    traverseFromParentsToChildren = 1;
}
2026-08-27 01:18:37.841 Df ReactTestApp[1584:8737de0] [com.apple.dt.xctest:Default] Snapshot attributes 5003, 5004, 5002, 5019, 5058, 2004
2026-08-27 01:18:37.867 Df ReactTestApp[1584:8737de0] [com.apple.dt.xctest:Default] Got snapshot for <AXUIElementRef 0x110ce7750> {pid=1584} {uid=[ID:1 hash:0x0]}
2026-08-27 01:18:37.867 Df ReactTestApp[1584:8737de0] [com.apple.dt.xctest:Default] Got app orientation 0
2026-08-27 01:18:37.867 Df ReactTestApp[1584:8737de0] [com.apple.dt.xctest:Default] Captured accessibility snapshot data in 0.03s
2026-08-27 01:18:37.867 Df ReactTestApp[1584:8738505] [com.apple.dt.xctest:Default] Found main window: Window
2026-08-27 01:18:37.867 Df ReactTestApp[1584:8738505] [com.apple.dt.xctest:Default] Preferring automation type 48 instead of legacy element type OTHER derived from class/trait: UILabel:UILabel 8590000128
2026-08-27 01:18:37.868 Df ReactTestApp[1584:8738505] [com.apple.dt.xctest:Default] Other is not actually a child of Other, including at this point anyway (rdar://problem/20738636)
2026-08-27 01:18:37.868 Df ReactTestApp[1584:8738505] [com.apple.dt.xctest:Default] Other is not actually a child of Other, including at this point anyway (rdar://problem/20738636)
2026-08-27 01:18:37.868 Df ReactTestApp[1584:8738505] [com.apple.dt.xctest:Default] Other is not actually a child of Other, including at this point anyway (rdar://problem/20738636)
2026-08-27 01:18:37.868 Df ReactTestApp[1584:8738505] [com.apple.dt.xctest:Default] Other is not actually a child of Other, including at this point anyway (rdar://problem/20738636)
2026-08-27 01:18:37.868 Df ReactTestApp[1584:8738505] [com.apple.dt.xctest:Default] Other is not actually a child of Other, including at this point anyway (rdar://problem/20738636)
2026-08-27 01:18:37.868 Df ReactTestApp[1584:8738505] [com.apple.dt.xctest:Default] Preferring automation type 24 instead of legacy element type OTHER derived from class/trait: _UIFloatingBarContainerView:_UIFloatingBarContainerView 8589934592
2026-08-27 01:18:37.868 Df ReactTestApp[1584:8738505] [com.apple.dt.xctest:Default] XCTPerformOnMainRunLoop[not MT]: about to CFRunLoopPerform
2026-08-27 01:18:37.868 Df ReactTestApp[1584:8738505] [com.apple.dt.xctest:Default] XCTPerformOnMainRunLoop[not MT]: waiting with 30.00s responsiveness timeout
2026-08-27 01:18:37.868 Df ReactTestApp[1584:8737de0] [com.apple.dt.xctest:Default] XCTPerformOnMainRunLoop[MT]: inside CFRunLoopPerform
2026-08-27 01:18:37.869 Df ReactTestApp[1584:8737de0] [com.apple.dt.xctest:Default] XCTPerformOnMainRunLoop[MT]: MT responded in time (won the race to the busy flag)
2026-08-27 01:18:37.869 Df ReactTestApp[1584:8738505] [com.apple.dt.xctest:Default] XCTPerformOnMainRunLoop[not MT]: waiting 60.00s for work to complete
2026-08-27 01:18:37.869 Df ReactTestApp[1584:8737de0] [com.apple.dt.xctest:Default] XCTElementQuery: set data source for rootElementSnapshot to <XCTAutomationSession: 0x10b2222d0>
2026-08-27 01:18:37.869 Df ReactTestApp[1584:8738505] [com.apple.dt.xctest:Default] Finding all matches with input Application, pid: 1584 using transformers
↪︎ Descendants matching type Button
    ↪︎ Element at index 0
2026-08-27 01:18:37.869 Df ReactTestApp[1584:8738505] [com.apple.dt.xctest:Default] [Match All] applied transformer `Descendants matching type Button` to input {(
    Application, pid: 1584
)}, found {(
    Button, identifier: 'BackButton',
    Button, Selected,
    Button,
    Button,
    Button,
    Button
)}
2026-08-27 01:18:37.869 Df ReactTestApp[1584:8738505] [com.apple.dt.xctest:Default] [Match All] applied transformer `Element at index 0` to input {(
    Button, identifier: 'BackButton',
    Button, Selected,
    Button,
    Button,
    Button,
    Button
)}, found {(
    Button, identifier: 'BackButton'
)}
2026-08-27 01:18:37.869 Df ReactTestApp[1584:8738505] [com.apple.dt.xctest:Default] [Match All] setting out related elements {(
)}
2026-08-27 01:18:37.873 Df ReactTestApp[1584:8738505] [com.apple.dt.xctest:Default] Current tree:
Application, 0x127ffba40, pid: 1584 <App element pid: 1584>
  Window (Main), 0x119cb3ec0 <AX element pid: 1584, elementOrHash.elementID: 4463036544.4>
    Other, 0x119cf2740 <AX element pid: 1584, elementOrHash.elementID: 4607206464.68>
    Other, 0x114bb7ac0 <AX element pid: 1584, elementOrHash.elementID: 4462619648.5>
      Other, 0x127ffb8c0 <AX element pid: 1584, elementOrHash.elementID: 4534320000.6>
        Other, 0x127ffb740 <AX element pid: 1584, elementOrHash.elementID: 4468801152.7>
          Other, 0x127f05ec0 <AX element pid: 1584, elementOrHash.elementID: 4453470784.8>
            Other, 0x12f5028c0 <AX element pid: 1584, elementOrHash.elementID: 4484017280.9>
              Other, 0x12f502ec0 <AX element pid: 1584, elementOrHash.elementID: 4483838080.10>
                Other, 0x12f502440 <AX element pid: 1584, elementOrHash.elementID: 4484174976.12>
                  Other, 0x12f503040 <AX element pid: 1584, elementOrHash.elementID: 4689692800.14>
                    NavigationBar, 0x12<…>
2026-08-27 01:18:37.873 Df ReactTestApp[1584:8738505] [com.apple.dt.xctest:Default] Query ↪︎ Descendants matching type Button
    ↪︎ Element at index 0 found matching snapshots: {(
    Button, identifier: 'BackButton'
)} (error: (null))
2026-08-27 01:18:37.873 Df ReactTestApp[1584:8738505] [com.apple.dt.xctest:Default] Replying to query ↪︎ Descendants matching type Button
    ↪︎ Element at index 0 with results: <XCTElementQueryResults: 0x12af1fd90> (error: (null))
2026-08-27 01:18:38.469 I  ReactTestApp[1584:8737de0] [com.apple.Accessibility:AXAppAccessibility] Presentation controller doesn't modalize: <_UIRootPresentationController: 0x10b3b4b80>
2026-08-27 01:18:38.471 E  ReactTestApp[1584:8737de0] [com.apple.UIKit:Assert] -[UIApplication statusBarStyle] API has been deprecated and is a no-op on 27.0 and later.
2026-08-27 01:18:38.477 I  ReactTestApp[1584:8737de0] [com.apple.Accessibility:AXRuntimeNotifications] Attempting to send notification:  (4002) <private>
2026-08-27 01:18:38.477 I  ReactTestApp[1584:8737de0] [com.apple.Accessibility:AXRuntimeNotifications] Did post notification. notification:  (4002) error:0 data:<private>
2026-08-27 01:18:39.250 Df ReactTestApp[1584:8737de0] [com.apple.UIKit:EventDispatch] Evaluating dispatch of UIEvent: 0x111a11980; type: 0; subtype: 0; backing type: 11; tagged context: 0x59F03CA8; shouldSend: 1; ignoreInteractionEvents: 0, systemGestureStateChange: 0
2026-08-27 01:18:39.250 Df ReactTestApp[1584:8737de0] [com.apple.UIKit:EventDispatch] Sending UIEvent type: 0; subtype: 0; to windows: 1; dispatchLevel: 1
2026-08-27 01:18:39.250 Df ReactTestApp[1584:8737de0] [com.apple.UIKit:EventDispatch] Sending UIEvent type: 0; subtype: 0; to window: <UIWindow: 0x10a048880>; contextId: 0x59F03CA8
2026-08-27 01:18:39.254 A  ReactTestApp[1584:8737de0] (UIKitCore) send gesture actions
2026-08-27 01:18:39.256 A  ReactTestApp[1584:8737de0] (UIKitCore) send gesture actions
2026-08-27 01:18:39.268 Df ReactTestApp[1584:8737de0] [com.apple.UIKit:EventDispatch] Evaluating dispatch of UIEvent: 0x111a11980; type: 0; subtype: 0; backing type: 11; tagged context: 0x59F03CA8; shouldSend: 0; ignoreInteractionEvents: 0, systemGestureStateChange: 0
2026-08-27 01:18:39.277 I  ReactTestApp[1584:8737de0] [com.apple.Accessibility:AXRuntimeNotifications] Attempting to send notification:  (1001) <private>
2026-08-27 01:18:39.282 Df ReactTestApp[1584:8737de0] [com.apple.UIKit:EventDispatch] Evaluating dispatch of UIEvent: 0x111a11980; type: 0; subtype: 0; backing type: 11; tagged context: 0x59F03CA8; shouldSend: 0; ignoreInteractionEvents: 0, systemGestureStateChange: 0
2026-08-27 01:18:39.292 I  ReactTestApp[1584:8737de0] [com.apple.Accessibility:AXRuntimeNotifications] Did post notification. notification:  (1001) error:0 data:<private>
2026-08-27 01:18:39.293 I  ReactTestApp[1584:8737de0] [com.apple.Accessibility:AXRuntimeNotifications] Attempting to send notification:  (1025) <private>
2026-08-27 01:18:39.293 I  ReactTestApp[1584:8737de0] [com.apple.Accessibility:AXRuntimeNotifications] Attempting to send notification:  (1025) <private>
2026-08-27 01:18:39.293 I  ReactTestApp[1584:8737de0] [com.apple.Accessibility:AXRuntimeNotifications] Attempting to send notification:  (1025) <private>
2026-08-27 01:18:39.293 I  ReactTestApp[1584:8737de0] [com.apple.Accessibility:AXRuntimeNotifications] Attempting to send notification:  (1025) <private>
2026-08-27 01:18:39.293 I  ReactTestApp[1584:8737de0] [com.apple.Accessibility:AXRuntimeNotifications] Attempting to send notification:  (1025) <private>
2026-08-27 01:18:39.293 I  ReactTestApp[1584:8737de0] [com.apple.Accessibility:AXRuntimeNotifications] Attempting to send notification:  (1025) <private>
2026-08-27 01:18:39.293 I  ReactTestApp[1584:8737de0] [com.apple.Accessibility:AXRuntimeNotifications] Attempting to send notification:  (1025) <private>
2026-08-27 01:18:39.293 I  ReactTestApp[1584:8737de0] [com.apple.Accessibility:AXRuntimeNotifications] Attempting to send notification:  (1025) <private>
2026-08-27 01:18:39.293 I  ReactTestApp[1584:8737de0] [com.apple.Accessibility:AXRuntimeNotifications] Attempting to send notification:  (1025) <private>
2026-08-27 01:18:39.293 I  ReactTestApp[1584:8737de0] [com.apple.Accessibility:AXRuntimeNotifications] Attempting to send notification:  (1025) <private>
2026-08-27 01:18:39.293 I  ReactTestApp[1584:8737de0] [com.apple.Accessibility:AXRuntimeNotifications] Attempting to send notification:  (1025) <private>
2026-08-27 01:18:39.293 I  ReactTestApp[1584:8737de0] [com.apple.Accessibility:AXRuntimeNotifications] Attempting to send notification:  (1025) <private>
2026-08-27 01:18:39.293 I  ReactTestApp[1584:8737de0] [com.apple.Accessibility:AXRuntimeNotifications] Attempting to send notification:  (1025) <private>
2026-08-27 01:18:39.293 I  ReactTestApp[1584:8737de0] [com.apple.Accessibility:AXRuntimeNotifications] Attempting to send notification:  (1025) <private>
2026-08-27 01:18:39.293 I  ReactTestApp[1584:8737de0] [com.apple.Accessibility:AXRuntimeNotifications] Attempting to send notification:  (1025) <private>
2026-08-27 01:18:39.293 I  ReactTestApp[1584:8737de0] [com.apple.Accessibility:AXRuntimeNotifications] Attempting to send notification:  (1025) <private>
2026-08-27 01:18:39.293 I  ReactTestApp[1584:8737de0] [com.apple.Accessibility:AXRuntimeNotifications] Attempting to send notification:  (1025) <private>
2026-08-27 01:18:39.293 I  ReactTestApp[1584:8737de0] [com.apple.Accessibility:AXRuntimeNotifications] Attempting to send notification:  (1025) <private>
2026-08-27 01:18:39.293 I  ReactTestApp[1584:8737de0] [com.apple.Accessibility:AXRuntimeNotifications] Attempting to send notification:  (1025) <private>
2026-08-27 01:18:39.294 I  ReactTestApp[1584:8737de0] [com.apple.Accessibility:AXRuntimeNotifications] Attempting to send notification:  (1025) <private>
2026-08-27 01:18:39.294 I  ReactTestApp[1584:8737de0] [com.apple.Accessibility:AXRuntimeNotifications] Attempting to send notification:  (1025) <private>
2026-08-27 01:18:39.294 I  ReactTestApp[1584:8737de0] [com.apple.Accessibility:AXRuntimeNotifications] Attempting to send notification:  (1025) <private>
2026-08-27 01:18:39.294 I  ReactTestApp[1584:8737de0] [com.apple.Accessibility:AXRuntimeNotifications] Attempting to send notification:  (1025) <private>
2026-08-27 01:18:39.294 I  ReactTestApp[1584:8737de0] [com.apple.Accessibility:AXRuntimeNotifications] Attempting to send notification:  (1025) <private>
2026-08-27 01:18:39.294 I  ReactTestApp[1584:8737de0] [com.apple.Accessibility:AXRuntimeNotifications] Attempting to send notification:  (1025) <private>
2026-08-27 01:18:39.294 I  ReactTestApp[1584:8737de0] [com.apple.Accessibility:AXRuntimeNotifications] Attempting to send notification:  (1025) <private>
2026-08-27 01:18:39.294 I  ReactTestApp[1584:8737de0] [com.apple.Accessibility:AXRuntimeNotifications] Attempting to send notification:  (1025) <private>
2026-08-27 01:18:39.294 I  ReactTestApp[1584:8737de0] [com.apple.Accessibility:AXRuntimeNotifications] Attempting to send notification:  (1025) <private>
2026-08-27 01:18:39.294 I  ReactTestApp[1584:8737de0] [com.apple.Accessibility:AXRuntimeNotifications] Attempting to send notification:  (1025) <private>
2026-08-27 01:18:39.294 I  ReactTestApp[1584:8737de0] [com.apple.Accessibility:AXRuntimeNotifications] Attempting to send notification:  (1025) <private>
2026-08-27 01:18:39.294 I  ReactTestApp[1584:8737de0] [com.apple.Accessibility:AXRuntimeNotifications] Attempting to send notification:  (1025) <private>
2026-08-27 01:18:39.294 I  ReactTestApp[1584:8737de0] [com.apple.Accessibility:AXRuntimeNotifications] Attempting to send notification:  (1025) <private>
2026-08-27 01:18:39.294 I  ReactTestApp[1584:8737de0] [com.apple.Accessibility:AXRuntimeNotifications] Attempting to send notification:  (1025) <private>
2026-08-27 01:18:39.294 I  ReactTestApp[1584:8737de0] [com.apple.Accessibility:AXRuntimeNotifications] Attempting to send notification:  (1025) <private>
2026-08-27 01:18:39.294 I  ReactTestApp[1584:8737de0] [com.apple.Accessibility:AXRuntimeNotifications] Attempting to send notification:  (1025) <private>
2026-08-27 01:18:39.294 I  ReactTestApp[1584:8737de0] [com.apple.Accessibility:AXRuntimeNotifications] Attempting to send notification:  (1025) <private>
2026-08-27 01:18:39.294 I  ReactTestApp[1584:8737de0] [com.apple.Accessibility:AXRuntimeNotifications] Attempting to send notification:  (1025) <private>
2026-08-27 01:18:39.294 I  ReactTestApp[1584:8737de0] [com.apple.Accessibility:AXRuntimeNotifications] Attempting to send notification:  (1025) <private>
2026-08-27 01:18:39.294 I  ReactTestApp[1584:8737de0] [com.apple.Accessibility:AXRuntimeNotifications] Attempting to send notification:  (1025) <private>
2026-08-27 01:18:39.295 I  ReactTestApp[1584:8737de0] [com.apple.Accessibility:AXRuntimeNotifications] Attempting to send notification:  (1025) <private>
2026-08-27 01:18:39.295 I  ReactTestApp[1584:8737de0] [com.apple.Accessibility:AXRuntimeNotifications] Attempting to send notification:  (1025) <private>
2026-08-27 01:18:39.295 I  ReactTestApp[1584:8737de0] [com.apple.Accessibility:AXRuntimeNotifications] Attempting to send notification:  (1025) <private>
2026-08-27 01:18:39.295 I  ReactTestApp[1584:8737de0] [com.apple.Accessibility:AXRuntimeNotifications] Attempting to send notification:  (1025) <private>
2026-08-27 01:18:39.295 I  ReactTestApp[1584:8737de0] [com.apple.Accessibility:AXRuntimeNotifications] Attempting to send notification:  (1025) <private>
2026-08-27 01:18:39.295 I  ReactTestApp[1584:8737de0] [com.apple.Accessibility:AXRuntimeNotifications] Attempting to send notification:  (1025) <private>
2026-08-27 01:18:39.296 Df ReactTestApp[1584:8737de0] [com.apple.UIKit:EventDispatch] Evaluating dispatch of UIEvent: 0x111a11980; type: 0; subtype: 0; backing type: 11; tagged context: 0x59F03CA8; shouldSend: 0; ignoreInteractionEvents: 0, systemGestureStateChange: 0
2026-08-27 01:18:39.298 I  ReactTestApp[1584:8737de0] [com.apple.Accessibility:AXRuntimeNotifications] Did post notification. notification:  (1025) error:0 data:<private>
2026-08-27 01:18:39.298 I  ReactTestApp[1584:8737de0] [com.apple.Accessibility:AXRuntimeNotifications] Attempting to send notification:  (1025) <private>
2026-08-27 01:18:39.298 I  ReactTestApp[1584:8737de0] [com.apple.Accessibility:AXRuntimeNotifications] Attempting to send notification:  (1025) <private>
2026-08-27 01:18:39.298 I  ReactTestApp[1584:8737de0] [com.apple.Accessibility:AXRuntimeNotifications] Attempting to send notification:  (1025) <private>
2026-08-27 01:18:39.298 I  ReactTestApp[1584:8737de0] [com.apple.Accessibility:AXRuntimeNotifications] Did post notification. notification:  (1025) error:0 data:<private>
2026-08-27 01:18:39.309 Df ReactTestApp[1584:8737de0] [com.apple.UIKit:EventDispatch] Evaluating dispatch of UIEvent: 0x111a11980; type: 0; subtype: 0; backing type: 11; tagged context: 0x59F03CA8; shouldSend: 0; ignoreInteractionEvents: 0, systemGestureStateChange: 0
2026-08-27 01:18:39.311 I  ReactTestApp[1584:8737de0] [com.apple.Accessibility:AXRuntimeNotifications] Attempting to send notification:  (1025) <private>
2026-08-27 01:18:39.311 I  ReactTestApp[1584:8737de0] [com.apple.Accessibility:AXRuntimeNotifications] Attempting to send notification:  (1025) <private>
2026-08-27 01:18:39.311 I  ReactTestApp[1584:8737de0] [com.apple.Accessibility:AXRuntimeNotifications] Attempting to send notification:  (1025) <private>
2026-08-27 01:18:39.311 I  ReactTestApp[1584:8737de0] [com.apple.Accessibility:AXRuntimeNotifications] Did post notification. notification:  (1025) error:0 data:<private>
2026-08-27 01:18:39.326 Df ReactTestApp[1584:8737de0] [com.apple.UIKit:EventDispatch] Evaluating dispatch of UIEvent: 0x111a11980; type: 0; subtype: 0; backing type: 11; tagged context: 0x59F03CA8; shouldSend: 0; ignoreInteractionEvents: 0, systemGestureStateChange: 0
2026-08-27 01:18:39.326 Df ReactTestApp[1584:8737de0] [com.apple.UIKit:EventDispatch] Evaluating dispatch of UIEvent: 0x111a11980; type: 0; subtype: 0; backing type: 11; tagged context: 0x59F03CA8; shouldSend: 1; ignoreInteractionEvents: 0, systemGestureStateChange: 0
2026-08-27 01:18:39.326 Df ReactTestApp[1584:8737de0] [com.apple.UIKit:EventDispatch] Sending UIEvent type: 0; subtype: 0; to windows: 1; dispatchLevel: 1
2026-08-27 01:18:39.326 Df ReactTestApp[1584:8737de0] [com.apple.UIKit:EventDispatch] Sending UIEvent type: 0; subtype: 0; to window: <UIWindow: 0x10a048880>; contextId: 0x59F03CA8
2026-08-27 01:18:39.326 A  ReactTestApp[1584:8737de0] (UIKitCore) send gesture actions
2026-08-27 01:18:39.327 A  ReactTestApp[1584:8737de0] (UIKitCore) send gesture actions
2026-08-27 01:18:39.327 A  ReactTestApp[1584:8737de0] (UIKitCore) send control actions
2026-08-27 01:18:39.327 Df ReactTestApp[1584:8737de0] (CoreFoundation) Incorrect NSStringEncoding value 0x8000100 detected. Assuming NSStringEncodingASCII. Will stop this compatibility mapping behavior in the near future.
2026-08-27 01:18:39.329 I  ReactTestApp[1584:8737de0] [com.apple.Accessibility:AXRuntimeNotifications] Attempting to send notification:  (4002) <private>
2026-08-27 01:18:39.332 I  ReactTestApp[1584:8737de0] [com.apple.Accessibility:AXRuntimeNotifications] Did post notification. notification:  (4002) error:0 data:<private>
2026-08-27 01:18:39.332 I  ReactTestApp[1584:8737de0] [com.apple.Accessibility:AXRuntimeNotifications] Attempting to send notification:  (1025) <private>
2026-08-27 01:18:39.332 I  ReactTestApp[1584:8737de0] [com.apple.Accessibility:AXRuntimeNotifications] Attempting to send notification:  (1025) <private>
2026-08-27 01:18:39.332 I  ReactTestApp[1584:8737de0] [com.apple.Accessibility:AXRuntimeNotifications] Attempting to send notification:  (1025) <private>
2026-08-27 01:18:39.332 I  ReactTestApp[1584:8737de0] [com.apple.Accessibility:AXRuntimeNotifications] Attempting to send notification:  (1025) <private>
2026-08-27 01:18:39.332 I  ReactTestApp[1584:8737de0] [com.apple.Accessibility:AXRuntimeNotifications] Attempting to send notification:  (1025) <private>
2026-08-27 01:18:39.332 I  ReactTestApp[1584:8737de0] [com.apple.Accessibility:AXRuntimeNotifications] Attempting to send notification:  (1025) <private>
2026-08-27 01:18:39.332 I  ReactTestApp[1584:8737de0] [com.apple.Accessibility:AXRuntimeNotifications] Attempting to send notification:  (1025) <private>
2026-08-27 01:18:39.332 I  ReactTestApp[1584:8737de0] [com.apple.Accessibility:AXRuntimeNotifications] Attempting to send notification:  (1025) <private>
2026-08-27 01:18:39.332 I  ReactTestApp[1584:8737de0] [com.apple.Accessibility:AXRuntimeNotifications] Attempting to send notification:  (1025) <private>
2026-08-27 01:18:39.332 I  ReactTestApp[1584:8737de0] [com.apple.Accessibility:AXRuntimeNotifications] Attempting to send notification:  (1025) <private>
2026-08-27 01:18:39.332 I  ReactTestApp[1584:8737de0] [com.apple.Accessibility:AXRuntimeNotifications] Attempting to send notification:  (1025) <private>
2026-08-27 01:18:39.333 I  ReactTestApp[1584:8737de0] [com.apple.Accessibility:AXRuntimeNotifications] Attempting to send notification:  (1025) <private>
2026-08-27 01:18:39.333 I  ReactTestApp[1584:8737de0] [com.apple.Accessibility:AXRuntimeNotifications] Attempting to send notification:  (1025) <private>
2026-08-27 01:18:39.333 I  ReactTestApp[1584:8737de0] [com.apple.Accessibility:AXRuntimeNotifications] Attempting to send notification:  (1025) <private>
2026-08-27 01:18:39.333 I  ReactTestApp[1584:8737de0] [com.apple.Accessibility:AXRuntimeNotifications] Attempting to send notification:  (1025) <private>
2026-08-27 01:18:39.333 I  ReactTestApp[1584:8737de0] [com.apple.Accessibility:AXRuntimeNotifications] Attempting to send notification:  (1025) <private>
2026-08-27 01:18:39.333 I  ReactTestApp[1584:8737de0] [com.apple.Accessibility:AXRuntimeNotifications] Attempting to send notification:  (1025) <private>
2026-08-27 01:18:39.333 I  ReactTestApp[1584:8737de0] [com.apple.Accessibility:AXRuntimeNotifications] Attempting to send notification:  (1025) <private>
2026-08-27 01:18:39.333 I  ReactTestApp[1584:8737de0] [com.apple.Accessibility:AXRuntimeNotifications] Attempting to send notification:  (1025) <private>
2026-08-27 01:18:39.333 I  ReactTestApp[1584:8737de0] [com.apple.Accessibility:AXRuntimeNotifications] Attempting to send notification:  (1025) <private>
2026-08-27 01:18:39.333 E  ReactTestApp[1584:8737de0] [com.apple.UIKit:Assert] -[UIApplication statusBarStyle] API has been deprecated and is a no-op on 27.0 and later.
2026-08-27 01:18:39.334 I  ReactTestApp[1584:8737de0] [com.apple.Accessibility:AXRuntimeNotifications] Attempting to send notification:  (4002) <private>
2026-08-27 01:18:39.334 I  ReactTestApp[1584:8737de0] [com.apple.Accessibility:AXRuntimeNotifications] Attempting to send notification:  (1025) <private>
2026-08-27 01:18:39.334 I  ReactTestApp[1584:8737de0] [com.apple.Accessibility:AXRuntimeNotifications] Did post notification. notification:  (1025) error:0 data:<private>
2026-08-27 01:18:39.334 I  ReactTestApp[1584:8737de0] [com.apple.Accessibility:AXRuntimeNotifications] Did post notification. notification:  (4002) error:0 data:<private>
2026-08-27 01:18:39.343 Df ReactTestApp[1584:8737de0] [com.apple.UIKit:EventDispatch] Evaluating dispatch of UIEvent: 0x111a11980; type: 0; subtype: 0; backing type: 11; tagged context: 0x59F03CA8; shouldSend: 0; ignoreInteractionEvents: 0, systemGestureStateChange: 1
2026-08-27 01:18:39.344 I  ReactTestApp[1584:8737de0] [com.apple.Accessibility:AXRuntimeNotifications] Attempting to send notification:  (1025) <private>
2026-08-27 01:18:39.344 I  ReactTestApp[1584:8737de0] [com.apple.Accessibility:AXRuntimeNotifications] Attempting to send notification:  (1025) <private>
2026-08-27 01:18:39.344 I  ReactTestApp[1584:8737de0] [com.apple.Accessibility:AXRuntimeNotifications] Attempting to send notification:  (1025) <private>
2026-08-27 01:18:39.344 A  ReactTestApp[1584:8737de0] (UIKitCore) send gesture actions
2026-08-27 01:18:39.344 A  ReactTestApp[1584:8737de0] (UIKitCore) send gesture actions
2026-08-27 01:18:39.344 I  ReactTestApp[1584:8737de0] [com.apple.Accessibility:AXRuntimeNotifications] Did post notification. notification:  (1025) error:0 data:<private>
2026-08-27 01:18:39.352 Df ReactTestApp[1584:8737de0] [com.apple.UIKit:KeyboardFocusAssistant] requestKeyboardFocusWithProvenance:<BKSHIDEventSimpleProvenance: 0x110cdb810> (token:<uq: 1; UIKit-localContainer>)
2026-08-27 01:18:39.355 I  ReactTestApp[1584:8737e64] [com.facebook.react.log:javascript] 'ios', ' Rendering Contacts'
2026-08-27 01:18:39.360 I  ReactTestApp[1584:8737de0] [com.apple.Accessibility:AXRuntimeNotifications] Attempting to send notification:  (1025) <private>
2026-08-27 01:18:39.361 I  ReactTestApp[1584:8737de0] [com.apple.Accessibility:AXRuntimeNotifications] Attempting to send notification:  (1025) <private>
2026-08-27 01:18:39.361 I  ReactTestApp[1584:8737de0] [com.apple.Accessibility:AXRuntimeNotifications] Attempting to send notification:  (1025) <private>
2026-08-27 01:18:39.361 I  ReactTestApp[1584:8737de0] [com.apple.Accessibility:AXRuntimeNotifications] Did post notification. notification:  (1025) error:0 data:<private>
2026-08-27 01:18:39.368 I  ReactTestApp[1584:8737e64] [com.facebook.react.log:javascript] SafeAreaView has been deprecated and will be removed in a future release. Please use 'react-native-safe-area-context' instead. See https://github.com/th3rdwave/react-native-safe-area-context
2026-08-27 01:18:39.377 I  ReactTestApp[1584:8737de0] [com.apple.Accessibility:AXRuntimeNotifications] Attempting to send notification:  (1025) <private>
2026-08-27 01:18:39.377 I  ReactTestApp[1584:8737de0] [com.apple.Accessibility:AXRuntimeNotifications] Attempting to send notification:  (1025) <private>
2026-08-27 01:18:39.377 I  ReactTestApp[1584:8737de0] [com.apple.Accessibility:AXRuntimeNotifications] Attempting to send notification:  (1025) <private>
2026-08-27 01:18:39.377 I  ReactTestApp[1584:8737de0] [com.apple.Accessibility:AXRuntimeNotifications] Did post notification. notification:  (1025) error:0 data:<private>
2026-08-27 01:18:39.394 I  ReactTestApp[1584:8737de0] [com.apple.Accessibility:AXRuntimeNotifications] Attempting to send notification:  (1025) <private>
2026-08-27 01:18:39.394 I  ReactTestApp[1584:8737de0] [com.apple.Accessibility:AXRuntimeNotifications] Attempting to send notification:  (1025) <private>
2026-08-27 01:18:39.394 I  ReactTestApp[1584:8737de0] [com.apple.Accessibility:AXRuntimeNotifications] Attempting to send notification:  (1025) <private>
2026-08-27 01:18:39.394 I  ReactTestApp[1584:8737de0] [com.apple.Accessibility:AXRuntimeNotifications] Did post notification. notification:  (1025) error:0 data:<private>
2026-08-27 01:18:39.410 I  ReactTestApp[1584:8737de0] [com.apple.Accessibility:AXRuntimeNotifications] Attempting to send notification:  (1025) <private>
2026-08-27 01:18:39.410 I  ReactTestApp[1584:8737de0] [com.apple.Accessibility:AXRuntimeNotifications] Attempting to send notification:  (1025) <private>
2026-08-27 01:18:39.410 I  ReactTestApp[1584:8737de0] [com.apple.Accessibility:AXRuntimeNotifications] Attempting to send notification:  (1025) <private>
2026-08-27 01:18:39.411 I  ReactTestApp[1584:8737de0] [com.apple.Accessibility:AXRuntimeNotifications] Attempting to send notification:  (1025) <private>
2026-08-27 01:18:39.411 I  ReactTestApp[1584:8737de0] [com.apple.Accessibility:AXRuntimeNotifications] Did post notification. notification:  (1025) error:0 data:<private>
2026-08-27 01:18:39.427 I  ReactTestApp[1584:8737de0] [com.apple.Accessibility:AXRuntimeNotifications] Attempting to send notification:  (1025) <private>
2026-08-27 01:18:39.427 I  ReactTestApp[1584:8737de0] [com.apple.Accessibility:AXRuntimeNotifications] Attempting to send notification:  (1025) <private>
2026-08-27 01:18:39.427 I  ReactTestApp[1584:8737de0] [com.apple.Accessibility:AXRuntimeNotifications] Attempting to send notification:  (1025) <private>
2026-08-27 01:18:39.427 I  ReactTestApp[1584:8737de0] [com.apple.Accessibility:AXRuntimeNotifications] Did post notification. notification:  (1025) error:0 data:<private>
2026-08-27 01:18:39.444 I  ReactTestApp[1584:8737de0] [com.apple.Accessibility:AXRuntimeNotifications] Attempting to send notification:  (1025) <private>
2026-08-27 01:18:39.444 I  ReactTestApp[1584:8737de0] [com.apple.Accessibility:AXRuntimeNotifications] Attempting to send notification:  (1025) <private>
2026-08-27 01:18:39.444 I  ReactTestApp[1584:8737de0] [com.apple.Accessibility:AXRuntimeNotifications] Attempting to send notification:  (1025) <private>
2026-08-27 01:18:39.444 I  ReactTestApp[1584:8737de0] [com.apple.Accessibility:AXRuntimeNotifications] Attempting to send notification:  (1025) <private>
2026-08-27 01:18:39.444 I  ReactTestApp[1584:8737de0] [com.apple.Accessibility:AXRuntimeNotifications] Attempting to send notification:  (1025) <private>
2026-08-27 01:18:39.444 I  ReactTestApp[1584:8737de0] [com.apple.Accessibility:AXRuntimeNotifications] Did post notification. notification:  (1025) error:0 data:<private>
2026-08-27 01:18:39.457 I  ReactTestApp[1584:8737e64] [com.facebook.react.log:javascript] ┘ %caction %cNAVIGATE %c{ %cname%c: %c"Contacts"%c, %cparams%c: %cundefined%c, %cmerge%c: %cundefined%c, %cpop%c: %cundefined%c }
2026-08-27 01:18:39.457 I  ReactTestApp[1584:8737e64] [com.facebook.react.log:javascript] │ '%caction', 'color: #C2185B; font-weight: bold', { type: 'NAVIGATE',
  payload:
   { name: 'Contacts',
     params: undefined,
     merge: undefined,
     pop: undefined },
  target: 'tab-YWKoQckpLQEaaqXLTPuzZ' }
2026-08-27 01:18:39.459 I  ReactTestApp[1584:8737e64] [com.facebook.react.log:javascript] │ '%cstate', 'color: #C2185B; font-weight: bold', { stale: false,
  type: 'stack',
  key: 'stack-gzA9OG_EtLROpgQeLLhvJ',
  index: 1,
  routeNames:
   [ 'BottomTabs Example',
     'Three Tabs',
     'Four Tabs',
     'Five Tabs',
     'Six Tabs',
     'SF Symbols',
     'Labeled Tabs',
     'Unlabeled Tabs',
     'Embedded stacks',
     'Lazy Tabs',
     'Tab Bar Hidden',
     'Custom tabBar',
     'Original icon colors',
     'Four Tabs - no animations',
     'Four Tabs - Transparent scroll edge appearance',
     'Four Tabs - Opaque scroll edge appearance',
     'Four Tabs - Custom Background Color of Tabs',
     'Four Tabs - Active Indicator color',
     'Four Tabs - With Hidden Tab',
     'Native Bottom Tabs with freezeOnBlur',
     'Native Bottom Tabs with SVG Icons',
     'Native Bottom Tabs unmounting',
     'Native Bottom Tabs with SVG Remote Icons',
     'Native Bottom Tabs with custom tabBar',
     'Native Bottom Tabs with screenLayout',
     'Native Bottom Tabs with Lazy',
     'Native Bo<…>
2026-08-27 01:18:39.459 I  ReactTestApp[1584:8737e64] [com.facebook.react.log:javascript] ┘
2026-08-27 01:18:39.465 I  ReactTestApp[1584:8737de0] [com.apple.Accessibility:AXRuntimeNotifications] Attempting to send notification:  (1025) <private>
2026-08-27 01:18:39.465 I  ReactTestApp[1584:8737de0] [com.apple.Accessibility:AXRuntimeNotifications] Attempting to send notification:  (1025) <private>
2026-08-27 01:18:39.466 I  ReactTestApp[1584:8737de0] [com.apple.Accessibility:AXRuntimeNotifications] Attempting to send notification:  (1025) <private>
2026-08-27 01:18:39.466 I  ReactTestApp[1584:8737de0] [com.apple.Accessibility:AXRuntimeNotifications] Attempting to send notification:  (1025) <private>
2026-08-27 01:18:39.466 I  ReactTestApp[1584:8737de0] [com.apple.Accessibility:AXRuntimeNotifications] Did post notification. notification:  (1025) error:0 data:<private>
2026-08-27 01:18:39.486 I  ReactTestApp[1584:8737de0] [com.apple.Accessibility:AXRuntimeNotifications] Attempting to send notification:  (1000) <private>
2026-08-27 01:18:39.522 E  ReactTestApp[1584:8737de0] [com.apple.coreanimation:API] cannot add handler to 0 from 0 - dropping
2026-08-27 01:18:39.522 E  ReactTestApp[1584:8737de0] [com.apple.coreanimation:API] cannot add handler to 0 from 0 - dropping
2026-08-27 01:18:39.522 E  ReactTestApp[1584:8737de0] [com.apple.coreanimation:API] cannot add handler to 0 from 0 - dropping
2026-08-27 01:18:39.522 E  ReactTestApp[1584:8737de0] [com.apple.coreanimation:API] cannot add handler to 0 from 0 - dropping
2026-08-27 01:18:39.522 E  ReactTestApp[1584:8737de0] [com.apple.UIKit:Assert] -[UIApplication statusBarStyle] API has been deprecated and is a no-op on 27.0 and later.
2026-08-27 01:18:39.522 I  ReactTestApp[1584:8737de0] [com.apple.Accessibility:AXRuntimeNotifications] Attempting to send notification:  (4002) <private>
2026-08-27 01:18:39.522 I  ReactTestApp[1584:8737de0] [com.apple.Accessibility:AXRuntimeNotifications] Attempting to send notification:  (4002) <private>
2026-08-27 01:18:39.523 E  ReactTestApp[1584:8737de0] [com.apple.coreanimation:API] cannot add handler to 0 from 0 - dropping
2026-08-27 01:18:39.523 E  ReactTestApp[1584:8737de0] [com.apple.coreanimation:API] cannot add handler to 0 from 0 - dropping
2026-08-27 01:18:39.523 E  ReactTestApp[1584:8737de0] [com.apple.coreanimation:API] cannot add handler to 0 from 0 - dropping
2026-08-27 01:18:39.523 E  ReactTestApp[1584:8737de0] [com.apple.coreanimation:API] cannot add handler to 0 from 0 - dropping
2026-08-27 01:18:39.523 E  ReactTestApp[1584:8737de0] [com.apple.coreanimation:API] cannot add handler to 0 from 0 - dropping
2026-08-27 01:18:39.523 E  ReactTestApp[1584:8737de0] [com.apple.UIKit:Assert] -[UIApplication statusBarStyle] API has been deprecated and is a no-op on 27.0 and later.
2026-08-27 01:18:39.534 I  ReactTestApp[1584:8737de0] [com.apple.Accessibility:AXRuntimeNotifications] Attempting to send notification:  (1025) <private>
2026-08-27 01:18:39.534 I  ReactTestApp[1584:8737de0] [com.apple.Accessibility:AXRuntimeNotifications] Attempting to send notification:  (1025) <private>
2026-08-27 01:18:39.535 I  ReactTestApp[1584:8737de0] [com.apple.Accessibility:AXRuntimeNotifications] Attempting to send notification:  (1025) <private>
2026-08-27 01:18:39.535 I  ReactTestApp[1584:8737de0] [com.apple.Accessibility:AXRuntimeNotifications] Attempting to send notification:  (1025) <private>
2026-08-27 01:18:39.535 I  ReactTestApp[1584:8737de0] [com.apple.Accessibility:AXRuntimeNotifications] Attempting to send notification:  (1025) <private>
2026-08-27 01:18:39.535 I  ReactTestApp[1584:8737de0] [com.apple.Accessibility:AXRuntimeNotifications] Attempting to send notification:  (1025) <private>
2026-08-27 01:18:39.535 I  ReactTestApp[1584:8737de0] [com.apple.Accessibility:AXRuntimeNotifications] Attempting to send notification:  (1025) <private>
2026-08-27 01:18:39.535 I  ReactTestApp[1584:8737de0] [com.apple.Accessibility:AXRuntimeNotifications] Attempting to send notification:  (1025) <private>
2026-08-27 01:18:39.535 I  ReactTestApp[1584:8737de0] [com.apple.Accessibility:AXRuntimeNotifications] Attempting to send notification:  (1025) <private>
2026-08-27 01:18:39.535 I  ReactTestApp[1584:8737de0] [com.apple.Accessibility:AXRuntimeNotifications] Attempting to send notification:  (1025) <private>
2026-08-27 01:18:39.535 I  ReactTestApp[1584:8737de0] [com.apple.Accessibility:AXRuntimeNotifications] Attempting to send notification:  (1025) <private>
2026-08-27 01:18:39.535 I  ReactTestApp[1584:8737de0] [com.apple.Accessibility:AXRuntimeNotifications] Attempting to send notification:  (1025) <private>
2026-08-27 01:18:39.535 I  ReactTestApp[1584:8737de0] [com.apple.Accessibility:AXRuntimeNotifications] Attempting to send notification:  (1025) <private>
2026-08-27 01:18:39.535 I  ReactTestApp[1584:8737de0] [com.apple.Accessibility:AXRuntimeNotifications] Attempting to send notification:  (1025) <private>
2026-08-27 01:18:39.535 I  ReactTestApp[1584:8737de0] [com.apple.Accessibility:AXRuntimeNotifications] Attempting to send notification:  (1025) <private>
2026-08-27 01:18:39.535 I  ReactTestApp[1584:8737de0] [com.apple.Accessibility:AXRuntimeNotifications] Attempting to send notification:  (1025) <private>
2026-08-27 01:18:39.535 I  ReactTestApp[1584:8737de0] [com.apple.Accessibility:AXRuntimeNotifications] Attempting to send notification:  (1025) <private>
2026-08-27 01:18:39.535 I  ReactTestApp[1584:8737de0] [com.apple.Accessibility:AXRuntimeNotifications] Attempting to send notification:  (1025) <private>
2026-08-27 01:18:39.536 I  ReactTestApp[1584:8737de0] [com.apple.Accessibility:AXRuntimeNotifications] Attempting to send notification:  (1025) <private>
2026-08-27 01:18:39.536 I  ReactTestApp[1584:8737de0] [com.apple.Accessibility:AXRuntimeNotifications] Attempting to send notification:  (1025) <private>
2026-08-27 01:18:39.536 I  ReactTestApp[1584:8737de0] [com.apple.Accessibility:AXRuntimeNotifications] Attempting to send notification:  (1025) <private>
2026-08-27 01:18:39.536 I  ReactTestApp[1584:8737de0] [com.apple.Accessibility:AXRuntimeNotifications] Attempting to send notification:  (1025) <private>
2026-08-27 01:18:39.537 I  ReactTestApp[1584:8737de0] [com.apple.Accessibility:AXRuntimeNotifications] Attempting to send notification:  (1025) <private>
2026-08-27 01:18:39.537 I  ReactTestApp[1584:8737de0] [com.apple.Accessibility:AXRuntimeNotifications] Attempting to send notification:  (1025) <private>
2026-08-27 01:18:39.537 I  ReactTestApp[1584:8737de0] [com.apple.Accessibility:AXRuntimeNotifications] Attempting to send notification:  (1025) <private>
2026-08-27 01:18:39.537 I  ReactTestApp[1584:8737de0] [com.apple.Accessibility:AXRuntimeNotifications] Attempting to send notification:  (1025) <private>
2026-08-27 01:18:39.537 I  ReactTestApp[1584:8737de0] [com.apple.Accessibility:AXRuntimeNotifications] Attempting to send notification:  (1025) <private>
2026-08-27 01:18:39.537 I  ReactTestApp[1584:8737de0] [com.apple.Accessibility:AXRuntimeNotifications] Attempting to send notification:  (1025) <private>
2026-08-27 01:18:39.537 I  ReactTestApp[1584:8737de0] [com.apple.Accessibility:AXRuntimeNotifications] Attempting to send notification:  (1025) <private>
2026-08-27 01:18:39.537 I  ReactTestApp[1584:8737de0] [com.apple.Accessibility:AXRuntimeNotifications] Attempting to send notification:  (1025) <private>
2026-08-27 01:18:39.537 I  ReactTestApp[1584:8737de0] [com.apple.Accessibility:AXRuntimeNotifications] Attempting to send notification:  (1025) <private>
2026-08-27 01:18:39.537 I  ReactTestApp[1584:8737de0] [com.apple.Accessibility:AXRuntimeNotifications] Attempting to send notification:  (1025) <private>
2026-08-27 01:18:39.537 I  ReactTestApp[1584:8737de0] [com.apple.Accessibility:AXRuntimeNotifications] Attempting to send notification:  (1025) <private>
2026-08-27 01:18:39.537 I  ReactTestApp[1584:8737de0] [com.apple.Accessibility:AXRuntimeNotifications] Attempting to send notification:  (1025) <private>
2026-08-27 01:18:39.537 I  ReactTestApp[1584:8737de0] [com.apple.Accessibility:AXRuntimeNotifications] Attempting to send notification:  (1025) <private>
2026-08-27 01:18:39.537 I  ReactTestApp[1584:8737de0] [com.apple.Accessibility:AXRuntimeNotifications] Attempting to send notification:  (1025) <private>
2026-08-27 01:18:39.537 I  ReactTestApp[1584:8737de0] [com.apple.Accessibility:AXRuntimeNotifications] Attempting to send notification:  (1025) <private>
2026-08-27 01:18:39.537 I  ReactTestApp[1584:8737de0] [com.apple.Accessibility:AXRuntimeNotifications] Attempting to send notification:  (1025) <private>
2026-08-27 01:18:39.537 I  ReactTestApp[1584:8737de0] [com.apple.Accessibility:AXRuntimeNotifications] Attempting to send notification:  (1025) <private>
2026-08-27 01:18:39.537 I  ReactTestApp[1584:8737de0] [com.apple.Accessibility:AXRuntimeNotifications] Attempting to send notification:  (1025) <private>
2026-08-27 01:18:39.537 I  ReactTestApp[1584:8737de0] [com.apple.Accessibility:AXRuntimeNotifications] Attempting to send notification:  (1025) <private>
2026-08-27 01:18:39.538 I  ReactTestApp[1584:8737de0] [com.apple.Accessibility:AXRuntimeNotifications] Attempting to send notification:  (1025) <private>
2026-08-27 01:18:39.538 I  ReactTestApp[1584:8737de0] [com.apple.Accessibility:AXRuntimeNotifications] Attempting to send notification:  (1025) <private>
2026-08-27 01:18:39.538 I  ReactTestApp[1584:8737de0] [com.apple.Accessibility:AXRuntimeNotifications] Attempting to send notification:  (1025) <private>
2026-08-27 01:18:39.538 I  ReactTestApp[1584:8737de0] [com.apple.Accessibility:AXRuntimeNotifications] Attempting to send notification:  (1025) <private>
2026-08-27 01:18:39.538 I  ReactTestApp[1584:8737de0] [com.apple.Accessibility:AXRuntimeNotifications] Attempting to send notification:  (1025) <private>
2026-08-27 01:18:39.538 I  ReactTestApp[1584:8737de0] [com.apple.Accessibility:AXRuntimeNotifications] Attempting to send notification:  (1025) <private>
2026-08-27 01:18:39.538 I  ReactTestApp[1584:8737de0] [com.apple.Accessibility:AXRuntimeNotifications] Attempting to send notification:  (1025) <private>
2026-08-27 01:18:39.538 I  ReactTestApp[1584:8737de0] [com.apple.Accessibility:AXRuntimeNotifications] Attempting to send notification:  (1025) <private>
2026-08-27 01:18:39.538 I  ReactTestApp[1584:8737de0] [com.apple.Accessibility:AXRuntimeNotifications] Attempting to send notification:  (1025) <private>
2026-08-27 01:18:39.538 I  ReactTestApp[1584:8737de0] [com.apple.Accessibility:AXRuntimeNotifications] Attempting to send notification:  (1025) <private>
2026-08-27 01:18:39.538 I  ReactTestApp[1584:8737de0] [com.apple.Accessibility:AXRuntimeNotifications] Attempting to send notification:  (1025) <private>
2026-08-27 01:18:39.538 I  ReactTestApp[1584:8737de0] [com.apple.Accessibility:AXRuntimeNotifications] Attempting to send notification:  (1025) <private>
2026-08-27 01:18:39.538 I  ReactTestApp[1584:8737de0] [com.apple.Accessibility:AXRuntimeNotifications] Attempting to send notification:  (1025) <private>
2026-08-27 01:18:39.538 I  ReactTestApp[1584:8737de0] [com.apple.Accessibility:AXRuntimeNotifications] Attempting to send notification:  (1025) <private>
2026-08-27 01:18:39.538 I  ReactTestApp[1584:8737de0] [com.apple.Accessibility:AXRuntimeNotifications] Attempting to send notification:  (1025) <private>
2026-08-27 01:18:39.538 I  ReactTestApp[1584:8737de0] [com.apple.Accessibility:AXRuntimeNotifications] Attempting to send notification:  (1025) <private>
2026-08-27 01:18:39.538 I  ReactTestApp[1584:8737de0] [com.apple.Accessibility:AXRuntimeNotifications] Attempting to send notification:  (1025) <private>
2026-08-27 01:18:39.538 I  ReactTestApp[1584:8737de0] [com.apple.Accessibility:AXRuntimeNotifications] Attempting to send notification:  (1025) <private>
2026-08-27 01:18:39.538 I  ReactTestApp[1584:8737de0] [com.apple.Accessibility:AXRuntimeNotifications] Attempting to send notification:  (1025) <private>
2026-08-27 01:18:39.539 I  ReactTestApp[1584:8737de0] [com.apple.Accessibility:AXRuntimeNotifications] Attempting to send notification:  (1025) <private>
2026-08-27 01:18:39.539 I  ReactTestApp[1584:8737de0] [com.apple.Accessibility:AXRuntimeNotifications] Attempting to send notification:  (1025) <private>
2026-08-27 01:18:39.539 I  ReactTestApp[1584:8737de0] [com.apple.Accessibility:AXRuntimeNotifications] Attempting to send notification:  (1025) <private>
2026-08-27 01:18:39.539 I  ReactTestApp[1584:8737de0] [com.apple.Accessibility:AXRuntimeNotifications] Attempting to send notification:  (1025) <private>
2026-08-27 01:18:39.539 I  ReactTestApp[1584:8737de0] [com.apple.Accessibility:AXRuntimeNotifications] Attempting to send notification:  (1025) <private>
2026-08-27 01:18:39.539 I  ReactTestApp[1584:8737de0] [com.apple.Accessibility:AXRuntimeNotifications] Attempting to send notification:  (1025) <private>
2026-08-27 01:18:39.539 I  ReactTestApp[1584:8737de0] [com.apple.Accessibility:AXRuntimeNotifications] Attempting to send notification:  (1025) <private>
2026-08-27 01:18:39.539 I  ReactTestApp[1584:8737de0] [com.apple.Accessibility:AXRuntimeNotifications] Attempting to send notification:  (1025) <private>
2026-08-27 01:18:39.539 I  ReactTestApp[1584:8737de0] [com.apple.Accessibility:AXRuntimeNotifications] Attempting to send notification:  (1025) <private>
2026-08-27 01:18:39.539 I  ReactTestApp[1584:8737de0] [com.apple.Accessibility:AXRuntimeNotifications] Attempting to send notification:  (1025) <private>
2026-08-27 01:18:39.539 I  ReactTestApp[1584:8737de0] [com.apple.Accessibility:AXRuntimeNotifications] Attempting to send notification:  (1025) <private>
2026-08-27 01:18:39.539 I  ReactTestApp[1584:8737de0] [com.apple.Accessibility:AXRuntimeNotifications] Attempting to send notification:  (1025) <private>
2026-08-27 01:18:39.539 I  ReactTestApp[1584:8737de0] [com.apple.Accessibility:AXRuntimeNotifications] Attempting to send notification:  (1025) <private>
2026-08-27 01:18:39.539 I  ReactTestApp[1584:8737de0] [com.apple.Accessibility:AXRuntimeNotifications] Attempting to send notification:  (1025) <private>
2026-08-27 01:18:39.539 I  ReactTestApp[1584:8737de0] [com.apple.Accessibility:AXRuntimeNotifications] Attempting to send notification:  (1025) <private>
2026-08-27 01:18:39.539 I  ReactTestApp[1584:8737de0] [com.apple.Accessibility:AXRuntimeNotifications] Attempting to send notification:  (1025) <private>
2026-08-27 01:18:39.539 I  ReactTestApp[1584:8737de0] [com.apple.Accessibility:AXRuntimeNotifications] Attempting to send notification:  (1025) <private>
2026-08-27 01:18:39.539 I  ReactTestApp[1584:8737de0] [com.apple.Accessibility:AXRuntimeNotifications] Attempting to send notification:  (1025) <private>
2026-08-27 01:18:39.539 I  ReactTestApp[1584:8737de0] [com.apple.Accessibility:AXRuntimeNotifications] Attempting to send notification:  (1025) <private>
2026-08-27 01:18:39.539 I  ReactTestApp[1584:8737de0] [com.apple.Accessibility:AXRuntimeNotifications] Attempting to send notification:  (1025) <private>
2026-08-27 01:18:39.540 I  ReactTestApp[1584:8737de0] [com.apple.Accessibility:AXRuntimeNotifications] Attempting to send notification:  (1025) <private>
2026-08-27 01:18:39.540 I  ReactTestApp[1584:8737de0] [com.apple.Accessibility:AXRuntimeNotifications] Attempting to send notification:  (1025) <private>
2026-08-27 01:18:39.540 I  ReactTestApp[1584:8737de0] [com.apple.Accessibility:AXRuntimeNotifications] Attempting to send notification:  (1025) <private>
2026-08-27 01:18:39.540 I  ReactTestApp[1584:8737de0] [com.apple.Accessibility:AXRuntimeNotifications] Attempting to send notification:  (1025) <private>
2026-08-27 01:18:39.540 I  ReactTestApp[1584:8737de0] [com.apple.Accessibility:AXRuntimeNotifications] Attempting to send notification:  (1025) <private>
2026-08-27 01:18:39.540 I  ReactTestApp[1584:8737de0] [com.apple.Accessibility:AXRuntimeNotifications] Attempting to send notification:  (1025) <private>
2026-08-27 01:18:39.540 I  ReactTestApp[1584:8737de0] [com.apple.Accessibility:AXRuntimeNotifications] Attempting to send notification:  (1025) <private>
2026-08-27 01:18:39.540 I  ReactTestApp[1584:8737de0] [com.apple.Accessibility:AXRuntimeNotifications] Attempting to send notification:  (1025) <private>
2026-08-27 01:18:39.540 I  ReactTestApp[1584:8737de0] [com.apple.Accessibility:AXRuntimeNotifications] Attempting to send notification:  (1025) <private>
2026-08-27 01:18:39.540 I  ReactTestApp[1584:8737de0] [com.apple.Accessibility:AXRuntimeNotifications] Attempting to send notification:  (1025) <private>
2026-08-27 01:18:39.540 I  ReactTestApp[1584:8737de0] [com.apple.Accessibility:AXRuntimeNotifications] Attempting to send notification:  (1025) <private>
2026-08-27 01:18:39.540 I  ReactTestApp[1584:8737de0] [com.apple.Accessibility:AXRuntimeNotifications] Attempting to send notification:  (1025) <private>
2026-08-27 01:18:39.540 I  ReactTestApp[1584:8737de0] [com.apple.Accessibility:AXRuntimeNotifications] Attempting to send notification:  (1025) <private>
2026-08-27 01:18:39.540 I  ReactTestApp[1584:8737de0] [com.apple.Accessibility:AXRuntimeNotifications] Attempting to send notification:  (1025) <private>
2026-08-27 01:18:39.540 I  ReactTestApp[1584:8737de0] [com.apple.Accessibility:AXRuntimeNotifications] Attempting to send notification:  (1025) <private>
2026-08-27 01:18:39.540 I  ReactTestApp[1584:8737de0] [com.apple.Accessibility:AXRuntimeNotifications] Attempting to send notification:  (1025) <private>
2026-08-27 01:18:39.540 I  ReactTestApp[1584:8737de0] [com.apple.Accessibility:AXRuntimeNotifications] Attempting to send notification:  (1025) <private>
2026-08-27 01:18:39.540 I  ReactTestApp[1584:8737de0] [com.apple.Accessibility:AXRuntimeNotifications] Attempting to send notification:  (1025) <private>
2026-08-27 01:18:39.540 I  ReactTestApp[1584:8737de0] [com.apple.Accessibility:AXRuntimeNotifications] Attempting to send notification:  (1025) <private>
2026-08-27 01:18:39.541 I  ReactTestApp[1584:8737de0] [com.apple.Accessibility:AXRuntimeNotifications] Attempting to send notification:  (1025) <private>
2026-08-27 01:18:39.541 I  ReactTestApp[1584:8737de0] [com.apple.Accessibility:AXRuntimeNotifications] Attempting to send notification:  (1025) <private>
2026-08-27 01:18:39.541 I  ReactTestApp[1584:8737de0] [com.apple.Accessibility:AXRuntimeNotifications] Attempting to send notification:  (1025) <private>
2026-08-27 01:18:39.541 I  ReactTestApp[1584:8737de0] [com.apple.Accessibility:AXRuntimeNotifications] Attempting to send notification:  (1025) <private>
2026-08-27 01:18:39.541 I  ReactTestApp[1584:8737de0] [com.apple.Accessibility:AXRuntimeNotifications] Attempting to send notification:  (1025) <private>
2026-08-27 01:18:39.541 I  ReactTestApp[1584:8737de0] [com.apple.Accessibility:AXRuntimeNotifications] Attempting to send notification:  (1025) <private>
2026-08-27 01:18:39.541 I  ReactTestApp[1584:8737de0] [com.apple.Accessibility:AXRuntimeNotifications] Attempting to send notification:  (1025) <private>
2026-08-27 01:18:39.541 I  ReactTestApp[1584:8737de0] [com.apple.Accessibility:AXRuntimeNotifications] Attempting to send notification:  (1025) <private>
2026-08-27 01:18:39.541 I  ReactTestApp[1584:8737de0] [com.apple.Accessibility:AXRuntimeNotifications] Attempting to send notification:  (1025) <private>
2026-08-27 01:18:39.541 I  ReactTestApp[1584:8737de0] [com.apple.Accessibility:AXRuntimeNotifications] Attempting to send notification:  (1025) <private>
2026-08-27 01:18:39.541 I  ReactTestApp[1584:8737de0] [com.apple.Accessibility:AXRuntimeNotifications] Attempting to send notification:  (1025) <private>
2026-08-27 01:18:39.541 I  ReactTestApp[1584:8737de0] [com.apple.Accessibility:AXRuntimeNotifications] Attempting to send notification:  (1025) <private>
2026-08-27 01:18:39.541 I  ReactTestApp[1584:8737de0] [com.apple.Accessibility:AXRuntimeNotifications] Attempting to send notification:  (1025) <private>
2026-08-27 01:18:39.541 I  ReactTestApp[1584:8737de0] [com.apple.Accessibility:AXRuntimeNotifications] Attempting to send notification:  (1025) <private>
2026-08-27 01:18:39.541 I  ReactTestApp[1584:8737de0] [com.apple.Accessibility:AXRuntimeNotifications] Attempting to send notification:  (1025) <private>
2026-08-27 01:18:39.541 I  ReactTestApp[1584:8737de0] [com.apple.Accessibility:AXRuntimeNotifications] Attempting to send notification:  (1025) <private>
2026-08-27 01:18:39.541 I  ReactTestApp[1584:8737de0] [com.apple.Accessibility:AXRuntimeNotifications] Attempting to send notification:  (1025) <private>
2026-08-27 01:18:39.541 I  ReactTestApp[1584:8737de0] [com.apple.Accessibility:AXRuntimeNotifications] Attempting to send notification:  (1025) <private>
2026-08-27 01:18:39.541 I  ReactTestApp[1584:8737de0] [com.apple.Accessibility:AXRuntimeNotifications] Attempting to send notification:  (1025) <private>
2026-08-27 01:18:39.541 I  ReactTestApp[1584:8737de0] [com.apple.Accessibility:AXRuntimeNotifications] Attempting to send notification:  (1025) <private>
2026-08-27 01:18:39.542 I  ReactTestApp[1584:8737de0] [com.apple.Accessibility:AXRuntimeNotifications] Attempting to send notification:  (1025) <private>
2026-08-27 01:18:39.542 I  ReactTestApp[1584:8737de0] [com.apple.Accessibility:AXRuntimeNotifications] Attempting to send notification:  (1025) <private>
2026-08-27 01:18:39.542 I  ReactTestApp[1584:8737de0] [com.apple.Accessibility:AXRuntimeNotifications] Attempting to send notification:  (1025) <private>
2026-08-27 01:18:39.542 I  ReactTestApp[1584:8737de0] [com.apple.Accessibility:AXRuntimeNotifications] Attempting to send notification:  (1025) <private>
2026-08-27 01:18:39.542 I  ReactTestApp[1584:8737de0] [com.apple.Accessibility:AXRuntimeNotifications] Attempting to send notification:  (1025) <private>
2026-08-27 01:18:39.542 I  ReactTestApp[1584:8737de0] [com.apple.Accessibility:AXRuntimeNotifications] Attempting to send notification:  (1025) <private>
2026-08-27 01:18:39.542 I  ReactTestApp[1584:8737de0] [com.apple.Accessibility:AXRuntimeNotifications] Attempting to send notification:  (1025) <private>
2026-08-27 01:18:39.542 I  ReactTestApp[1584:8737de0] [com.apple.Accessibility:AXRuntimeNotifications] Attempting to send notification:  (1025) <private>
2026-08-27 01:18:39.542 I  ReactTestApp[1584:8737de0] [com.apple.Accessibility:AXRuntimeNotifications] Attempting to send notification:  (1025) <private>
2026-08-27 01:18:39.542 I  ReactTestApp[1584:8737de0] [com.apple.Accessibility:AXRuntimeNotifications] Attempting to send notification:  (1025) <private>
2026-08-27 01:18:39.542 I  ReactTestApp[1584:8737de0] [com.apple.Accessibility:AXRuntimeNotifications] Attempting to send notification:  (1025) <private>
2026-08-27 01:18:39.542 I  ReactTestApp[1584:8737de0] [com.apple.Accessibility:AXRuntimeNotifications] Attempting to send notification:  (1025) <private>
2026-08-27 01:18:39.542 I  ReactTestApp[1584:8737de0] [com.apple.Accessibility:AXRuntimeNotifications] Attempting to send notification:  (1025) <private>
2026-08-27 01:18:39.542 I  ReactTestApp[1584:8737de0] [com.apple.Accessibility:AXRuntimeNotifications] Attempting to send notification:  (1025) <private>
2026-08-27 01:18:39.542 I  ReactTestApp[1584:8737de0] [com.apple.Accessibility:AXRuntimeNotifications] Attempting to send notification:  (1025) <private>
2026-08-27 01:18:39.542 I  ReactTestApp[1584:8737de0] [com.apple.Accessibility:AXRuntimeNotifications] Attempting to send notification:  (1025) <private>
2026-08-27 01:18:39.542 I  ReactTestApp[1584:8737de0] [com.apple.Accessibility:AXRuntimeNotifications] Attempting to send notification:  (1025) <private>
2026-08-27 01:18:39.542 I  ReactTestApp[1584:8737de0] [com.apple.Accessibility:AXRuntimeNotifications] Attempting to send notification:  (1025) <private>
2026-08-27 01:18:39.543 I  ReactTestApp[1584:8737de0] [com.apple.Accessibility:AXRuntimeNotifications] Attempting to send notification:  (1025) <private>
2026-08-27 01:18:39.543 I  ReactTestApp[1584:8737de0] [com.apple.Accessibility:AXRuntimeNotifications] Did post notification. notification:  (1000) error:0 data:<private>
2026-08-27 01:18:39.566 I  ReactTestApp[1584:8737de0] [com.apple.Accessibility:AXRuntimeNotifications] Did post notification. notification:  (4002) error:0 data:<private>
2026-08-27 01:18:39.566 I  ReactTestApp[1584:8737de0] [com.apple.Accessibility:AXRuntimeNotifications] Did post notification. notification:  (4002) error:0 data:<private>
2026-08-27 01:18:39.582 I  ReactTestApp[1584:8737de0] [com.apple.Accessibility:AXRuntimeNotifications] Did post notification. notification:  (1025) error:0 data:<private>
2026-08-27 01:18:39.582 I  ReactTestApp[1584:8737de0] [com.apple.Accessibility:AXRuntimeNotifications] Attempting to send notification:  (1025) <private>
2026-08-27 01:18:39.583 I  ReactTestApp[1584:8737de0] [com.apple.Accessibility:AXRuntimeNotifications] Attempting to send notification:  (1025) <private>
2026-08-27 01:18:39.583 I  ReactTestApp[1584:8737de0] [com.apple.Accessibility:AXRuntimeNotifications] Attempting to send notification:  (1025) <private>
2026-08-27 01:18:39.583 I  ReactTestApp[1584:8737de0] [com.apple.Accessibility:AXRuntimeNotifications] Attempting to send notification:  (1025) <private>
2026-08-27 01:18:39.583 I  ReactTestApp[1584:8737de0] [com.apple.Accessibility:AXRuntimeNotifications] Attempting to send notification:  (1025) <private>
2026-08-27 01:18:39.583 I  ReactTestApp[1584:8737de0] [com.apple.Accessibility:AXRuntimeNotifications] Attempting to send notification:  (1025) <private>
2026-08-27 01:18:39.583 I  ReactTestApp[1584:8737de0] [com.apple.Accessibility:AXRuntimeNotifications] Did post notification. notification:  (1025) error:0 data:<private>
2026-08-27 01:18:39.594 I  ReactTestApp[1584:8737de0] [com.apple.Accessibility:AXRuntimeNotifications] Attempting to send notification:  (1025) <private>
2026-08-27 01:18:39.594 I  ReactTestApp[1584:8737de0] [com.apple.Accessibility:AXRuntimeNotifications] Attempting to send notification:  (1025) <private>
2026-08-27 01:18:39.594 I  ReactTestApp[1584:8737de0] [com.apple.Accessibility:AXRuntimeNotifications] Attempting to send notification:  (1025) <private>
2026-08-27 01:18:39.594 I  ReactTestApp[1584:8737de0] [com.apple.Accessibility:AXRuntimeNotifications] Did post notification. notification:  (1025) error:0 data:<private>
2026-08-27 01:18:39.610 I  ReactTestApp[1584:8737de0] [com.apple.Accessibility:AXRuntimeNotifications] Attempting to send notification:  (1025) <private>
2026-08-27 01:18:39.610 I  ReactTestApp[1584:8737de0] [com.apple.Accessibility:AXRuntimeNotifications] Attempting to send notification:  (1025) <private>
2026-08-27 01:18:39.611 I  ReactTestApp[1584:8737de0] [com.apple.Accessibility:AXRuntimeNotifications] Attempting to send notification:  (1025) <private>
2026-08-27 01:18:39.611 I  ReactTestApp[1584:8737de0] [com.apple.Accessibility:AXRuntimeNotifications] Did post notification. notification:  (1025) error:0 data:<private>
2026-08-27 01:18:39.627 I  ReactTestApp[1584:8737de0] [com.apple.Accessibility:AXRuntimeNotifications] Attempting to send notification:  (1025) <private>
2026-08-27 01:18:39.627 I  ReactTestApp[1584:8737de0] [com.apple.Accessibility:AXRuntimeNotifications] Attempting to send notification:  (1025) <private>
2026-08-27 01:18:39.627 I  ReactTestApp[1584:8737de0] [com.apple.Accessibility:AXRuntimeNotifications] Attempting to send notification:  (1025) <private>
2026-08-27 01:18:39.627 I  ReactTestApp[1584:8737de0] [com.apple.Accessibility:AXRuntimeNotifications] Did post notification. notification:  (1025) error:0 data:<private>
2026-08-27 01:18:39.644 I  ReactTestApp[1584:8737de0] [com.apple.Accessibility:AXRuntimeNotifications] Attempting to send notification:  (1025) <private>
2026-08-27 01:18:39.644 I  ReactTestApp[1584:8737de0] [com.apple.Accessibility:AXRuntimeNotifications] Attempting to send notification:  (1025) <private>
2026-08-27 01:18:39.644 I  ReactTestApp[1584:8737de0] [com.apple.Accessibility:AXRuntimeNotifications] Attempting to send notification:  (1025) <private>
2026-08-27 01:18:39.644 I  ReactTestApp[1584:8737de0] [com.apple.Accessibility:AXRuntimeNotifications] Attempting to send notification:  (1025) <private>
2026-08-27 01:18:39.644 I  ReactTestApp[1584:8737de0] [com.apple.Accessibility:AXRuntimeNotifications] Did post notification. notification:  (1025) error:0 data:<private>
2026-08-27 01:18:39.666 I  ReactTestApp[1584:8737de0] [com.apple.Accessibility:AXRuntimeNotifications] Attempting to send notification:  (1025) <private>
2026-08-27 01:18:39.666 I  ReactTestApp[1584:8737de0] [com.apple.Accessibility:AXRuntimeNotifications] Attempting to send notification:  (1025) <private>
2026-08-27 01:18:39.666 I  ReactTestApp[1584:8737de0] [com.apple.Accessibility:AXRuntimeNotifications] Attempting to send notification:  (1025) <private>
2026-08-27 01:18:39.666 I  ReactTestApp[1584:8737de0] [com.apple.Accessibility:AXRuntimeNotifications] Did post notification. notification:  (1025) error:0 data:<private>
2026-08-27 01:18:39.677 I  ReactTestApp[1584:8737de0] [com.apple.Accessibility:AXRuntimeNotifications] Attempting to send notification:  (1025) <private>
2026-08-27 01:18:39.677 I  ReactTestApp[1584:8737de0] [com.apple.Accessibility:AXRuntimeNotifications] Attempting to send notification:  (1025) <private>
2026-08-27 01:18:39.678 I  ReactTestApp[1584:8737de0] [com.apple.Accessibility:AXRuntimeNotifications] Attempting to send notification:  (1025) <private>
2026-08-27 01:18:39.678 I  ReactTestApp[1584:8737de0] [com.apple.Accessibility:AXRuntimeNotifications] Attempting to send notification:  (1025) <private>
2026-08-27 01:18:39.678 I  ReactTestApp[1584:8737de0] [com.apple.Accessibility:AXRuntimeNotifications] Attempting to send notification:  (1025) <private>
2026-08-27 01:18:39.678 I  ReactTestApp[1584:8737de0] [com.apple.Accessibility:AXRuntimeNotifications] Did post notification. notification:  (1025) error:0 data:<private>
2026-08-27 01:18:39.694 I  ReactTestApp[1584:8737de0] [com.apple.Accessibility:AXRuntimeNotifications] Attempting to send notification:  (1025) <private>
2026-08-27 01:18:39.694 I  ReactTestApp[1584:8737de0] [com.apple.Accessibility:AXRuntimeNotifications] Attempting to send notification:  (1025) <private>
2026-08-27 01:18:39.694 I  ReactTestApp[1584:8737de0] [com.apple.Accessibility:AXRuntimeNotifications] Attempting to send notification:  (1025) <private>
2026-08-27 01:18:39.694 I  ReactTestApp[1584:8737de0] [com.apple.Accessibility:AXRuntimeNotifications] Attempting to send notification:  (1025) <private>
2026-08-27 01:18:39.694 I  ReactTestApp[1584:8737de0] [com.apple.Accessibility:AXRuntimeNotifications] Did post notification. notification:  (1025) error:0 data:<private>
2026-08-27 01:18:39.710 I  ReactTestApp[1584:8737de0] [com.apple.Accessibility:AXRuntimeNotifications] Attempting to send notification:  (1025) <private>
2026-08-27 01:18:39.710 I  ReactTestApp[1584:8737de0] [com.apple.Accessibility:AXRuntimeNotifications] Attempting to send notification:  (1025) <private>
2026-08-27 01:18:39.710 I  ReactTestApp[1584:8737de0] [com.apple.Accessibility:AXRuntimeNotifications] Attempting to send notification:  (1025) <private>
2026-08-27 01:18:39.711 I  ReactTestApp[1584:8737de0] [com.apple.Accessibility:AXRuntimeNotifications] Attempting to send notification:  (1025) <private>
2026-08-27 01:18:39.711 I  ReactTestApp[1584:8737de0] [com.apple.Accessibility:AXRuntimeNotifications] Attempting to send notification:  (1025) <private>
2026-08-27 01:18:39.711 I  ReactTestApp[1584:8737de0] [com.apple.Accessibility:AXRuntimeNotifications] Attempting to send notification:  (1025) <private>
2026-08-27 01:18:39.711 I  ReactTestApp[1584:8737de0] [com.apple.Accessibility:AXRuntimeNotifications] Did post notification. notification:  (1025) error:0 data:<private>
2026-08-27 01:18:39.727 I  ReactTestApp[1584:8737de0] [com.apple.Accessibility:AXRuntimeNotifications] Attempting to send notification:  (1025) <private>
2026-08-27 01:18:39.727 I  ReactTestApp[1584:8737de0] [com.apple.Accessibility:AXRuntimeNotifications] Attempting to send notification:  (1025) <private>
2026-08-27 01:18:39.727 I  ReactTestApp[1584:8737de0] [com.apple.Accessibility:AXRuntimeNotifications] Attempting to send notification:  (1025) <private>
2026-08-27 01:18:39.727 I  ReactTestApp[1584:8737de0] [com.apple.Accessibility:AXRuntimeNotifications] Attempting to send notification:  (1025) <private>
2026-08-27 01:18:39.727 I  ReactTestApp[1584:8737de0] [com.apple.Accessibility:AXRuntimeNotifications] Did post notification. notification:  (1025) error:0 data:<private>
2026-08-27 01:18:39.744 I  ReactTestApp[1584:8737de0] [com.apple.Accessibility:AXRuntimeNotifications] Attempting to send notification:  (1025) <private>
2026-08-27 01:18:39.744 I  ReactTestApp[1584:8737de0] [com.apple.Accessibility:AXRuntimeNotifications] Attempting to send notification:  (1025) <private>
2026-08-27 01:18:39.744 I  ReactTestApp[1584:8737de0] [com.apple.Accessibility:AXRuntimeNotifications] Attempting to send notification:  (1025) <private>
2026-08-27 01:18:39.744 I  ReactTestApp[1584:8737de0] [com.apple.Accessibility:AXRuntimeNotifications] Attempting to send notification:  (1025) <private>
2026-08-27 01:18:39.744 I  ReactTestApp[1584:8737de0] [com.apple.Accessibility:AXRuntimeNotifications] Attempting to send notification:  (1025) <private>
2026-08-27 01:18:39.744 I  ReactTestApp[1584:8737de0] [com.apple.Accessibility:AXRuntimeNotifications] Attempting to send notification:  (1025) <private>
2026-08-27 01:18:39.744 I  ReactTestApp[1584:8737de0] [com.apple.Accessibility:AXRuntimeNotifications] Attempting to send notification:  (1025) <private>
2026-08-27 01:18:39.744 I  ReactTestApp[1584:8737de0] [com.apple.Accessibility:AXRuntimeNotifications] Attempting to send notification:  (1025) <private>
2026-08-27 01:18:39.744 I  ReactTestApp[1584:8737de0] [com.apple.Accessibility:AXRuntimeNotifications] Attempting to send notification:  (1025) <private>
2026-08-27 01:18:39.744 I  ReactTestApp[1584:8737de0] [com.apple.Accessibility:AXRuntimeNotifications] Attempting to send notification:  (1025) <private>
2026-08-27 01:18:39.745 I  ReactTestApp[1584:8737de0] [com.apple.Accessibility:AXRuntimeNotifications] Attempting to send notification:  (1025) <private>
2026-08-27 01:18:39.745 I  ReactTestApp[1584:8737de0] [com.apple.Accessibility:AXRuntimeNotifications] Attempting to send notification:  (1025) <private>
2026-08-27 01:18:39.745 I  ReactTestApp[1584:8737de0] [com.apple.Accessibility:AXRuntimeNotifications] Attempting to send notification:  (1025) <private>
2026-08-27 01:18:39.745 I  ReactTestApp[1584:8737de0] [com.apple.Accessibility:AXRuntimeNotifications] Attempting to send notification:  (1025) <private>
2026-08-27 01:18:39.745 I  ReactTestApp[1584:8737de0] [com.apple.Accessibility:AXRuntimeNotifications] Attempting to send notification:  (1025) <private>
2026-08-27 01:18:39.745 I  ReactTestApp[1584:8737de0] [com.apple.Accessibility:AXRuntimeNotifications] Attempting to send notification:  (1025) <private>
2026-08-27 01:18:39.745 I  ReactTestApp[1584:8737de0] [com.apple.Accessibility:AXRuntimeNotifications] Attempting to send notification:  (1025) <private>
2026-08-27 01:18:39.745 I  ReactTestApp[1584:8737de0] [com.apple.Accessibility:AXRuntimeNotifications] Attempting to send notification:  (1025) <private>
2026-08-27 01:18:39.745 I  ReactTestApp[1584:8737de0] [com.apple.Accessibility:AXRuntimeNotifications] Attempting to send notification:  (1025) <private>
2026-08-27 01:18:39.745 I  ReactTestApp[1584:8737de0] [com.apple.Accessibility:AXRuntimeNotifications] Attempting to send notification:  (1025) <private>
2026-08-27 01:18:39.745 I  ReactTestApp[1584:8737de0] [com.apple.Accessibility:AXRuntimeNotifications] Attempting to send notification:  (1025) <private>
2026-08-27 01:18:39.745 I  ReactTestApp[1584:8737de0] [com.apple.Accessibility:AXRuntimeNotifications] Attempting to send notification:  (1025) <private>
2026-08-27 01:18:39.745 I  ReactTestApp[1584:8737de0] [com.apple.Accessibility:AXRuntimeNotifications] Attempting to send notification:  (1025) <private>
2026-08-27 01:18:39.745 I  ReactTestApp[1584:8737de0] [com.apple.Accessibility:AXRuntimeNotifications] Attempting to send notification:  (1025) <private>
2026-08-27 01:18:39.745 I  ReactTestApp[1584:8737de0] [com.apple.Accessibility:AXRuntimeNotifications] Attempting to send notification:  (1025) <private>
2026-08-27 01:18:39.745 I  ReactTestApp[1584:8737de0] [com.apple.Accessibility:AXRuntimeNotifications] Attempting to send notification:  (1025) <private>
2026-08-27 01:18:39.745 I  ReactTestApp[1584:8737de0] [com.apple.Accessibility:AXRuntimeNotifications] Attempting to send notification:  (1025) <private>
2026-08-27 01:18:39.745 I  ReactTestApp[1584:8737de0] [com.apple.Accessibility:AXRuntimeNotifications] Attempting to send notification:  (1025) <private>
2026-08-27 01:18:39.745 I  ReactTestApp[1584:8737de0] [com.apple.Accessibility:AXRuntimeNotifications] Attempting to send notification:  (1025) <private>
2026-08-27 01:18:39.746 I  ReactTestApp[1584:8737de0] [com.apple.Accessibility:AXRuntimeNotifications] Attempting to send notification:  (1025) <private>
2026-08-27 01:18:39.746 I  ReactTestApp[1584:8737de0] [com.apple.Accessibility:AXRuntimeNotifications] Attempting to send notification:  (1025) <private>
2026-08-27 01:18:39.746 I  ReactTestApp[1584:8737de0] [com.apple.Accessibility:AXRuntimeNotifications] Attempting to send notification:  (1025) <private>
2026-08-27 01:18:39.746 I  ReactTestApp[1584:8737de0] [com.apple.Accessibility:AXRuntimeNotifications] Attempting to send notification:  (1025) <private>
2026-08-27 01:18:39.746 I  ReactTestApp[1584:8737de0] [com.apple.Accessibility:AXRuntimeNotifications] Attempting to send notification:  (1025) <private>
2026-08-27 01:18:39.746 I  ReactTestApp[1584:8737de0] [com.apple.Accessibility:AXRuntimeNotifications] Attempting to send notification:  (1025) <private>
2026-08-27 01:18:39.746 I  ReactTestApp[1584:8737de0] [com.apple.Accessibility:AXRuntimeNotifications] Attempting to send notification:  (1025) <private>
2026-08-27 01:18:39.746 I  ReactTestApp[1584:8737de0] [com.apple.Accessibility:AXRuntimeNotifications] Attempting to send notification:  (1025) <private>
2026-08-27 01:18:39.746 I  ReactTestApp[1584:8737de0] [com.apple.Accessibility:AXRuntimeNotifications] Attempting to send notification:  (1025) <private>
2026-08-27 01:18:39.746 I  ReactTestApp[1584:8737de0] [com.apple.Accessibility:AXRuntimeNotifications] Attempting to send notification:  (1025) <private>
2026-08-27 01:18:39.746 I  ReactTestApp[1584:8737de0] [com.apple.Accessibility:AXRuntimeNotifications] Attempting to send notification:  (1025) <private>
2026-08-27 01:18:39.746 I  ReactTestApp[1584:8737de0] [com.apple.Accessibility:AXRuntimeNotifications] Attempting to send notification:  (1025) <private>
2026-08-27 01:18:39.746 I  ReactTestApp[1584:8737de0] [com.apple.Accessibility:AXRuntimeNotifications] Attempting to send notification:  (1025) <private>
2026-08-27 01:18:39.746 I  ReactTestApp[1584:8737de0] [com.apple.Accessibility:AXRuntimeNotifications] Attempting to send notification:  (1025) <private>
2026-08-27 01:18:39.746 I  ReactTestApp[1584:8737de0] [com.apple.Accessibility:AXRuntimeNotifications] Attempting to send notification:  (1025) <private>
2026-08-27 01:18:39.746 I  ReactTestApp[1584:8737de0] [com.apple.Accessibility:AXRuntimeNotifications] Attempting to send notification:  (1025) <private>
2026-08-27 01:18:39.746 I  ReactTestApp[1584:8737de0] [com.apple.Accessibility:AXRuntimeNotifications] Attempting to send notification:  (1025) <private>
2026-08-27 01:18:39.746 I  ReactTestApp[1584:8737de0] [com.apple.Accessibility:AXRuntimeNotifications] Attempting to send notification:  (1025) <private>
2026-08-27 01:18:39.746 I  ReactTestApp[1584:8737de0] [com.apple.Accessibility:AXRuntimeNotifications] Attempting to send notification:  (1025) <private>
2026-08-27 01:18:39.747 I  ReactTestApp[1584:8737de0] [com.apple.Accessibility:AXRuntimeNotifications] Attempting to send notification:  (1025) <private>
2026-08-27 01:18:39.747 I  ReactTestApp[1584:8737de0] [com.apple.Accessibility:AXRuntimeNotifications] Attempting to send notification:  (1025) <private>
2026-08-27 01:18:39.747 I  ReactTestApp[1584:8737de0] [com.apple.Accessibility:AXRuntimeNotifications] Attempting to send notification:  (1025) <private>
2026-08-27 01:18:39.747 I  ReactTestApp[1584:8737de0] [com.apple.Accessibility:AXRuntimeNotifications] Did post notification. notification:  (1025) error:0 data:<private>
2026-08-27 01:18:39.765 I  ReactTestApp[1584:8737de0] [com.apple.Accessibility:AXRuntimeNotifications] Attempting to send notification:  (1025) <private>
2026-08-27 01:18:39.765 I  ReactTestApp[1584:8737de0] [com.apple.Accessibility:AXRuntimeNotifications] Attempting to send notification:  (1025) <private>
2026-08-27 01:18:39.765 I  ReactTestApp[1584:8737de0] [com.apple.Accessibility:AXRuntimeNotifications] Attempting to send notification:  (1025) <private>
2026-08-27 01:18:39.765 I  ReactTestApp[1584:8737de0] [com.apple.Accessibility:AXRuntimeNotifications] Did post notification. notification:  (1025) error:0 data:<private>
2026-08-27 01:18:39.777 I  ReactTestApp[1584:8737de0] [com.apple.Accessibility:AXRuntimeNotifications] Attempting to send notification:  (1025) <private>
2026-08-27 01:18:39.777 I  ReactTestApp[1584:8737de0] [com.apple.Accessibility:AXRuntimeNotifications] Attempting to send notification:  (1025) <private>
2026-08-27 01:18:39.777 I  ReactTestApp[1584:8737de0] [com.apple.Accessibility:AXRuntimeNotifications] Attempting to send notification:  (1025) <private>
2026-08-27 01:18:39.777 I  ReactTestApp[1584:8737de0] [com.apple.Accessibility:AXRuntimeNotifications] Attempting to send notification:  (1025) <private>
2026-08-27 01:18:39.777 I  ReactTestApp[1584:8737de0] [com.apple.Accessibility:AXRuntimeNotifications] Did post notification. notification:  (1025) error:0 data:<private>
2026-08-27 01:18:39.793 I  ReactTestApp[1584:8737de0] [com.apple.Accessibility:AXRuntimeNotifications] Attempting to send notification:  (1025) <private>
2026-08-27 01:18:39.794 I  ReactTestApp[1584:8737de0] [com.apple.Accessibility:AXRuntimeNotifications] Attempting to send notification:  (1025) <private>
2026-08-27 01:18:39.794 I  ReactTestApp[1584:8737de0] [com.apple.Accessibility:AXRuntimeNotifications] Attempting to send notification:  (1025) <private>
2026-08-27 01:18:39.794 I  ReactTestApp[1584:8737de0] [com.apple.Accessibility:AXRuntimeNotifications] Did post notification. notification:  (1025) error:0 data:<private>
2026-08-27 01:18:39.882 I  ReactTestApp[1584:8737de0] [com.apple.Accessibility:AXRuntimeNotifications] Attempting to send notification:  (1001) <private>
2026-08-27 01:18:39.882 I  ReactTestApp[1584:8737de0] [com.apple.Accessibility:AXRuntimeNotifications] Attempting to send notification:  (1001) <private>
2026-08-27 01:18:39.882 I  ReactTestApp[1584:8737de0] [com.apple.Accessibility:AXRuntimeNotifications] Attempting to send notification:  (1025) <private>
2026-08-27 01:18:39.882 I  ReactTestApp[1584:8737de0] [com.apple.Accessibility:AXRuntimeNotifications] Attempting to send notification:  (1025) <private>
2026-08-27 01:18:39.882 I  ReactTestApp[1584:8737de0] [com.apple.Accessibility:AXRuntimeNotifications] Attempting to send notification:  (1025) <private>
2026-08-27 01:18:39.882 I  ReactTestApp[1584:8737de0] [com.apple.Accessibility:AXRuntimeNotifications] Attempting to send notification:  (1025) <private>
2026-08-27 01:18:39.882 I  ReactTestApp[1584:8737de0] [com.apple.Accessibility:AXRuntimeNotifications] Attempting to send notification:  (1025) <private>
2026-08-27 01:18:39.882 I  ReactTestApp[1584:8737de0] [com.apple.Accessibility:AXRuntimeNotifications] Attempting to send notification:  (1025) <private>
2026-08-27 01:18:39.882 I  ReactTestApp[1584:8737de0] [com.apple.Accessibility:AXRuntimeNotifications] Attempting to send notification:  (1025) <private>
2026-08-27 01:18:39.882 I  ReactTestApp[1584:8737de0] [com.apple.Accessibility:AXRuntimeNotifications] Attempting to send notification:  (1025) <private>
2026-08-27 01:18:39.882 I  ReactTestApp[1584:8737de0] [com.apple.Accessibility:AXRuntimeNotifications] Attempting to send notification:  (1025) <private>
2026-08-27 01:18:39.882 I  ReactTestApp[1584:8737de0] [com.apple.Accessibility:AXRuntimeNotifications] Attempting to send notification:  (1025) <private>
2026-08-27 01:18:39.883 I  ReactTestApp[1584:8737de0] [com.apple.Accessibility:AXRuntimeNotifications] Attempting to send notification:  (1025) <private>
2026-08-27 01:18:39.883 I  ReactTestApp[1584:8737de0] [com.apple.Accessibility:AXRuntimeNotifications] Attempting to send notification:  (1025) <private>
2026-08-27 01:18:39.883 I  ReactTestApp[1584:8737de0] [com.apple.Accessibility:AXRuntimeNotifications] Attempting to send notification:  (1025) <private>
2026-08-27 01:18:39.883 I  ReactTestApp[1584:8737de0] [com.apple.Accessibility:AXRuntimeNotifications] Attempting to send notification:  (1025) <private>
2026-08-27 01:18:39.883 I  ReactTestApp[1584:8737de0] [com.apple.Accessibility:AXRuntimeNotifications] Attempting to send notification:  (1025) <private>
2026-08-27 01:18:39.883 I  ReactTestApp[1584:8737de0] [com.apple.Accessibility:AXRuntimeNotifications] Attempting to send notification:  (1025) <private>
2026-08-27 01:18:39.883 I  ReactTestApp[1584:8737de0] [com.apple.Accessibility:AXRuntimeNotifications] Attempting to send notification:  (1025) <private>
2026-08-27 01:18:39.883 I  ReactTestApp[1584:8737de0] [com.apple.Accessibility:AXRuntimeNotifications] Attempting to send notification:  (1025) <private>
2026-08-27 01:18:39.883 I  ReactTestApp[1584:8737de0] [com.apple.Accessibility:AXRuntimeNotifications] Attempting to send notification:  (1025) <private>
2026-08-27 01:18:39.883 I  ReactTestApp[1584:8737de0] [com.apple.Accessibility:AXRuntimeNotifications] Attempting to send notification:  (1025) <private>
2026-08-27 01:18:39.883 I  ReactTestApp[1584:8737de0] [com.apple.Accessibility:AXRuntimeNotifications] Attempting to send notification:  (1025) <private>
2026-08-27 01:18:39.883 I  ReactTestApp[1584:8737de0] [com.apple.Accessibility:AXRuntimeNotifications] Attempting to send notification:  (1025) <private>
2026-08-27 01:18:39.883 I  ReactTestApp[1584:8737de0] [com.apple.Accessibility:AXRuntimeNotifications] Attempting to send notification:  (1025) <private>
2026-08-27 01:18:39.883 I  ReactTestApp[1584:8737de0] [com.apple.Accessibility:AXRuntimeNotifications] Attempting to send notification:  (1025) <private>
2026-08-27 01:18:39.883 I  ReactTestApp[1584:8737de0] [com.apple.Accessibility:AXRuntimeNotifications] Attempting to send notification:  (1025) <private>
2026-08-27 01:18:39.883 I  ReactTestApp[1584:8737de0] [com.apple.Accessibility:AXRuntimeNotifications] Attempting to send notification:  (1025) <private>
2026-08-27 01:18:39.883 I  ReactTestApp[1584:8737de0] [com.apple.Accessibility:AXRuntimeNotifications] Attempting to send notification:  (1025) <private>
2026-08-27 01:18:39.883 I  ReactTestApp[1584:8737de0] [com.apple.Accessibility:AXRuntimeNotifications] Attempting to send notification:  (1025) <private>
2026-08-27 01:18:39.884 I  ReactTestApp[1584:8737de0] [com.apple.Accessibility:AXRuntimeNotifications] Attempting to send notification:  (1025) <private>
2026-08-27 01:18:39.884 I  ReactTestApp[1584:8737de0] [com.apple.Accessibility:AXRuntimeNotifications] Attempting to send notification:  (1025) <private>
2026-08-27 01:18:39.884 I  ReactTestApp[1584:8737de0] [com.apple.Accessibility:AXRuntimeNotifications] Attempting to send notification:  (1025) <private>
2026-08-27 01:18:39.884 I  ReactTestApp[1584:8737de0] [com.apple.Accessibility:AXRuntimeNotifications] Attempting to send notification:  (1025) <private>
2026-08-27 01:18:39.884 I  ReactTestApp[1584:8737de0] [com.apple.Accessibility:AXRuntimeNotifications] Attempting to send notification:  (1025) <private>
2026-08-27 01:18:39.884 I  ReactTestApp[1584:8737de0] [com.apple.Accessibility:AXRuntimeNotifications] Attempting to send notification:  (1025) <private>
2026-08-27 01:18:39.884 I  ReactTestApp[1584:8737de0] [com.apple.Accessibility:AXRuntimeNotifications] Attempting to send notification:  (1025) <private>
2026-08-27 01:18:39.884 I  ReactTestApp[1584:8737de0] [com.apple.Accessibility:AXRuntimeNotifications] Did post notification. notification:  (1001) error:0 data:<private>
2026-08-27 01:18:39.884 I  ReactTestApp[1584:8737de0] [com.apple.Accessibility:AXRuntimeNotifications] Did post notification. notification:  (1025) error:0 data:<private>
2026-08-27 01:18:39.893 I  ReactTestApp[1584:8737de0] [com.apple.Accessibility:AXRuntimeNotifications] Attempting to send notification:  (1025) <private>
2026-08-27 01:18:39.893 I  ReactTestApp[1584:8737de0] [com.apple.Accessibility:AXRuntimeNotifications] Attempting to send notification:  (1025) <private>
2026-08-27 01:18:39.893 I  ReactTestApp[1584:8737de0] [com.apple.Accessibility:AXRuntimeNotifications] Attempting to send notification:  (1025) <private>
2026-08-27 01:18:39.894 I  ReactTestApp[1584:8737de0] [com.apple.Accessibility:AXRuntimeNotifications] Attempting to send notification:  (1025) <private>
2026-08-27 01:18:39.894 I  ReactTestApp[1584:8737de0] [com.apple.Accessibility:AXRuntimeNotifications] Attempting to send notification:  (1025) <private>
2026-08-27 01:18:39.894 I  ReactTestApp[1584:8737de0] [com.apple.Accessibility:AXRuntimeNotifications] Did post notification. notification:  (1025) error:0 data:<private>
2026-08-27 01:18:39.910 I  ReactTestApp[1584:8737de0] [com.apple.Accessibility:AXRuntimeNotifications] Attempting to send notification:  (1025) <private>
2026-08-27 01:18:39.910 I  ReactTestApp[1584:8737de0] [com.apple.Accessibility:AXRuntimeNotifications] Attempting to send notification:  (1025) <private>
2026-08-27 01:18:39.910 I  ReactTestApp[1584:8737de0] [com.apple.Accessibility:AXRuntimeNotifications] Attempting to send notification:  (1025) <private>
2026-08-27 01:18:39.910 I  ReactTestApp[1584:8737de0] [com.apple.Accessibility:AXRuntimeNotifications] Attempting to send notification:  (1025) <private>
2026-08-27 01:18:39.910 I  ReactTestApp[1584:8737de0] [com.apple.Accessibility:AXRuntimeNotifications] Attempting to send notification:  (1025) <private>
2026-08-27 01:18:39.910 I  ReactTestApp[1584:8737de0] [com.apple.Accessibility:AXRuntimeNotifications] Attempting to send notification:  (1025) <private>
2026-08-27 01:18:39.911 I  ReactTestApp[1584:8737de0] [com.apple.Accessibility:AXRuntimeNotifications] Attempting to send notification:  (1025) <private>
2026-08-27 01:18:39.911 I  ReactTestApp[1584:8737de0] [com.apple.Accessibility:AXRuntimeNotifications] Attempting to send notification:  (1025) <private>
2026-08-27 01:18:39.911 I  ReactTestApp[1584:8737de0] [com.apple.Accessibility:AXRuntimeNotifications] Attempting to send notification:  (1025) <private>
2026-08-27 01:18:39.911 I  ReactTestApp[1584:8737de0] [com.apple.Accessibility:AXRuntimeNotifications] Did post notification. notification:  (1025) error:0 data:<private>
2026-08-27 01:18:39.927 I  ReactTestApp[1584:8737de0] [com.apple.Accessibility:AXRuntimeNotifications] Attempting to send notification:  (1025) <private>
2026-08-27 01:18:39.927 I  ReactTestApp[1584:8737de0] [com.apple.Accessibility:AXRuntimeNotifications] Attempting to send notification:  (1025) <private>
2026-08-27 01:18:39.927 I  ReactTestApp[1584:8737de0] [com.apple.Accessibility:AXRuntimeNotifications] Attempting to send notification:  (1025) <private>
2026-08-27 01:18:39.927 I  ReactTestApp[1584:8737de0] [com.apple.Accessibility:AXRuntimeNotifications] Did post notification. notification:  (1025) error:0 data:<private>
2026-08-27 01:18:39.943 I  ReactTestApp[1584:8737de0] [com.apple.Accessibility:AXRuntimeNotifications] Attempting to send notification:  (1025) <private>
2026-08-27 01:18:39.943 I  ReactTestApp[1584:8737de0] [com.apple.Accessibility:AXRuntimeNotifications] Attempting to send notification:  (1025) <private>
2026-08-27 01:18:39.944 I  ReactTestApp[1584:8737de0] [com.apple.Accessibility:AXRuntimeNotifications] Attempting to send notification:  (1025) <private>
2026-08-27 01:18:39.944 I  ReactTestApp[1584:8737de0] [com.apple.Accessibility:AXRuntimeNotifications] Attempting to send notification:  (1025) <private>
2026-08-27 01:18:39.944 I  ReactTestApp[1584:8737de0] [com.apple.Accessibility:AXRuntimeNotifications] Attempting to send notification:  (1025) <private>
2026-08-27 01:18:39.944 I  ReactTestApp[1584:8737de0] [com.apple.Accessibility:AXRuntimeNotifications] Did post notification. notification:  (1025) error:0 data:<private>
2026-08-27 01:18:39.960 I  ReactTestApp[1584:8737de0] [com.apple.Accessibility:AXRuntimeNotifications] Attempting to send notification:  (1025) <private>
2026-08-27 01:18:39.960 I  ReactTestApp[1584:8737de0] [com.apple.Accessibility:AXRuntimeNotifications] Attempting to send notification:  (1025) <private>
2026-08-27 01:18:39.960 I  ReactTestApp[1584:8737de0] [com.apple.Accessibility:AXRuntimeNotifications] Attempting to send notification:  (1025) <private>
2026-08-27 01:18:39.960 I  ReactTestApp[1584:8737de0] [com.apple.Accessibility:AXRuntimeNotifications] Attempting to send notification:  (1025) <private>
2026-08-27 01:18:39.961 I  ReactTestApp[1584:8737de0] [com.apple.Accessibility:AXRuntimeNotifications] Attempting to send notification:  (1025) <private>
2026-08-27 01:18:39.961 I  ReactTestApp[1584:8737de0] [com.apple.Accessibility:AXRuntimeNotifications] Attempting to send notification:  (1025) <private>
2026-08-27 01:18:39.961 I  ReactTestApp[1584:8737de0] [com.apple.Accessibility:AXRuntimeNotifications] Attempting to send notification:  (1025) <private>
2026-08-27 01:18:39.961 I  ReactTestApp[1584:8737de0] [com.apple.Accessibility:AXRuntimeNotifications] Attempting to send notification:  (1025) <private>
2026-08-27 01:18:39.961 I  ReactTestApp[1584:8737de0] [com.apple.Accessibility:AXRuntimeNotifications] Attempting to send notification:  (1025) <private>
2026-08-27 01:18:39.961 I  ReactTestApp[1584:8737de0] [com.apple.Accessibility:AXRuntimeNotifications] Attempting to send notification:  (1025) <private>
2026-08-27 01:18:39.961 I  ReactTestApp[1584:8737de0] [com.apple.Accessibility:AXRuntimeNotifications] Attempting to send notification:  (1025) <private>
2026-08-27 01:18:39.961 I  ReactTestApp[1584:8737de0] [com.apple.Accessibility:AXRuntimeNotifications] Attempting to send notification:  (1025) <private>
2026-08-27 01:18:39.961 I  ReactTestApp[1584:8737de0] [com.apple.Accessibility:AXRuntimeNotifications] Attempting to send notification:  (1025) <private>
2026-08-27 01:18:39.961 I  ReactTestApp[1584:8737de0] [com.apple.Accessibility:AXRuntimeNotifications] Attempting to send notification:  (1025) <private>
2026-08-27 01:18:39.961 I  ReactTestApp[1584:8737de0] [com.apple.Accessibility:AXRuntimeNotifications] Did post notification. notification:  (1025) error:0 data:<private>
2026-08-27 01:18:39.977 I  ReactTestApp[1584:8737de0] [com.apple.Accessibility:AXRuntimeNotifications] Attempting to send notification:  (1025) <private>
2026-08-27 01:18:39.977 I  ReactTestApp[1584:8737de0] [com.apple.Accessibility:AXRuntimeNotifications] Attempting to send notification:  (1025) <private>
2026-08-27 01:18:39.977 I  ReactTestApp[1584:8737de0] [com.apple.Accessibility:AXRuntimeNotifications] Attempting to send notification:  (1025) <private>
2026-08-27 01:18:39.977 I  ReactTestApp[1584:8737de0] [com.apple.Accessibility:AXRuntimeNotifications] Attempting to send notification:  (1025) <private>
2026-08-27 01:18:39.977 I  ReactTestApp[1584:8737de0] [com.apple.Accessibility:AXRuntimeNotifications] Attempting to send notification:  (1025) <private>
2026-08-27 01:18:39.977 I  ReactTestApp[1584:8737de0] [com.apple.Accessibility:AXRuntimeNotifications] Attempting to send notification:  (1025) <private>
2026-08-27 01:18:39.977 I  ReactTestApp[1584:8737de0] [com.apple.Accessibility:AXRuntimeNotifications] Did post notification. notification:  (1025) error:0 data:<private>
2026-08-27 01:18:39.993 I  ReactTestApp[1584:8737de0] [com.apple.Accessibility:AXRuntimeNotifications] Attempting to send notification:  (1025) <private>
2026-08-27 01:18:39.993 I  ReactTestApp[1584:8737de0] [com.apple.Accessibility:AXRuntimeNotifications] Attempting to send notification:  (1025) <private>
2026-08-27 01:18:39.993 I  ReactTestApp[1584:8737de0] [com.apple.Accessibility:AXRuntimeNotifications] Attempting to send notification:  (1025) <private>
2026-08-27 01:18:39.994 I  ReactTestApp[1584:8737de0] [com.apple.Accessibility:AXRuntimeNotifications] Did post notification. notification:  (1025) error:0 data:<private>
2026-08-27 01:18:40.010 I  ReactTestApp[1584:8737de0] [com.apple.Accessibility:AXRuntimeNotifications] Attempting to send notification:  (1025) <private>
2026-08-27 01:18:40.010 I  ReactTestApp[1584:8737de0] [com.apple.Accessibility:AXRuntimeNotifications] Attempting to send notification:  (1025) <private>
2026-08-27 01:18:40.010 I  ReactTestApp[1584:8737de0] [com.apple.Accessibility:AXRuntimeNotifications] Attempting to send notification:  (1025) <private>
2026-08-27 01:18:40.010 I  ReactTestApp[1584:8737de0] [com.apple.Accessibility:AXRuntimeNotifications] Attempting to send notification:  (1025) <private>
2026-08-27 01:18:40.010 I  ReactTestApp[1584:8737de0] [com.apple.Accessibility:AXRuntimeNotifications] Did post notification. notification:  (1025) error:0 data:<private>
2026-08-27 01:18:40.027 I  ReactTestApp[1584:8737de0] [com.apple.Accessibility:AXRuntimeNotifications] Attempting to send notification:  (1025) <private>
2026-08-27 01:18:40.027 I  ReactTestApp[1584:8737de0] [com.apple.Accessibility:AXRuntimeNotifications] Attempting to send notification:  (1025) <private>
2026-08-27 01:18:40.027 I  ReactTestApp[1584:8737de0] [com.apple.Accessibility:AXRuntimeNotifications] Attempting to send notification:  (1025) <private>
2026-08-27 01:18:40.027 I  ReactTestApp[1584:8737de0] [com.apple.Accessibility:AXRuntimeNotifications] Did post notification. notification:  (1025) error:0 data:<private>
2026-08-27 01:18:40.043 I  ReactTestApp[1584:8737de0] [com.apple.Accessibility:AXRuntimeNotifications] Attempting to send notification:  (1025) <private>
2026-08-27 01:18:40.043 I  ReactTestApp[1584:8737de0] [com.apple.Accessibility:AXRuntimeNotifications] Attempting to send notification:  (1025) <private>
2026-08-27 01:18:40.043 I  ReactTestApp[1584:8737de0] [com.apple.Accessibility:AXRuntimeNotifications] Attempting to send notification:  (1025) <private>
2026-08-27 01:18:40.044 I  ReactTestApp[1584:8737de0] [com.apple.Accessibility:AXRuntimeNotifications] Did post notification. notification:  (1025) error:0 data:<private>
2026-08-27 01:18:40.060 I  ReactTestApp[1584:8737de0] [com.apple.Accessibility:AXRuntimeNotifications] Attempting to send notification:  (1025) <private>
2026-08-27 01:18:40.060 I  ReactTestApp[1584:8737de0] [com.apple.Accessibility:AXRuntimeNotifications] Attempting to send notification:  (1025) <private>
2026-08-27 01:18:40.060 I  ReactTestApp[1584:8737de0] [com.apple.Accessibility:AXRuntimeNotifications] Attempting to send notification:  (1025) <private>
2026-08-27 01:18:40.060 I  ReactTestApp[1584:8737de0] [com.apple.Accessibility:AXRuntimeNotifications] Did post notification. notification:  (1025) error:0 data:<private>
2026-08-27 01:18:40.077 I  ReactTestApp[1584:8737de0] [com.apple.Accessibility:AXRuntimeNotifications] Attempting to send notification:  (1025) <private>
2026-08-27 01:18:40.077 I  ReactTestApp[1584:8737de0] [com.apple.Accessibility:AXRuntimeNotifications] Attempting to send notification:  (1025) <private>
2026-08-27 01:18:40.077 I  ReactTestApp[1584:8737de0] [com.apple.Accessibility:AXRuntimeNotifications] Attempting to send notification:  (1025) <private>
2026-08-27 01:18:40.077 I  ReactTestApp[1584:8737de0] [com.apple.Accessibility:AXRuntimeNotifications] Attempting to send notification:  (1025) <private>
2026-08-27 01:18:40.077 I  ReactTestApp[1584:8737de0] [com.apple.Accessibility:AXRuntimeNotifications] Did post notification. notification:  (1025) error:0 data:<private>
2026-08-27 01:18:40.094 I  ReactTestApp[1584:8737de0] [com.apple.Accessibility:AXRuntimeNotifications] Attempting to send notification:  (1025) <private>
2026-08-27 01:18:40.094 I  ReactTestApp[1584:8737de0] [com.apple.Accessibility:AXRuntimeNotifications] Attempting to send notification:  (1025) <private>
2026-08-27 01:18:40.094 I  ReactTestApp[1584:8737de0] [com.apple.Accessibility:AXRuntimeNotifications] Attempting to send notification:  (1025) <private>
2026-08-27 01:18:40.094 I  ReactTestApp[1584:8737de0] [com.apple.Accessibility:AXRuntimeNotifications] Did post notification. notification:  (1025) error:0 data:<private>
2026-08-27 01:18:40.110 I  ReactTestApp[1584:8737de0] [com.apple.Accessibility:AXRuntimeNotifications] Attempting to send notification:  (1025) <private>
2026-08-27 01:18:40.110 I  ReactTestApp[1584:8737de0] [com.apple.Accessibility:AXRuntimeNotifications] Attempting to send notification:  (1025) <private>
2026-08-27 01:18:40.111 I  ReactTestApp[1584:8737de0] [com.apple.Accessibility:AXRuntimeNotifications] Attempting to send notification:  (1025) <private>
2026-08-27 01:18:40.111 I  ReactTestApp[1584:8737de0] [com.apple.Accessibility:AXRuntimeNotifications] Did post notification. notification:  (1025) error:0 data:<private>
2026-08-27 01:18:40.127 I  ReactTestApp[1584:8737de0] [com.apple.Accessibility:AXRuntimeNotifications] Attempting to send notification:  (1025) <private>
2026-08-27 01:18:40.127 I  ReactTestApp[1584:8737de0] [com.apple.Accessibility:AXRuntimeNotifications] Attempting to send notification:  (1025) <private>
2026-08-27 01:18:40.128 I  ReactTestApp[1584:8737de0] [com.apple.Accessibility:AXRuntimeNotifications] Attempting to send notification:  (1025) <private>
2026-08-27 01:18:40.128 I  ReactTestApp[1584:8737de0] [com.apple.Accessibility:AXRuntimeNotifications] Did post notification. notification:  (1025) error:0 data:<private>
2026-08-27 01:18:40.144 I  ReactTestApp[1584:8737de0] [com.apple.Accessibility:AXRuntimeNotifications] Attempting to send notification:  (1025) <private>
2026-08-27 01:18:40.145 I  ReactTestApp[1584:8737de0] [com.apple.Accessibility:AXRuntimeNotifications] Attempting to send notification:  (1025) <private>
2026-08-27 01:18:40.145 I  ReactTestApp[1584:8737de0] [com.apple.Accessibility:AXRuntimeNotifications] Attempting to send notification:  (1025) <private>
2026-08-27 01:18:40.145 I  ReactTestApp[1584:8737de0] [com.apple.Accessibility:AXRuntimeNotifications] Did post notification. notification:  (1025) error:0 data:<private>
2026-08-27 01:18:40.161 I  ReactTestApp[1584:8737de0] [com.apple.Accessibility:AXRuntimeNotifications] Attempting to send notification:  (1025) <private>
2026-08-27 01:18:40.161 I  ReactTestApp[1584:8737de0] [com.apple.Accessibility:AXRuntimeNotifications] Attempting to send notification:  (1025) <private>
2026-08-27 01:18:40.161 I  ReactTestApp[1584:8737de0] [com.apple.Accessibility:AXRuntimeNotifications] Attempting to send notification:  (1025) <private>
2026-08-27 01:18:40.162 I  ReactTestApp[1584:8737de0] [com.apple.Accessibility:AXRuntimeNotifications] Did post notification. notification:  (1025) error:0 data:<private>
2026-08-27 01:18:40.178 I  ReactTestApp[1584:8737de0] [com.apple.Accessibility:AXRuntimeNotifications] Attempting to send notification:  (1025) <private>
2026-08-27 01:18:40.178 I  ReactTestApp[1584:8737de0] [com.apple.Accessibility:AXRuntimeNotifications] Attempting to send notification:  (1025) <private>
2026-08-27 01:18:40.178 I  ReactTestApp[1584:8737de0] [com.apple.Accessibility:AXRuntimeNotifications] Attempting to send notification:  (1025) <private>
2026-08-27 01:18:40.179 I  ReactTestApp[1584:8737de0] [com.apple.Accessibility:AXRuntimeNotifications] Did post notification. notification:  (1025) error:0 data:<private>
2026-08-27 01:18:40.194 I  ReactTestApp[1584:8737de0] [com.apple.Accessibility:AXRuntimeNotifications] Attempting to send notification:  (1025) <private>
2026-08-27 01:18:40.195 I  ReactTestApp[1584:8737de0] [com.apple.Accessibility:AXRuntimeNotifications] Attempting to send notification:  (1025) <private>
2026-08-27 01:18:40.195 I  ReactTestApp[1584:8737de0] [com.apple.Accessibility:AXRuntimeNotifications] Attempting to send notification:  (1025) <private>
2026-08-27 01:18:40.195 I  ReactTestApp[1584:8737de0] [com.apple.Accessibility:AXRuntimeNotifications] Did post notification. notification:  (1025) error:0 data:<private>
2026-08-27 01:18:40.211 I  ReactTestApp[1584:8737de0] [com.apple.Accessibility:AXRuntimeNotifications] Attempting to send notification:  (1025) <private>
2026-08-27 01:18:40.211 I  ReactTestApp[1584:8737de0] [com.apple.Accessibility:AXRuntimeNotifications] Attempting to send notification:  (1025) <private>
2026-08-27 01:18:40.212 I  ReactTestApp[1584:8737de0] [com.apple.Accessibility:AXRuntimeNotifications] Attempting to send notification:  (1025) <private>
2026-08-27 01:18:40.212 I  ReactTestApp[1584:8737de0] [com.apple.Accessibility:AXRuntimeNotifications] Did post notification. notification:  (1025) error:0 data:<private>
2026-08-27 01:18:40.228 I  ReactTestApp[1584:8737de0] [com.apple.Accessibility:AXRuntimeNotifications] Attempting to send notification:  (1025) <private>
2026-08-27 01:18:40.228 I  ReactTestApp[1584:8737de0] [com.apple.Accessibility:AXRuntimeNotifications] Attempting to send notification:  (1025) <private>
2026-08-27 01:18:40.228 I  ReactTestApp[1584:8737de0] [com.apple.Accessibility:AXRuntimeNotifications] Attempting to send notification:  (1025) <private>
2026-08-27 01:18:40.228 I  ReactTestApp[1584:8737de0] [com.apple.Accessibility:AXRuntimeNotifications] Attempting to send notification:  (1025) <private>
2026-08-27 01:18:40.229 I  ReactTestApp[1584:8737de0] [com.apple.Accessibility:AXRuntimeNotifications] Attempting to send notification:  (1025) <private>
2026-08-27 01:18:40.229 I  ReactTestApp[1584:8737de0] [com.apple.Accessibility:AXRuntimeNotifications] Did post notification. notification:  (1025) error:0 data:<private>
2026-08-27 01:18:40.244 I  ReactTestApp[1584:8737de0] [com.apple.Accessibility:AXRuntimeNotifications] Attempting to send notification:  (1025) <private>
2026-08-27 01:18:40.245 I  ReactTestApp[1584:8737de0] [com.apple.Accessibility:AXRuntimeNotifications] Attempting to send notification:  (1025) <private>
2026-08-27 01:18:40.245 I  ReactTestApp[1584:8737de0] [com.apple.Accessibility:AXRuntimeNotifications] Attempting to send notification:  (1025) <private>
2026-08-27 01:18:40.245 I  ReactTestApp[1584:8737de0] [com.apple.Accessibility:AXRuntimeNotifications] Did post notification. notification:  (1025) error:0 data:<private>
2026-08-27 01:18:40.260 I  ReactTestApp[1584:8737de0] [com.apple.Accessibility:AXRuntimeNotifications] Attempting to send notification:  (1025) <private>
2026-08-27 01:18:40.260 I  ReactTestApp[1584:8737de0] [com.apple.Accessibility:AXRuntimeNotifications] Attempting to send notification:  (1025) <private>
2026-08-27 01:18:40.260 I  ReactTestApp[1584:8737de0] [com.apple.Accessibility:AXRuntimeNotifications] Attempting to send notification:  (1025) <private>
2026-08-27 01:18:40.260 I  ReactTestApp[1584:8737de0] [com.apple.Accessibility:AXRuntimeNotifications] Did post notification. notification:  (1025) error:0 data:<private>
2026-08-27 01:18:40.276 I  ReactTestApp[1584:8737de0] [com.apple.Accessibility:AXRuntimeNotifications] Attempting to send notification:  (1025) <private>
2026-08-27 01:18:40.277 I  ReactTestApp[1584:8737de0] [com.apple.Accessibility:AXRuntimeNotifications] Attempting to send notification:  (1025) <private>
2026-08-27 01:18:40.277 I  ReactTestApp[1584:8737de0] [com.apple.Accessibility:AXRuntimeNotifications] Attempting to send notification:  (1025) <private>
2026-08-27 01:18:40.277 I  ReactTestApp[1584:8737de0] [com.apple.Accessibility:AXRuntimeNotifications] Did post notification. notification:  (1025) error:0 data:<private>
2026-08-27 01:18:40.293 I  ReactTestApp[1584:8737de0] [com.apple.Accessibility:AXRuntimeNotifications] Attempting to send notification:  (1025) <private>
2026-08-27 01:18:40.293 I  ReactTestApp[1584:8737de0] [com.apple.Accessibility:AXRuntimeNotifications] Attempting to send notification:  (1025) <private>
2026-08-27 01:18:40.293 I  ReactTestApp[1584:8737de0] [com.apple.Accessibility:AXRuntimeNotifications] Attempting to send notification:  (1025) <private>
2026-08-27 01:18:40.293 I  ReactTestApp[1584:8737de0] [com.apple.Accessibility:AXRuntimeNotifications] Did post notification. notification:  (1025) error:0 data:<private>
2026-08-27 01:18:40.310 I  ReactTestApp[1584:8737de0] [com.apple.Accessibility:AXRuntimeNotifications] Attempting to send notification:  (1025) <private>
2026-08-27 01:18:40.310 I  ReactTestApp[1584:8737de0] [com.apple.Accessibility:AXRuntimeNotifications] Attempting to send notification:  (1025) <private>
2026-08-27 01:18:40.310 I  ReactTestApp[1584:8737de0] [com.apple.Accessibility:AXRuntimeNotifications] Attempting to send notification:  (1025) <private>
2026-08-27 01:18:40.310 I  ReactTestApp[1584:8737de0] [com.apple.Accessibility:AXRuntimeNotifications] Attempting to send notification:  (1025) <private>
2026-08-27 01:18:40.311 I  ReactTestApp[1584:8737de0] [com.apple.Accessibility:AXRuntimeNotifications] Did post notification. notification:  (1025) error:0 data:<private>
2026-08-27 01:18:40.328 I  ReactTestApp[1584:8737de0] [com.apple.Accessibility:AXRuntimeNotifications] Attempting to send notification:  (1025) <private>
2026-08-27 01:18:40.328 I  ReactTestApp[1584:8737de0] [com.apple.Accessibility:AXRuntimeNotifications] Attempting to send notification:  (1025) <private>
2026-08-27 01:18:40.328 I  ReactTestApp[1584:8737de0] [com.apple.Accessibility:AXRuntimeNotifications] Attempting to send notification:  (1025) <private>
2026-08-27 01:18:40.328 I  ReactTestApp[1584:8737de0] [com.apple.Accessibility:AXRuntimeNotifications] Did post notification. notification:  (1025) error:0 data:<private>
2026-08-27 01:18:40.476 I  ReactTestApp[1584:8737de0] [com.apple.Accessibility:AXRuntimeNotifications] Attempting to send notification:  (1025) <private>
2026-08-27 01:18:40.477 I  ReactTestApp[1584:8737de0] [com.apple.Accessibility:AXRuntimeNotifications] Did post notification. notification:  (1025) error:0 data:<private>
2026-08-27 01:18:40.582 I  ReactTestApp[1584:8737de0] [com.apple.Accessibility:AXRuntimeNotifications] Attempting to send notification:  (1025) <private>
2026-08-27 01:18:40.582 I  ReactTestApp[1584:8737de0] [com.apple.Accessibility:AXRuntimeNotifications] Attempting to send notification:  (1025) <private>
2026-08-27 01:18:40.582 I  ReactTestApp[1584:8737de0] [com.apple.Accessibility:AXRuntimeNotifications] Did post notification. notification:  (1025) error:0 data:<private>
2026-08-27 01:18:41.016 I  ReactTestApp[1584:8737de0] [com.apple.Accessibility:AXRuntimeNotifications] Attempting to send notification:  (1025) <private>
2026-08-27 01:18:41.016 I  ReactTestApp[1584:8737de0] [com.apple.Accessibility:AXRuntimeNotifications] Did post notification. notification:  (1025) error:0 data:<private>
2026-08-27 01:18:41.761 I  ReactTestApp[1584:8737de0] [com.apple.Accessibility:AXAppAccessibility] Presentation controller doesn't modalize: <_UIRootPresentationController: 0x10b37b300>
2026-08-27 01:18:41.762 E  ReactTestApp[1584:8737de0] [com.apple.UIKit:Assert] -[UIApplication statusBarStyle] API has been deprecated and is a no-op on 27.0 and later.
2026-08-27 01:18:41.776 I  ReactTestApp[1584:8737de0] [com.apple.Accessibility:AXRuntimeNotifications] Attempting to send notification:  (4002) <private>
2026-08-27 01:18:41.777 I  ReactTestApp[1584:8737de0] [com.apple.Accessibility:AXRuntimeNotifications] Did post notification. notification:  (4002) error:0 data:<private>
2026-08-27 01:18:42.616 E  ReactTestApp[1584:8737de0] [com.apple.UIKit:Assert] -[UIApplication statusBarStyle] API has been deprecated and is a no-op on 27.0 and later.
2026-08-27 01:18:42.616 I  ReactTestApp[1584:8737de0] [com.apple.Accessibility:AXRuntimeNotifications] Attempting to send notification:  (4002) <private>
2026-08-27 01:18:42.618 I  ReactTestApp[1584:8737de0] [com.apple.Accessibility:AXRuntimeNotifications] Attempting to send notification:  (1025) <private>
2026-08-27 01:18:42.619 I  ReactTestApp[1584:8737de0] [com.apple.Accessibility:AXRuntimeNotifications] Did post notification. notification:  (4002) error:0 data:<private>
2026-08-27 01:18:42.619 I  ReactTestApp[1584:8737de0] [com.apple.Accessibility:AXRuntimeNotifications] Did post notification. notification:  (1025) error:0 data:<private>
2026-08-27 01:18:42.626 I  ReactTestApp[1584:8737de0] [com.apple.Accessibility:AXRuntimeNotifications] Attempting to send notification:  (1025) <private>
2026-08-27 01:18:42.626 I  ReactTestApp[1584:8737de0] [com.apple.Accessibility:AXRuntimeNotifications] Attempting to send notification:  (1025) <private>
2026-08-27 01:18:42.626 I  ReactTestApp[1584:8737de0] [com.apple.Accessibility:AXRuntimeNotifications] Did post notification. notification:  (1025) error:0 data:<private>
2026-08-27 01:18:44.656 I  ReactTestApp[1584:8737de0] [com.apple.Accessibility:AXAppAccessibility] Presentation controller doesn't modalize: <_UIRootPresentationController: 0x10b3fd200>
2026-08-27 01:18:44.656 E  ReactTestApp[1584:8737de0] [com.apple.UIKit:Assert] -[UIApplication statusBarStyle] API has been deprecated and is a no-op on 27.0 and later.
2026-08-27 01:18:44.660 I  ReactTestApp[1584:8737de0] [com.apple.Accessibility:AXRuntimeNotifications] Attempting to send notification:  (4002) <private>
2026-08-27 01:18:44.661 I  ReactTestApp[1584:8737de0] [com.apple.Accessibility:AXRuntimeNotifications] Did post notification. notification:  (4002) error:0 data:<private>
2026-08-27 01:18:45.510 E  ReactTestApp[1584:8737de0] [com.apple.UIKit:Assert] -[UIApplication statusBarStyle] API has been deprecated and is a no-op on 27.0 and later.
2026-08-27 01:18:45.510 I  ReactTestApp[1584:8737de0] [com.apple.Accessibility:AXRuntimeNotifications] Attempting to send notification:  (4002) <private>
2026-08-27 01:18:45.510 I  ReactTestApp[1584:8737de0] [com.apple.Accessibility:AXRuntimeNotifications] Attempting to send notification:  (1025) <private>
2026-08-27 01:18:45.511 I  ReactTestApp[1584:8737de0] [com.apple.Accessibility:AXRuntimeNotifications] Did post notification. notification:  (4002) error:0 data:<private>
2026-08-27 01:18:45.511 I  ReactTestApp[1584:8737de0] [com.apple.Accessibility:AXRuntimeNotifications] Did post notification. notification:  (1025) error:0 data:<private>
2026-08-27 01:18:45.898 I  ReactTestApp[1584:8737de0] [com.apple.Accessibility:AXAppAccessibility] Presentation controller doesn't modalize: <_UIRootPresentationController: 0x10b391b80>
2026-08-27 01:18:45.900 E  ReactTestApp[1584:8737de0] [com.apple.UIKit:Assert] -[UIApplication statusBarStyle] API has been deprecated and is a no-op on 27.0 and later.
2026-08-27 01:18:45.910 I  ReactTestApp[1584:8737de0] [com.apple.Accessibility:AXRuntimeNotifications] Attempting to send notification:  (4002) <private>
2026-08-27 01:18:45.910 I  ReactTestApp[1584:8737de0] [com.apple.Accessibility:AXRuntimeNotifications] Did post notification. notification:  (4002) error:0 data:<private>
[agent-device][mark][2026-08-27T00:18:45.991Z] after fixed first lazy Contacts activation
2026-08-27 01:18:46.750 E  ReactTestApp[1584:8737de0] [com.apple.UIKit:Assert] -[UIApplication statusBarStyle] API has been deprecated and is a no-op on 27.0 and later.
2026-08-27 01:18:46.751 I  ReactTestApp[1584:8737de0] [com.apple.Accessibility:AXRuntimeNotifications] Attempting to send notification:  (4002) <private>
2026-08-27 01:18:46.753 I  ReactTestApp[1584:8737de0] [com.apple.Accessibility:AXRuntimeNotifications] Attempting to send notification:  (1025) <private>
2026-08-27 01:18:46.754 I  ReactTestApp[1584:8737de0] [com.apple.Accessibility:AXRuntimeNotifications] Did post notification. notification:  (4002) error:0 data:<private>
2026-08-27 01:18:46.755 I  ReactTestApp[1584:8737de0] [com.apple.Accessibility:AXRuntimeNotifications] Did post notification. notification:  (1025) error:0 data:<private>
2026-08-27 01:18:46.760 I  ReactTestApp[1584:8737de0] [com.apple.Accessibility:AXRuntimeNotifications] Attempting to send notification:  (1025) <private>
2026-08-27 01:18:46.760 I  ReactTestApp[1584:8737de0] [com.apple.Accessibility:AXRuntimeNotifications] Did post notification. notification:  (1025) error:0 data:<private>
[agent-device][mark][2026-08-27T00:18:52.471Z] before fixed first lazy dark activation
2026-08-27 01:18:53.348 I  ReactTestApp[1584:8737de0] [com.apple.Accessibility:AXAppAccessibility] Presentation controller doesn't modalize: <_UIRootPresentationController: 0x10b3fc080>
2026-08-27 01:18:53.349 E  ReactTestApp[1584:8737de0] [com.apple.UIKit:Assert] -[UIApplication statusBarStyle] API has been deprecated and is a no-op on 27.0 and later.
2026-08-27 01:18:53.360 I  ReactTestApp[1584:8737de0] [com.apple.Accessibility:AXRuntimeNotifications] Attempting to send notification:  (4002) <private>
2026-08-27 01:18:53.360 I  ReactTestApp[1584:8737de0] [com.apple.Accessibility:AXRuntimeNotifications] Did post notification. notification:  (4002) error:0 data:<private>
2026-08-27 01:18:54.113 Df ReactTestApp[1584:8737de0] [com.apple.UIKit:EventDispatch] Evaluating dispatch of UIEvent: 0x111a11980; type: 0; subtype: 0; backing type: 11; tagged context: 0x59F03CA8; shouldSend: 1; ignoreInteractionEvents: 0, systemGestureStateChange: 0
2026-08-27 01:18:54.113 Df ReactTestApp[1584:8737de0] [com.apple.UIKit:EventDispatch] Sending UIEvent type: 0; subtype: 0; to windows: 1; dispatchLevel: 1
2026-08-27 01:18:54.113 Df ReactTestApp[1584:8737de0] [com.apple.UIKit:EventDispatch] Sending UIEvent type: 0; subtype: 0; to window: <UIWindow: 0x10a048880>; contextId: 0x59F03CA8
2026-08-27 01:18:54.115 A  ReactTestApp[1584:8737de0] (UIKitCore) send gesture actions
2026-08-27 01:18:54.122 A  ReactTestApp[1584:8737de0] (UIKitCore) send gesture actions
2026-08-27 01:18:54.124 Df ReactTestApp[1584:8737de0] [com.apple.UIKit:EventDispatch] Evaluating dispatch of UIEvent: 0x111a11980; type: 0; subtype: 0; backing type: 11; tagged context: 0x59F03CA8; shouldSend: 0; ignoreInteractionEvents: 0, systemGestureStateChange: 0
2026-08-27 01:18:54.139 Df ReactTestApp[1584:8737de0] [com.apple.UIKit:EventDispatch] Evaluating dispatch of UIEvent: 0x111a11980; type: 0; subtype: 0; backing type: 11; tagged context: 0x59F03CA8; shouldSend: 0; ignoreInteractionEvents: 0, systemGestureStateChange: 0
2026-08-27 01:18:54.150 I  ReactTestApp[1584:8737de0] [com.apple.Accessibility:AXRuntimeNotifications] Attempting to send notification:  (1025) <private>
2026-08-27 01:18:54.150 I  ReactTestApp[1584:8737de0] [com.apple.Accessibility:AXRuntimeNotifications] Attempting to send notification:  (1025) <private>
2026-08-27 01:18:54.150 I  ReactTestApp[1584:8737de0] [com.apple.Accessibility:AXRuntimeNotifications] Attempting to send notification:  (1025) <private>
2026-08-27 01:18:54.150 I  ReactTestApp[1584:8737de0] [com.apple.Accessibility:AXRuntimeNotifications] Attempting to send notification:  (1025) <private>
2026-08-27 01:18:54.150 I  ReactTestApp[1584:8737de0] [com.apple.Accessibility:AXRuntimeNotifications] Attempting to send notification:  (1025) <private>
2026-08-27 01:18:54.150 I  ReactTestApp[1584:8737de0] [com.apple.Accessibility:AXRuntimeNotifications] Attempting to send notification:  (1025) <private>
2026-08-27 01:18:54.150 I  ReactTestApp[1584:8737de0] [com.apple.Accessibility:AXRuntimeNotifications] Attempting to send notification:  (1025) <private>
2026-08-27 01:18:54.150 I  ReactTestApp[1584:8737de0] [com.apple.Accessibility:AXRuntimeNotifications] Attempting to send notification:  (1025) <private>
2026-08-27 01:18:54.150 I  ReactTestApp[1584:8737de0] [com.apple.Accessibility:AXRuntimeNotifications] Attempting to send notification:  (1025) <private>
2026-08-27 01:18:54.150 I  ReactTestApp[1584:8737de0] [com.apple.Accessibility:AXRuntimeNotifications] Attempting to send notification:  (1025) <private>
2026-08-27 01:18:54.150 I  ReactTestApp[1584:8737de0] [com.apple.Accessibility:AXRuntimeNotifications] Attempting to send notification:  (1025) <private>
2026-08-27 01:18:54.150 I  ReactTestApp[1584:8737de0] [com.apple.Accessibility:AXRuntimeNotifications] Attempting to send notification:  (1025) <private>
2026-08-27 01:18:54.150 I  ReactTestApp[1584:8737de0] [com.apple.Accessibility:AXRuntimeNotifications] Attempting to send notification:  (1025) <private>
2026-08-27 01:18:54.151 I  ReactTestApp[1584:8737de0] [com.apple.Accessibility:AXRuntimeNotifications] Attempting to send notification:  (1025) <private>
2026-08-27 01:18:54.151 I  ReactTestApp[1584:8737de0] [com.apple.Accessibility:AXRuntimeNotifications] Attempting to send notification:  (1025) <private>
2026-08-27 01:18:54.151 I  ReactTestApp[1584:8737de0] [com.apple.Accessibility:AXRuntimeNotifications] Attempting to send notification:  (1025) <private>
2026-08-27 01:18:54.151 I  ReactTestApp[1584:8737de0] [com.apple.Accessibility:AXRuntimeNotifications] Attempting to send notification:  (1025) <private>
2026-08-27 01:18:54.151 I  ReactTestApp[1584:8737de0] [com.apple.Accessibility:AXRuntimeNotifications] Attempting to send notification:  (1025) <private>
2026-08-27 01:18:54.151 I  ReactTestApp[1584:8737de0] [com.apple.Accessibility:AXRuntimeNotifications] Attempting to send notification:  (1025) <private>
2026-08-27 01:18:54.151 I  ReactTestApp[1584:8737de0] [com.apple.Accessibility:AXRuntimeNotifications] Attempting to send notification:  (1025) <private>
2026-08-27 01:18:54.151 I  ReactTestApp[1584:8737de0] [com.apple.Accessibility:AXRuntimeNotifications] Attempting to send notification:  (1025) <private>
2026-08-27 01:18:54.151 I  ReactTestApp[1584:8737de0] [com.apple.Accessibility:AXRuntimeNotifications] Attempting to send notification:  (1025) <private>
2026-08-27 01:18:54.151 I  ReactTestApp[1584:8737de0] [com.apple.Accessibility:AXRuntimeNotifications] Attempting to send notification:  (1025) <private>
2026-08-27 01:18:54.151 I  ReactTestApp[1584:8737de0] [com.apple.Accessibility:AXRuntimeNotifications] Attempting to send notification:  (1025) <private>
2026-08-27 01:18:54.151 I  ReactTestApp[1584:8737de0] [com.apple.Accessibility:AXRuntimeNotifications] Attempting to send notification:  (1025) <private>
2026-08-27 01:18:54.151 I  ReactTestApp[1584:8737de0] [com.apple.Accessibility:AXRuntimeNotifications] Attempting to send notification:  (1025) <private>
2026-08-27 01:18:54.151 I  ReactTestApp[1584:8737de0] [com.apple.Accessibility:AXRuntimeNotifications] Attempting to send notification:  (1025) <private>
2026-08-27 01:18:54.151 I  ReactTestApp[1584:8737de0] [com.apple.Accessibility:AXRuntimeNotifications] Attempting to send notification:  (1025) <private>
2026-08-27 01:18:54.151 I  ReactTestApp[1584:8737de0] [com.apple.Accessibility:AXRuntimeNotifications] Attempting to send notification:  (1025) <private>
2026-08-27 01:18:54.151 I  ReactTestApp[1584:8737de0] [com.apple.Accessibility:AXRuntimeNotifications] Attempting to send notification:  (1025) <private>
2026-08-27 01:18:54.151 I  ReactTestApp[1584:8737de0] [com.apple.Accessibility:AXRuntimeNotifications] Attempting to send notification:  (1025) <private>
2026-08-27 01:18:54.151 I  ReactTestApp[1584:8737de0] [com.apple.Accessibility:AXRuntimeNotifications] Attempting to send notification:  (1025) <private>
2026-08-27 01:18:54.151 I  ReactTestApp[1584:8737de0] [com.apple.Accessibility:AXRuntimeNotifications] Attempting to send notification:  (1025) <private>
2026-08-27 01:18:54.152 I  ReactTestApp[1584:8737de0] [com.apple.Accessibility:AXRuntimeNotifications] Attempting to send notification:  (1025) <private>
2026-08-27 01:18:54.152 I  ReactTestApp[1584:8737de0] [com.apple.Accessibility:AXRuntimeNotifications] Attempting to send notification:  (1025) <private>
2026-08-27 01:18:54.152 I  ReactTestApp[1584:8737de0] [com.apple.Accessibility:AXRuntimeNotifications] Attempting to send notification:  (1025) <private>
2026-08-27 01:18:54.152 I  ReactTestApp[1584:8737de0] [com.apple.Accessibility:AXRuntimeNotifications] Attempting to send notification:  (1025) <private>
2026-08-27 01:18:54.152 I  ReactTestApp[1584:8737de0] [com.apple.Accessibility:AXRuntimeNotifications] Attempting to send notification:  (1025) <private>
2026-08-27 01:18:54.152 I  ReactTestApp[1584:8737de0] [com.apple.Accessibility:AXRuntimeNotifications] Attempting to send notification:  (1025) <private>
2026-08-27 01:18:54.152 I  ReactTestApp[1584:8737de0] [com.apple.Accessibility:AXRuntimeNotifications] Attempting to send notification:  (1025) <private>
2026-08-27 01:18:54.152 I  ReactTestApp[1584:8737de0] [com.apple.Accessibility:AXRuntimeNotifications] Attempting to send notification:  (1025) <private>
2026-08-27 01:18:54.152 Df ReactTestApp[1584:8737de0] [com.apple.UIKit:EventDispatch] Evaluating dispatch of UIEvent: 0x111a11980; type: 0; subtype: 0; backing type: 11; tagged context: 0x59F03CA8; shouldSend: 0; ignoreInteractionEvents: 0, systemGestureStateChange: 0
2026-08-27 01:18:54.154 I  ReactTestApp[1584:8737de0] [com.apple.Accessibility:AXRuntimeNotifications] Did post notification. notification:  (1025) error:0 data:<private>
2026-08-27 01:18:54.154 I  ReactTestApp[1584:8737de0] [com.apple.Accessibility:AXRuntimeNotifications] Attempting to send notification:  (1025) <private>
2026-08-27 01:18:54.154 I  ReactTestApp[1584:8737de0] [com.apple.Accessibility:AXRuntimeNotifications] Attempting to send notification:  (1025) <private>
2026-08-27 01:18:54.154 I  ReactTestApp[1584:8737de0] [com.apple.Accessibility:AXRuntimeNotifications] Did post notification. notification:  (1025) error:0 data:<private>
2026-08-27 01:18:54.160 I  ReactTestApp[1584:8737de0] [com.apple.Accessibility:AXRuntimeNotifications] Attempting to send notification:  (1025) <private>
2026-08-27 01:18:54.161 I  ReactTestApp[1584:8737de0] [com.apple.Accessibility:AXRuntimeNotifications] Attempting to send notification:  (1025) <private>
2026-08-27 01:18:54.161 I  ReactTestApp[1584:8737de0] [com.apple.Accessibility:AXRuntimeNotifications] Attempting to send notification:  (1025) <private>
2026-08-27 01:18:54.161 I  ReactTestApp[1584:8737de0] [com.apple.Accessibility:AXRuntimeNotifications] Did post notification. notification:  (1025) error:0 data:<private>
2026-08-27 01:18:54.176 Df ReactTestApp[1584:8737de0] [com.apple.UIKit:EventDispatch] Evaluating dispatch of UIEvent: 0x111a11980; type: 0; subtype: 0; backing type: 11; tagged context: 0x59F03CA8; shouldSend: 0; ignoreInteractionEvents: 0, systemGestureStateChange: 0
2026-08-27 01:18:54.177 I  ReactTestApp[1584:8737de0] [com.apple.Accessibility:AXRuntimeNotifications] Attempting to send notification:  (1025) <private>
2026-08-27 01:18:54.177 I  ReactTestApp[1584:8737de0] [com.apple.Accessibility:AXRuntimeNotifications] Attempting to send notification:  (1025) <private>
2026-08-27 01:18:54.177 I  ReactTestApp[1584:8737de0] [com.apple.Accessibility:AXRuntimeNotifications] Attempting to send notification:  (1025) <private>
2026-08-27 01:18:54.178 I  ReactTestApp[1584:8737de0] [com.apple.Accessibility:AXRuntimeNotifications] Did post notification. notification:  (1025) error:0 data:<private>
2026-08-27 01:18:54.193 Df ReactTestApp[1584:8737de0] [com.apple.UIKit:EventDispatch] Evaluating dispatch of UIEvent: 0x111a11980; type: 0; subtype: 0; backing type: 11; tagged context: 0x59F03CA8; shouldSend: 0; ignoreInteractionEvents: 0, systemGestureStateChange: 0
2026-08-27 01:18:54.193 Df ReactTestApp[1584:8737de0] [com.apple.UIKit:EventDispatch] Evaluating dispatch of UIEvent: 0x111a11980; type: 0; subtype: 0; backing type: 11; tagged context: 0x59F03CA8; shouldSend: 1; ignoreInteractionEvents: 0, systemGestureStateChange: 0
2026-08-27 01:18:54.193 Df ReactTestApp[1584:8737de0] [com.apple.UIKit:EventDispatch] Sending UIEvent type: 0; subtype: 0; to windows: 1; dispatchLevel: 1
2026-08-27 01:18:54.193 Df ReactTestApp[1584:8737de0] [com.apple.UIKit:EventDispatch] Sending UIEvent type: 0; subtype: 0; to window: <UIWindow: 0x10a048880>; contextId: 0x59F03CA8
2026-08-27 01:18:54.193 A  ReactTestApp[1584:8737de0] (UIKitCore) send gesture actions
2026-08-27 01:18:54.193 A  ReactTestApp[1584:8737de0] (UIKitCore) send gesture actions
2026-08-27 01:18:54.194 A  ReactTestApp[1584:8737de0] (UIKitCore) send control actions
2026-08-27 01:18:54.194 Df ReactTestApp[1584:8737de0] (CoreFoundation) Incorrect NSStringEncoding value 0x8000100 detected. Assuming NSStringEncodingASCII. Will stop this compatibility mapping behavior in the near future.
2026-08-27 01:18:54.196 I  ReactTestApp[1584:8737de0] [com.apple.Accessibility:AXRuntimeNotifications] Attempting to send notification:  (4002) <private>
2026-08-27 01:18:54.199 I  ReactTestApp[1584:8737de0] [com.apple.Accessibility:AXRuntimeNotifications] Did post notification. notification:  (4002) error:0 data:<private>
2026-08-27 01:18:54.199 I  ReactTestApp[1584:8737de0] [com.apple.Accessibility:AXRuntimeNotifications] Attempting to send notification:  (1025) <private>
2026-08-27 01:18:54.199 I  ReactTestApp[1584:8737de0] [com.apple.Accessibility:AXRuntimeNotifications] Attempting to send notification:  (1025) <private>
2026-08-27 01:18:54.199 I  ReactTestApp[1584:8737de0] [com.apple.Accessibility:AXRuntimeNotifications] Attempting to send notification:  (1025) <private>
2026-08-27 01:18:54.199 I  ReactTestApp[1584:8737de0] [com.apple.Accessibility:AXRuntimeNotifications] Attempting to send notification:  (1025) <private>
2026-08-27 01:18:54.199 I  ReactTestApp[1584:8737de0] [com.apple.Accessibility:AXRuntimeNotifications] Attempting to send notification:  (1025) <private>
2026-08-27 01:18:54.199 I  ReactTestApp[1584:8737de0] [com.apple.Accessibility:AXRuntimeNotifications] Attempting to send notification:  (1025) <private>
2026-08-27 01:18:54.199 I  ReactTestApp[1584:8737de0] [com.apple.Accessibility:AXRuntimeNotifications] Attempting to send notification:  (1025) <private>
2026-08-27 01:18:54.199 I  ReactTestApp[1584:8737de0] [com.apple.Accessibility:AXRuntimeNotifications] Attempting to send notification:  (1025) <private>
2026-08-27 01:18:54.200 I  ReactTestApp[1584:8737de0] [com.apple.Accessibility:AXRuntimeNotifications] Attempting to send notification:  (1025) <private>
2026-08-27 01:18:54.200 I  ReactTestApp[1584:8737de0] [com.apple.Accessibility:AXRuntimeNotifications] Attempting to send notification:  (1025) <private>
2026-08-27 01:18:54.200 I  ReactTestApp[1584:8737de0] [com.apple.Accessibility:AXRuntimeNotifications] Attempting to send notification:  (1025) <private>
2026-08-27 01:18:54.200 I  ReactTestApp[1584:8737de0] [com.apple.Accessibility:AXRuntimeNotifications] Attempting to send notification:  (1025) <private>
2026-08-27 01:18:54.200 I  ReactTestApp[1584:8737de0] [com.apple.Accessibility:AXRuntimeNotifications] Attempting to send notification:  (1025) <private>
2026-08-27 01:18:54.200 I  ReactTestApp[1584:8737de0] [com.apple.Accessibility:AXRuntimeNotifications] Attempting to send notification:  (1025) <private>
2026-08-27 01:18:54.200 I  ReactTestApp[1584:8737de0] [com.apple.Accessibility:AXRuntimeNotifications] Attempting to send notification:  (1025) <private>
2026-08-27 01:18:54.200 I  ReactTestApp[1584:8737de0] [com.apple.Accessibility:AXRuntimeNotifications] Attempting to send notification:  (1025) <private>
2026-08-27 01:18:54.200 I  ReactTestApp[1584:8737de0] [com.apple.Accessibility:AXRuntimeNotifications] Attempting to send notification:  (1025) <private>
2026-08-27 01:18:54.200 I  ReactTestApp[1584:8737de0] [com.apple.Accessibility:AXRuntimeNotifications] Attempting to send notification:  (1025) <private>
2026-08-27 01:18:54.200 I  ReactTestApp[1584:8737de0] [com.apple.Accessibility:AXRuntimeNotifications] Attempting to send notification:  (1025) <private>
2026-08-27 01:18:54.200 I  ReactTestApp[1584:8737de0] [com.apple.Accessibility:AXRuntimeNotifications] Attempting to send notification:  (1025) <private>
2026-08-27 01:18:54.200 I  ReactTestApp[1584:8737de0] [com.apple.Accessibility:AXRuntimeNotifications] Did post notification. notification:  (1025) error:0 data:<private>
2026-08-27 01:18:54.209 Df ReactTestApp[1584:8737de0] [com.apple.UIKit:EventDispatch] Evaluating dispatch of UIEvent: 0x111a11980; type: 0; subtype: 0; backing type: 11; tagged context: 0x59F03CA8; shouldSend: 0; ignoreInteractionEvents: 0, systemGestureStateChange: 1
2026-08-27 01:18:54.210 I  ReactTestApp[1584:8737de0] [com.apple.Accessibility:AXRuntimeNotifications] Attempting to send notification:  (1025) <private>
2026-08-27 01:18:54.211 I  ReactTestApp[1584:8737de0] [com.apple.Accessibility:AXRuntimeNotifications] Attempting to send notification:  (1025) <private>
2026-08-27 01:18:54.211 I  ReactTestApp[1584:8737de0] [com.apple.Accessibility:AXRuntimeNotifications] Attempting to send notification:  (1025) <private>
2026-08-27 01:18:54.211 E  ReactTestApp[1584:8737de0] [com.apple.UIKit:Assert] -[UIApplication statusBarStyle] API has been deprecated and is a no-op on 27.0 and later.
2026-08-27 01:18:54.211 I  ReactTestApp[1584:8737de0] [com.apple.Accessibility:AXRuntimeNotifications] Attempting to send notification:  (4002) <private>
2026-08-27 01:18:54.212 I  ReactTestApp[1584:8737de0] [com.apple.Accessibility:AXRuntimeNotifications] Attempting to send notification:  (1025) <private>
2026-08-27 01:18:54.212 I  ReactTestApp[1584:8737de0] [com.apple.Accessibility:AXRuntimeNotifications] Did post notification. notification:  (1025) error:0 data:<private>
2026-08-27 01:18:54.212 I  ReactTestApp[1584:8737de0] [com.apple.Accessibility:AXRuntimeNotifications] Did post notification. notification:  (4002) error:0 data:<private>
2026-08-27 01:18:54.212 A  ReactTestApp[1584:8737de0] (UIKitCore) send gesture actions
2026-08-27 01:18:54.212 A  ReactTestApp[1584:8737de0] (UIKitCore) send gesture actions
2026-08-27 01:18:54.215 Df ReactTestApp[1584:8737de0] [com.apple.UIKit:KeyboardFocusAssistant] requestKeyboardFocusWithProvenance:<BKSHIDEventSimpleProvenance: 0x109a236d0> (token:<uq: 1; UIKit-localContainer>)
2026-08-27 01:18:54.216 I  ReactTestApp[1584:8737e64] [com.facebook.react.log:javascript] ┘ %caction %cNAVIGATE %c{ %cname%c: %c"Dark"%c, %cparams%c: %cundefined%c, %cmerge%c: %cundefined%c, %cpop%c: %cundefined%c }
2026-08-27 01:18:54.216 I  ReactTestApp[1584:8737e64] [com.facebook.react.log:javascript] │ '%caction', 'color: #C2185B; font-weight: bold', { type: 'NAVIGATE',
  payload:
   { name: 'Dark',
     params: undefined,
     merge: undefined,
     pop: undefined },
  target: 'tab-YWKoQckpLQEaaqXLTPuzZ' }
2026-08-27 01:18:54.217 I  ReactTestApp[1584:8737e64] [com.facebook.react.log:javascript] │ '%cstate', 'color: #C2185B; font-weight: bold', { stale: false,
  type: 'stack',
  key: 'stack-gzA9OG_EtLROpgQeLLhvJ',
  index: 1,
  routeNames:
   [ 'BottomTabs Example',
     'Three Tabs',
     'Four Tabs',
     'Five Tabs',
     'Six Tabs',
     'SF Symbols',
     'Labeled Tabs',
     'Unlabeled Tabs',
     'Embedded stacks',
     'Lazy Tabs',
     'Tab Bar Hidden',
     'Custom tabBar',
     'Original icon colors',
     'Four Tabs - no animations',
     'Four Tabs - Transparent scroll edge appearance',
     'Four Tabs - Opaque scroll edge appearance',
     'Four Tabs - Custom Background Color of Tabs',
     'Four Tabs - Active Indicator color',
     'Four Tabs - With Hidden Tab',
     'Native Bottom Tabs with freezeOnBlur',
     'Native Bottom Tabs with SVG Icons',
     'Native Bottom Tabs unmounting',
     'Native Bottom Tabs with SVG Remote Icons',
     'Native Bottom Tabs with custom tabBar',
     'Native Bottom Tabs with screenLayout',
     'Native Bottom Tabs with Lazy',
     'Native Bo<…>
2026-08-27 01:18:54.217 I  ReactTestApp[1584:8737e64] [com.facebook.react.log:javascript] ┘
2026-08-27 01:18:54.235 I  ReactTestApp[1584:8737de0] [com.apple.Accessibility:AXRuntimeNotifications] Attempting to send notification:  (1000) <private>
2026-08-27 01:18:54.249 I  ReactTestApp[1584:8737de0] [com.apple.Accessibility:AXRuntimeNotifications] Did post notification. notification:  (1000) error:0 data:<private>
2026-08-27 01:18:54.254 E  ReactTestApp[1584:8737de0] [com.apple.coreanimation:API] cannot add handler to 0 from 0 - dropping
2026-08-27 01:18:54.254 E  ReactTestApp[1584:8737de0] [com.apple.coreanimation:API] cannot add handler to 0 from 0 - dropping
2026-08-27 01:18:54.254 E  ReactTestApp[1584:8737de0] [com.apple.coreanimation:API] cannot add handler to 0 from 0 - dropping
2026-08-27 01:18:54.254 E  ReactTestApp[1584:8737de0] [com.apple.coreanimation:API] cannot add handler to 0 from 0 - dropping
2026-08-27 01:18:54.255 E  ReactTestApp[1584:8737de0] [com.apple.UIKit:Assert] -[UIApplication statusBarStyle] API has been deprecated and is a no-op on 27.0 and later.
2026-08-27 01:18:54.255 I  ReactTestApp[1584:8737de0] [com.apple.Accessibility:AXRuntimeNotifications] Attempting to send notification:  (4002) <private>
2026-08-27 01:18:54.255 I  ReactTestApp[1584:8737de0] [com.apple.Accessibility:AXRuntimeNotifications] Attempting to send notification:  (4002) <private>
2026-08-27 01:18:54.256 E  ReactTestApp[1584:8737de0] [com.apple.coreanimation:API] cannot add handler to 0 from 0 - dropping
2026-08-27 01:18:54.256 E  ReactTestApp[1584:8737de0] [com.apple.coreanimation:API] cannot add handler to 0 from 0 - dropping
2026-08-27 01:18:54.256 E  ReactTestApp[1584:8737de0] [com.apple.coreanimation:API] cannot add handler to 0 from 0 - dropping
2026-08-27 01:18:54.256 E  ReactTestApp[1584:8737de0] [com.apple.coreanimation:API] cannot add handler to 0 from 0 - dropping
2026-08-27 01:18:54.256 E  ReactTestApp[1584:8737de0] [com.apple.coreanimation:API] cannot add handler to 0 from 0 - dropping
2026-08-27 01:18:54.256 E  ReactTestApp[1584:8737de0] [com.apple.UIKit:Assert] -[UIApplication statusBarStyle] API has been deprecated and is a no-op on 27.0 and later.
2026-08-27 01:18:54.257 I  ReactTestApp[1584:8737de0] [com.apple.Accessibility:AXRuntimeNotifications] Attempting to send notification:  (1025) <private>
2026-08-27 01:18:54.257 I  ReactTestApp[1584:8737de0] [com.apple.Accessibility:AXRuntimeNotifications] Attempting to send notification:  (1025) <private>
2026-08-27 01:18:54.257 I  ReactTestApp[1584:8737de0] [com.apple.Accessibility:AXRuntimeNotifications] Attempting to send notification:  (1025) <private>
2026-08-27 01:18:54.257 I  ReactTestApp[1584:8737de0] [com.apple.Accessibility:AXRuntimeNotifications] Attempting to send notification:  (1025) <private>
2026-08-27 01:18:54.257 I  ReactTestApp[1584:8737de0] [com.apple.Accessibility:AXRuntimeNotifications] Attempting to send notification:  (1025) <private>
2026-08-27 01:18:54.257 I  ReactTestApp[1584:8737de0] [com.apple.Accessibility:AXRuntimeNotifications] Attempting to send notification:  (1025) <private>
2026-08-27 01:18:54.257 I  ReactTestApp[1584:8737de0] [com.apple.Accessibility:AXRuntimeNotifications] Attempting to send notification:  (1025) <private>
2026-08-27 01:18:54.257 I  ReactTestApp[1584:8737de0] [com.apple.Accessibility:AXRuntimeNotifications] Attempting to send notification:  (1025) <private>
2026-08-27 01:18:54.257 I  ReactTestApp[1584:8737de0] [com.apple.Accessibility:AXRuntimeNotifications] Attempting to send notification:  (1025) <private>
2026-08-27 01:18:54.257 I  ReactTestApp[1584:8737de0] [com.apple.Accessibility:AXRuntimeNotifications] Attempting to send notification:  (1025) <private>
2026-08-27 01:18:54.257 I  ReactTestApp[1584:8737de0] [com.apple.Accessibility:AXRuntimeNotifications] Attempting to send notification:  (1025) <private>
2026-08-27 01:18:54.257 I  ReactTestApp[1584:8737de0] [com.apple.Accessibility:AXRuntimeNotifications] Attempting to send notification:  (1025) <private>
2026-08-27 01:18:54.257 I  ReactTestApp[1584:8737de0] [com.apple.Accessibility:AXRuntimeNotifications] Attempting to send notification:  (1025) <private>
2026-08-27 01:18:54.257 I  ReactTestApp[1584:8737de0] [com.apple.Accessibility:AXRuntimeNotifications] Attempting to send notification:  (1025) <private>
2026-08-27 01:18:54.257 I  ReactTestApp[1584:8737de0] [com.apple.Accessibility:AXRuntimeNotifications] Attempting to send notification:  (1025) <private>
2026-08-27 01:18:54.257 I  ReactTestApp[1584:8737de0] [com.apple.Accessibility:AXRuntimeNotifications] Attempting to send notification:  (1025) <private>
2026-08-27 01:18:54.257 I  ReactTestApp[1584:8737de0] [com.apple.Accessibility:AXRuntimeNotifications] Attempting to send notification:  (1025) <private>
2026-08-27 01:18:54.258 I  ReactTestApp[1584:8737de0] [com.apple.Accessibility:AXRuntimeNotifications] Attempting to send notification:  (1025) <private>
2026-08-27 01:18:54.258 I  ReactTestApp[1584:8737de0] [com.apple.Accessibility:AXRuntimeNotifications] Attempting to send notification:  (1025) <private>
2026-08-27 01:18:54.258 I  ReactTestApp[1584:8737de0] [com.apple.Accessibility:AXRuntimeNotifications] Did post notification. notification:  (4002) error:0 data:<private>
2026-08-27 01:18:54.258 I  ReactTestApp[1584:8737de0] [com.apple.Accessibility:AXRuntimeNotifications] Did post notification. notification:  (4002) error:0 data:<private>
2026-08-27 01:18:54.258 I  ReactTestApp[1584:8737de0] [com.apple.Accessibility:AXRuntimeNotifications] Did post notification. notification:  (1025) error:0 data:<private>
2026-08-27 01:18:54.260 I  ReactTestApp[1584:8737de0] [com.apple.Accessibility:AXRuntimeNotifications] Attempting to send notification:  (1025) <private>
2026-08-27 01:18:54.260 I  ReactTestApp[1584:8737de0] [com.apple.Accessibility:AXRuntimeNotifications] Attempting to send notification:  (1025) <private>
2026-08-27 01:18:54.260 I  ReactTestApp[1584:8737de0] [com.apple.Accessibility:AXRuntimeNotifications] Attempting to send notification:  (1025) <private>
2026-08-27 01:18:54.260 I  ReactTestApp[1584:8737de0] [com.apple.Accessibility:AXRuntimeNotifications] Attempting to send notification:  (1025) <private>
2026-08-27 01:18:54.261 I  ReactTestApp[1584:8737de0] [com.apple.Accessibility:AXRuntimeNotifications] Did post notification. notification:  (1025) error:0 data:<private>
2026-08-27 01:18:54.277 I  ReactTestApp[1584:8737de0] [com.apple.Accessibility:AXRuntimeNotifications] Attempting to send notification:  (1025) <private>
2026-08-27 01:18:54.277 I  ReactTestApp[1584:8737de0] [com.apple.Accessibility:AXRuntimeNotifications] Attempting to send notification:  (1025) <private>
2026-08-27 01:18:54.277 I  ReactTestApp[1584:8737de0] [com.apple.Accessibility:AXRuntimeNotifications] Attempting to send notification:  (1025) <private>
2026-08-27 01:18:54.277 I  ReactTestApp[1584:8737de0] [com.apple.Accessibility:AXRuntimeNotifications] Did post notification. notification:  (1025) error:0 data:<private>
2026-08-27 01:18:54.294 I  ReactTestApp[1584:8737de0] [com.apple.Accessibility:AXRuntimeNotifications] Attempting to send notification:  (1025) <private>
2026-08-27 01:18:54.294 I  ReactTestApp[1584:8737de0] [com.apple.Accessibility:AXRuntimeNotifications] Attempting to send notification:  (1025) <private>
2026-08-27 01:18:54.294 I  ReactTestApp[1584:8737de0] [com.apple.Accessibility:AXRuntimeNotifications] Attempting to send notification:  (1025) <private>
2026-08-27 01:18:54.294 I  ReactTestApp[1584:8737de0] [com.apple.Accessibility:AXRuntimeNotifications] Did post notification. notification:  (1025) error:0 data:<private>
2026-08-27 01:18:54.310 I  ReactTestApp[1584:8737de0] [com.apple.Accessibility:AXRuntimeNotifications] Attempting to send notification:  (1025) <private>
2026-08-27 01:18:54.310 I  ReactTestApp[1584:8737de0] [com.apple.Accessibility:AXRuntimeNotifications] Attempting to send notification:  (1025) <private>
2026-08-27 01:18:54.311 I  ReactTestApp[1584:8737de0] [com.apple.Accessibility:AXRuntimeNotifications] Attempting to send notification:  (1025) <private>
2026-08-27 01:18:54.311 I  ReactTestApp[1584:8737de0] [com.apple.Accessibility:AXRuntimeNotifications] Attempting to send notification:  (1025) <private>
2026-08-27 01:18:54.311 I  ReactTestApp[1584:8737de0] [com.apple.Accessibility:AXRuntimeNotifications] Attempting to send notification:  (1025) <private>
2026-08-27 01:18:54.311 I  ReactTestApp[1584:8737de0] [com.apple.Accessibility:AXRuntimeNotifications] Did post notification. notification:  (1025) error:0 data:<private>
2026-08-27 01:18:54.328 I  ReactTestApp[1584:8737de0] [com.apple.Accessibility:AXRuntimeNotifications] Attempting to send notification:  (1025) <private>
2026-08-27 01:18:54.329 I  ReactTestApp[1584:8737de0] [com.apple.Accessibility:AXRuntimeNotifications] Attempting to send notification:  (1025) <private>
2026-08-27 01:18:54.329 I  ReactTestApp[1584:8737de0] [com.apple.Accessibility:AXRuntimeNotifications] Attempting to send notification:  (1025) <private>
2026-08-27 01:18:54.329 I  ReactTestApp[1584:8737de0] [com.apple.Accessibility:AXRuntimeNotifications] Attempting to send notification:  (1025) <private>
2026-08-27 01:18:54.329 I  ReactTestApp[1584:8737de0] [com.apple.Accessibility:AXRuntimeNotifications] Attempting to send notification:  (1025) <private>
2026-08-27 01:18:54.329 I  ReactTestApp[1584:8737de0] [com.apple.Accessibility:AXRuntimeNotifications] Did post notification. notification:  (1025) error:0 data:<private>
2026-08-27 01:18:54.356 I  ReactTestApp[1584:8737de0] [com.apple.Accessibility:AXRuntimeNotifications] Attempting to send notification:  (1025) <private>
2026-08-27 01:18:54.357 I  ReactTestApp[1584:8737de0] [com.apple.Accessibility:AXRuntimeNotifications] Attempting to send notification:  (1025) <private>
2026-08-27 01:18:54.357 I  ReactTestApp[1584:8737de0] [com.apple.Accessibility:AXRuntimeNotifications] Attempting to send notification:  (1025) <private>
2026-08-27 01:18:54.357 I  ReactTestApp[1584:8737de0] [com.apple.Accessibility:AXRuntimeNotifications] Attempting to send notification:  (1025) <private>
2026-08-27 01:18:54.357 I  ReactTestApp[1584:8737de0] [com.apple.Accessibility:AXRuntimeNotifications] Attempting to send notification:  (1025) <private>
2026-08-27 01:18:54.357 I  ReactTestApp[1584:8737de0] [com.apple.Accessibility:AXRuntimeNotifications] Attempting to send notification:  (1025) <private>
2026-08-27 01:18:54.357 I  ReactTestApp[1584:8737de0] [com.apple.Accessibility:AXRuntimeNotifications] Attempting to send notification:  (1025) <private>
2026-08-27 01:18:54.357 I  ReactTestApp[1584:8737de0] [com.apple.Accessibility:AXRuntimeNotifications] Attempting to send notification:  (1025) <private>
2026-08-27 01:18:54.357 I  ReactTestApp[1584:8737de0] [com.apple.Accessibility:AXRuntimeNotifications] Attempting to send notification:  (1025) <private>
2026-08-27 01:18:54.357 I  ReactTestApp[1584:8737de0] [com.apple.Accessibility:AXRuntimeNotifications] Attempting to send notification:  (1025) <private>
2026-08-27 01:18:54.357 I  ReactTestApp[1584:8737de0] [com.apple.Accessibility:AXRuntimeNotifications] Attempting to send notification:  (1025) <private>
2026-08-27 01:18:54.357 I  ReactTestApp[1584:8737de0] [com.apple.Accessibility:AXRuntimeNotifications] Attempting to send notification:  (1025) <private>
2026-08-27 01:18:54.357 I  ReactTestApp[1584:8737de0] [com.apple.Accessibility:AXRuntimeNotifications] Attempting to send notification:  (1025) <private>
2026-08-27 01:18:54.357 I  ReactTestApp[1584:8737de0] [com.apple.Accessibility:AXRuntimeNotifications] Attempting to send notification:  (1025) <private>
2026-08-27 01:18:54.357 I  ReactTestApp[1584:8737de0] [com.apple.Accessibility:AXRuntimeNotifications] Attempting to send notification:  (1025) <private>
2026-08-27 01:18:54.357 I  ReactTestApp[1584:8737de0] [com.apple.Accessibility:AXRuntimeNotifications] Attempting to send notification:  (1025) <private>
2026-08-27 01:18:54.357 I  ReactTestApp[1584:8737de0] [com.apple.Accessibility:AXRuntimeNotifications] Attempting to send notification:  (1025) <private>
2026-08-27 01:18:54.357 I  ReactTestApp[1584:8737de0] [com.apple.Accessibility:AXRuntimeNotifications] Attempting to send notification:  (1025) <private>
2026-08-27 01:18:54.357 I  ReactTestApp[1584:8737de0] [com.apple.Accessibility:AXRuntimeNotifications] Attempting to send notification:  (1025) <private>
2026-08-27 01:18:54.357 I  ReactTestApp[1584:8737de0] [com.apple.Accessibility:AXRuntimeNotifications] Attempting to send notification:  (1025) <private>
2026-08-27 01:18:54.358 I  ReactTestApp[1584:8737de0] [com.apple.Accessibility:AXRuntimeNotifications] Attempting to send notification:  (1025) <private>
2026-08-27 01:18:54.358 I  ReactTestApp[1584:8737de0] [com.apple.Accessibility:AXRuntimeNotifications] Attempting to send notification:  (1025) <private>
2026-08-27 01:18:54.358 I  ReactTestApp[1584:8737de0] [com.apple.Accessibility:AXRuntimeNotifications] Attempting to send notification:  (1025) <private>
2026-08-27 01:18:54.358 I  ReactTestApp[1584:8737de0] [com.apple.Accessibility:AXRuntimeNotifications] Attempting to send notification:  (1025) <private>
2026-08-27 01:18:54.358 I  ReactTestApp[1584:8737de0] [com.apple.Accessibility:AXRuntimeNotifications] Attempting to send notification:  (1025) <private>
2026-08-27 01:18:54.358 I  ReactTestApp[1584:8737de0] [com.apple.Accessibility:AXRuntimeNotifications] Attempting to send notification:  (1025) <private>
2026-08-27 01:18:54.358 I  ReactTestApp[1584:8737de0] [com.apple.Accessibility:AXRuntimeNotifications] Attempting to send notification:  (1025) <private>
2026-08-27 01:18:54.358 I  ReactTestApp[1584:8737de0] [com.apple.Accessibility:AXRuntimeNotifications] Attempting to send notification:  (1025) <private>
2026-08-27 01:18:54.358 I  ReactTestApp[1584:8737de0] [com.apple.Accessibility:AXRuntimeNotifications] Attempting to send notification:  (1025) <private>
2026-08-27 01:18:54.358 I  ReactTestApp[1584:8737de0] [com.apple.Accessibility:AXRuntimeNotifications] Attempting to send notification:  (1025) <private>
2026-08-27 01:18:54.358 I  ReactTestApp[1584:8737de0] [com.apple.Accessibility:AXRuntimeNotifications] Attempting to send notification:  (1025) <private>
2026-08-27 01:18:54.358 I  ReactTestApp[1584:8737de0] [com.apple.Accessibility:AXRuntimeNotifications] Attempting to send notification:  (1025) <private>
2026-08-27 01:18:54.358 I  ReactTestApp[1584:8737de0] [com.apple.Accessibility:AXRuntimeNotifications] Attempting to send notification:  (1025) <private>
2026-08-27 01:18:54.358 I  ReactTestApp[1584:8737de0] [com.apple.Accessibility:AXRuntimeNotifications] Attempting to send notification:  (1025) <private>
2026-08-27 01:18:54.358 I  ReactTestApp[1584:8737de0] [com.apple.Accessibility:AXRuntimeNotifications] Attempting to send notification:  (1025) <private>
2026-08-27 01:18:54.358 I  ReactTestApp[1584:8737de0] [com.apple.Accessibility:AXRuntimeNotifications] Attempting to send notification:  (1025) <private>
2026-08-27 01:18:54.358 I  ReactTestApp[1584:8737de0] [com.apple.Accessibility:AXRuntimeNotifications] Attempting to send notification:  (1025) <private>
2026-08-27 01:18:54.358 I  ReactTestApp[1584:8737de0] [com.apple.Accessibility:AXRuntimeNotifications] Attempting to send notification:  (1025) <private>
2026-08-27 01:18:54.358 I  ReactTestApp[1584:8737de0] [com.apple.Accessibility:AXRuntimeNotifications] Attempting to send notification:  (1025) <private>
2026-08-27 01:18:54.358 I  ReactTestApp[1584:8737de0] [com.apple.Accessibility:AXRuntimeNotifications] Attempting to send notification:  (1025) <private>
2026-08-27 01:18:54.359 I  ReactTestApp[1584:8737de0] [com.apple.Accessibility:AXRuntimeNotifications] Attempting to send notification:  (1025) <private>
2026-08-27 01:18:54.359 I  ReactTestApp[1584:8737de0] [com.apple.Accessibility:AXRuntimeNotifications] Attempting to send notification:  (1025) <private>
2026-08-27 01:18:54.359 I  ReactTestApp[1584:8737de0] [com.apple.Accessibility:AXRuntimeNotifications] Attempting to send notification:  (1025) <private>
2026-08-27 01:18:54.359 I  ReactTestApp[1584:8737de0] [com.apple.Accessibility:AXRuntimeNotifications] Attempting to send notification:  (1025) <private>
2026-08-27 01:18:54.359 I  ReactTestApp[1584:8737de0] [com.apple.Accessibility:AXRuntimeNotifications] Attempting to send notification:  (1025) <private>
2026-08-27 01:18:54.359 I  ReactTestApp[1584:8737de0] [com.apple.Accessibility:AXRuntimeNotifications] Attempting to send notification:  (1025) <private>
2026-08-27 01:18:54.359 I  ReactTestApp[1584:8737de0] [com.apple.Accessibility:AXRuntimeNotifications] Attempting to send notification:  (1025) <private>
2026-08-27 01:18:54.359 I  ReactTestApp[1584:8737de0] [com.apple.Accessibility:AXRuntimeNotifications] Attempting to send notification:  (1025) <private>
2026-08-27 01:18:54.359 I  ReactTestApp[1584:8737de0] [com.apple.Accessibility:AXRuntimeNotifications] Attempting to send notification:  (1025) <private>
2026-08-27 01:18:54.359 I  ReactTestApp[1584:8737de0] [com.apple.Accessibility:AXRuntimeNotifications] Attempting to send notification:  (1025) <private>
2026-08-27 01:18:54.359 I  ReactTestApp[1584:8737de0] [com.apple.Accessibility:AXRuntimeNotifications] Attempting to send notification:  (1025) <private>
2026-08-27 01:18:54.359 I  ReactTestApp[1584:8737de0] [com.apple.Accessibility:AXRuntimeNotifications] Attempting to send notification:  (1025) <private>
2026-08-27 01:18:54.359 I  ReactTestApp[1584:8737de0] [com.apple.Accessibility:AXRuntimeNotifications] Attempting to send notification:  (1025) <private>
2026-08-27 01:18:54.359 I  ReactTestApp[1584:8737de0] [com.apple.Accessibility:AXRuntimeNotifications] Attempting to send notification:  (1025) <private>
2026-08-27 01:18:54.359 I  ReactTestApp[1584:8737de0] [com.apple.Accessibility:AXRuntimeNotifications] Attempting to send notification:  (1025) <private>
2026-08-27 01:18:54.359 I  ReactTestApp[1584:8737de0] [com.apple.Accessibility:AXRuntimeNotifications] Attempting to send notification:  (1025) <private>
2026-08-27 01:18:54.359 I  ReactTestApp[1584:8737de0] [com.apple.Accessibility:AXRuntimeNotifications] Attempting to send notification:  (1025) <private>
2026-08-27 01:18:54.359 I  ReactTestApp[1584:8737de0] [com.apple.Accessibility:AXRuntimeNotifications] Attempting to send notification:  (1025) <private>
2026-08-27 01:18:54.359 I  ReactTestApp[1584:8737de0] [com.apple.Accessibility:AXRuntimeNotifications] Attempting to send notification:  (1025) <private>
2026-08-27 01:18:54.359 I  ReactTestApp[1584:8737de0] [com.apple.Accessibility:AXRuntimeNotifications] Attempting to send notification:  (1025) <private>
2026-08-27 01:18:54.360 I  ReactTestApp[1584:8737de0] [com.apple.Accessibility:AXRuntimeNotifications] Attempting to send notification:  (1025) <private>
2026-08-27 01:18:54.360 I  ReactTestApp[1584:8737de0] [com.apple.Accessibility:AXRuntimeNotifications] Attempting to send notification:  (1025) <private>
2026-08-27 01:18:54.360 I  ReactTestApp[1584:8737de0] [com.apple.Accessibility:AXRuntimeNotifications] Attempting to send notification:  (1025) <private>
2026-08-27 01:18:54.360 I  ReactTestApp[1584:8737de0] [com.apple.Accessibility:AXRuntimeNotifications] Attempting to send notification:  (1025) <private>
2026-08-27 01:18:54.360 I  ReactTestApp[1584:8737de0] [com.apple.Accessibility:AXRuntimeNotifications] Attempting to send notification:  (1025) <private>
2026-08-27 01:18:54.360 I  ReactTestApp[1584:8737de0] [com.apple.Accessibility:AXRuntimeNotifications] Attempting to send notification:  (1025) <private>
2026-08-27 01:18:54.360 I  ReactTestApp[1584:8737de0] [com.apple.Accessibility:AXRuntimeNotifications] Attempting to send notification:  (1025) <private>
2026-08-27 01:18:54.360 I  ReactTestApp[1584:8737de0] [com.apple.Accessibility:AXRuntimeNotifications] Attempting to send notification:  (1025) <private>
2026-08-27 01:18:54.360 I  ReactTestApp[1584:8737de0] [com.apple.Accessibility:AXRuntimeNotifications] Attempting to send notification:  (1025) <private>
2026-08-27 01:18:54.360 I  ReactTestApp[1584:8737de0] [com.apple.Accessibility:AXRuntimeNotifications] Attempting to send notification:  (1025) <private>
2026-08-27 01:18:54.360 I  ReactTestApp[1584:8737de0] [com.apple.Accessibility:AXRuntimeNotifications] Attempting to send notification:  (1025) <private>
2026-08-27 01:18:54.360 I  ReactTestApp[1584:8737de0] [com.apple.Accessibility:AXRuntimeNotifications] Attempting to send notification:  (1025) <private>
2026-08-27 01:18:54.360 I  ReactTestApp[1584:8737de0] [com.apple.Accessibility:AXRuntimeNotifications] Attempting to send notification:  (1025) <private>
2026-08-27 01:18:54.360 I  ReactTestApp[1584:8737de0] [com.apple.Accessibility:AXRuntimeNotifications] Attempting to send notification:  (1025) <private>
2026-08-27 01:18:54.360 I  ReactTestApp[1584:8737de0] [com.apple.Accessibility:AXRuntimeNotifications] Attempting to send notification:  (1025) <private>
2026-08-27 01:18:54.360 I  ReactTestApp[1584:8737de0] [com.apple.Accessibility:AXRuntimeNotifications] Attempting to send notification:  (1025) <private>
2026-08-27 01:18:54.360 I  ReactTestApp[1584:8737de0] [com.apple.Accessibility:AXRuntimeNotifications] Attempting to send notification:  (1025) <private>
2026-08-27 01:18:54.360 I  ReactTestApp[1584:8737de0] [com.apple.Accessibility:AXRuntimeNotifications] Attempting to send notification:  (1025) <private>
2026-08-27 01:18:54.360 I  ReactTestApp[1584:8737de0] [com.apple.Accessibility:AXRuntimeNotifications] Attempting to send notification:  (1025) <private>
2026-08-27 01:18:54.360 I  ReactTestApp[1584:8737de0] [com.apple.Accessibility:AXRuntimeNotifications] Attempting to send notification:  (1025) <private>
2026-08-27 01:18:54.361 I  ReactTestApp[1584:8737de0] [com.apple.Accessibility:AXRuntimeNotifications] Attempting to send notification:  (1025) <private>
2026-08-27 01:18:54.361 I  ReactTestApp[1584:8737de0] [com.apple.Accessibility:AXRuntimeNotifications] Attempting to send notification:  (1025) <private>
2026-08-27 01:18:54.361 I  ReactTestApp[1584:8737de0] [com.apple.Accessibility:AXRuntimeNotifications] Attempting to send notification:  (1025) <private>
2026-08-27 01:18:54.361 I  ReactTestApp[1584:8737de0] [com.apple.Accessibility:AXRuntimeNotifications] Attempting to send notification:  (1025) <private>
2026-08-27 01:18:54.361 I  ReactTestApp[1584:8737de0] [com.apple.Accessibility:AXRuntimeNotifications] Attempting to send notification:  (1025) <private>
2026-08-27 01:18:54.361 I  ReactTestApp[1584:8737de0] [com.apple.Accessibility:AXRuntimeNotifications] Attempting to send notification:  (1025) <private>
2026-08-27 01:18:54.361 I  ReactTestApp[1584:8737de0] [com.apple.Accessibility:AXRuntimeNotifications] Attempting to send notification:  (1025) <private>
2026-08-27 01:18:54.361 I  ReactTestApp[1584:8737de0] [com.apple.Accessibility:AXRuntimeNotifications] Attempting to send notification:  (1025) <private>
2026-08-27 01:18:54.361 I  ReactTestApp[1584:8737de0] [com.apple.Accessibility:AXRuntimeNotifications] Attempting to send notification:  (1025) <private>
2026-08-27 01:18:54.361 I  ReactTestApp[1584:8737de0] [com.apple.Accessibility:AXRuntimeNotifications] Attempting to send notification:  (1025) <private>
2026-08-27 01:18:54.361 I  ReactTestApp[1584:8737de0] [com.apple.Accessibility:AXRuntimeNotifications] Attempting to send notification:  (1025) <private>
2026-08-27 01:18:54.361 I  ReactTestApp[1584:8737de0] [com.apple.Accessibility:AXRuntimeNotifications] Attempting to send notification:  (1025) <private>
2026-08-27 01:18:54.361 I  ReactTestApp[1584:8737de0] [com.apple.Accessibility:AXRuntimeNotifications] Attempting to send notification:  (1025) <private>
2026-08-27 01:18:54.361 I  ReactTestApp[1584:8737de0] [com.apple.Accessibility:AXRuntimeNotifications] Attempting to send notification:  (1025) <private>
2026-08-27 01:18:54.361 I  ReactTestApp[1584:8737de0] [com.apple.Accessibility:AXRuntimeNotifications] Attempting to send notification:  (1025) <private>
2026-08-27 01:18:54.361 I  ReactTestApp[1584:8737de0] [com.apple.Accessibility:AXRuntimeNotifications] Attempting to send notification:  (1025) <private>
2026-08-27 01:18:54.361 I  ReactTestApp[1584:8737de0] [com.apple.Accessibility:AXRuntimeNotifications] Attempting to send notification:  (1025) <private>
2026-08-27 01:18:54.361 I  ReactTestApp[1584:8737de0] [com.apple.Accessibility:AXRuntimeNotifications] Attempting to send notification:  (1025) <private>
2026-08-27 01:18:54.361 I  ReactTestApp[1584:8737de0] [com.apple.Accessibility:AXRuntimeNotifications] Attempting to send notification:  (1025) <private>
2026-08-27 01:18:54.362 I  ReactTestApp[1584:8737de0] [com.apple.Accessibility:AXRuntimeNotifications] Attempting to send notification:  (1025) <private>
2026-08-27 01:18:54.362 I  ReactTestApp[1584:8737de0] [com.apple.Accessibility:AXRuntimeNotifications] Attempting to send notification:  (1025) <private>
2026-08-27 01:18:54.362 I  ReactTestApp[1584:8737de0] [com.apple.Accessibility:AXRuntimeNotifications] Attempting to send notification:  (1025) <private>
2026-08-27 01:18:54.362 I  ReactTestApp[1584:8737de0] [com.apple.Accessibility:AXRuntimeNotifications] Attempting to send notification:  (1025) <private>
2026-08-27 01:18:54.362 I  ReactTestApp[1584:8737de0] [com.apple.Accessibility:AXRuntimeNotifications] Attempting to send notification:  (1025) <private>
2026-08-27 01:18:54.362 I  ReactTestApp[1584:8737de0] [com.apple.Accessibility:AXRuntimeNotifications] Attempting to send notification:  (1025) <private>
2026-08-27 01:18:54.362 I  ReactTestApp[1584:8737de0] [com.apple.Accessibility:AXRuntimeNotifications] Attempting to send notification:  (1025) <private>
2026-08-27 01:18:54.362 I  ReactTestApp[1584:8737de0] [com.apple.Accessibility:AXRuntimeNotifications] Attempting to send notification:  (1025) <private>
2026-08-27 01:18:54.362 I  ReactTestApp[1584:8737de0] [com.apple.Accessibility:AXRuntimeNotifications] Attempting to send notification:  (1025) <private>
2026-08-27 01:18:54.362 I  ReactTestApp[1584:8737de0] [com.apple.Accessibility:AXRuntimeNotifications] Attempting to send notification:  (1025) <private>
2026-08-27 01:18:54.362 I  ReactTestApp[1584:8737de0] [com.apple.Accessibility:AXRuntimeNotifications] Attempting to send notification:  (1025) <private>
2026-08-27 01:18:54.362 I  ReactTestApp[1584:8737de0] [com.apple.Accessibility:AXRuntimeNotifications] Attempting to send notification:  (1025) <private>
2026-08-27 01:18:54.362 I  ReactTestApp[1584:8737de0] [com.apple.Accessibility:AXRuntimeNotifications] Attempting to send notification:  (1025) <private>
2026-08-27 01:18:54.362 I  ReactTestApp[1584:8737de0] [com.apple.Accessibility:AXRuntimeNotifications] Attempting to send notification:  (1025) <private>
2026-08-27 01:18:54.362 I  ReactTestApp[1584:8737de0] [com.apple.Accessibility:AXRuntimeNotifications] Attempting to send notification:  (1025) <private>
2026-08-27 01:18:54.362 I  ReactTestApp[1584:8737de0] [com.apple.Accessibility:AXRuntimeNotifications] Attempting to send notification:  (1025) <private>
2026-08-27 01:18:54.362 I  ReactTestApp[1584:8737de0] [com.apple.Accessibility:AXRuntimeNotifications] Attempting to send notification:  (1025) <private>
2026-08-27 01:18:54.362 I  ReactTestApp[1584:8737de0] [com.apple.Accessibility:AXRuntimeNotifications] Attempting to send notification:  (1025) <private>
2026-08-27 01:18:54.362 I  ReactTestApp[1584:8737de0] [com.apple.Accessibility:AXRuntimeNotifications] Attempting to send notification:  (1025) <private>
2026-08-27 01:18:54.363 I  ReactTestApp[1584:8737de0] [com.apple.Accessibility:AXRuntimeNotifications] Attempting to send notification:  (1025) <private>
2026-08-27 01:18:54.363 I  ReactTestApp[1584:8737de0] [com.apple.Accessibility:AXRuntimeNotifications] Attempting to send notification:  (1025) <private>
2026-08-27 01:18:54.363 I  ReactTestApp[1584:8737de0] [com.apple.Accessibility:AXRuntimeNotifications] Attempting to send notification:  (1025) <private>
2026-08-27 01:18:54.373 I  ReactTestApp[1584:8737de0] [com.apple.Accessibility:AXRuntimeNotifications] Did post notification. notification:  (1025) error:0 data:<private>
2026-08-27 01:18:54.374 I  ReactTestApp[1584:8737de0] [com.apple.Accessibility:AXRuntimeNotifications] Attempting to send notification:  (1025) <private>
2026-08-27 01:18:54.374 I  ReactTestApp[1584:8737de0] [com.apple.Accessibility:AXRuntimeNotifications] Attempting to send notification:  (1025) <private>
2026-08-27 01:18:54.374 I  ReactTestApp[1584:8737de0] [com.apple.Accessibility:AXRuntimeNotifications] Attempting to send notification:  (1025) <private>
2026-08-27 01:18:54.374 I  ReactTestApp[1584:8737de0] [com.apple.Accessibility:AXRuntimeNotifications] Did post notification. notification:  (1025) error:0 data:<private>
2026-08-27 01:18:54.377 I  ReactTestApp[1584:8737de0] [com.apple.Accessibility:AXRuntimeNotifications] Attempting to send notification:  (1025) <private>
2026-08-27 01:18:54.377 I  ReactTestApp[1584:8737de0] [com.apple.Accessibility:AXRuntimeNotifications] Attempting to send notification:  (1025) <private>
2026-08-27 01:18:54.377 I  ReactTestApp[1584:8737de0] [com.apple.Accessibility:AXRuntimeNotifications] Attempting to send notification:  (1025) <private>
2026-08-27 01:18:54.377 I  ReactTestApp[1584:8737de0] [com.apple.Accessibility:AXRuntimeNotifications] Did post notification. notification:  (1025) error:0 data:<private>
2026-08-27 01:18:54.394 I  ReactTestApp[1584:8737de0] [com.apple.Accessibility:AXRuntimeNotifications] Attempting to send notification:  (1025) <private>
2026-08-27 01:18:54.394 I  ReactTestApp[1584:8737de0] [com.apple.Accessibility:AXRuntimeNotifications] Attempting to send notification:  (1025) <private>
2026-08-27 01:18:54.394 I  ReactTestApp[1584:8737de0] [com.apple.Accessibility:AXRuntimeNotifications] Attempting to send notification:  (1025) <private>
2026-08-27 01:18:54.394 I  ReactTestApp[1584:8737de0] [com.apple.Accessibility:AXRuntimeNotifications] Did post notification. notification:  (1025) error:0 data:<private>
2026-08-27 01:18:54.410 I  ReactTestApp[1584:8737de0] [com.apple.Accessibility:AXRuntimeNotifications] Attempting to send notification:  (1025) <private>
2026-08-27 01:18:54.410 I  ReactTestApp[1584:8737de0] [com.apple.Accessibility:AXRuntimeNotifications] Attempting to send notification:  (1025) <private>
2026-08-27 01:18:54.411 I  ReactTestApp[1584:8737de0] [com.apple.Accessibility:AXRuntimeNotifications] Attempting to send notification:  (1025) <private>
2026-08-27 01:18:54.411 I  ReactTestApp[1584:8737de0] [com.apple.Accessibility:AXRuntimeNotifications] Did post notification. notification:  (1025) error:0 data:<private>
2026-08-27 01:18:54.427 I  ReactTestApp[1584:8737de0] [com.apple.Accessibility:AXRuntimeNotifications] Attempting to send notification:  (1025) <private>
2026-08-27 01:18:54.427 I  ReactTestApp[1584:8737de0] [com.apple.Accessibility:AXRuntimeNotifications] Attempting to send notification:  (1025) <private>
2026-08-27 01:18:54.427 I  ReactTestApp[1584:8737de0] [com.apple.Accessibility:AXRuntimeNotifications] Attempting to send notification:  (1025) <private>
2026-08-27 01:18:54.427 I  ReactTestApp[1584:8737de0] [com.apple.Accessibility:AXRuntimeNotifications] Did post notification. notification:  (1025) error:0 data:<private>
2026-08-27 01:18:54.444 I  ReactTestApp[1584:8737de0] [com.apple.Accessibility:AXRuntimeNotifications] Attempting to send notification:  (1025) <private>
2026-08-27 01:18:54.444 I  ReactTestApp[1584:8737de0] [com.apple.Accessibility:AXRuntimeNotifications] Attempting to send notification:  (1025) <private>
2026-08-27 01:18:54.444 I  ReactTestApp[1584:8737de0] [com.apple.Accessibility:AXRuntimeNotifications] Attempting to send notification:  (1025) <private>
2026-08-27 01:18:54.444 I  ReactTestApp[1584:8737de0] [com.apple.Accessibility:AXRuntimeNotifications] Did post notification. notification:  (1025) error:0 data:<private>
2026-08-27 01:18:54.460 I  ReactTestApp[1584:8737de0] [com.apple.Accessibility:AXRuntimeNotifications] Attempting to send notification:  (1025) <private>
2026-08-27 01:18:54.460 I  ReactTestApp[1584:8737de0] [com.apple.Accessibility:AXRuntimeNotifications] Attempting to send notification:  (1025) <private>
2026-08-27 01:18:54.460 I  ReactTestApp[1584:8737de0] [com.apple.Accessibility:AXRuntimeNotifications] Attempting to send notification:  (1025) <private>
2026-08-27 01:18:54.461 I  ReactTestApp[1584:8737de0] [com.apple.Accessibility:AXRuntimeNotifications] Did post notification. notification:  (1025) error:0 data:<private>
2026-08-27 01:18:54.478 I  ReactTestApp[1584:8737de0] [com.apple.Accessibility:AXRuntimeNotifications] Attempting to send notification:  (1025) <private>
2026-08-27 01:18:54.478 I  ReactTestApp[1584:8737de0] [com.apple.Accessibility:AXRuntimeNotifications] Attempting to send notification:  (1025) <private>
2026-08-27 01:18:54.478 I  ReactTestApp[1584:8737de0] [com.apple.Accessibility:AXRuntimeNotifications] Attempting to send notification:  (1025) <private>
2026-08-27 01:18:54.478 I  ReactTestApp[1584:8737de0] [com.apple.Accessibility:AXRuntimeNotifications] Attempting to send notification:  (1025) <private>
2026-08-27 01:18:54.478 I  ReactTestApp[1584:8737de0] [com.apple.Accessibility:AXRuntimeNotifications] Did post notification. notification:  (1025) error:0 data:<private>
2026-08-27 01:18:54.494 I  ReactTestApp[1584:8737de0] [com.apple.Accessibility:AXRuntimeNotifications] Attempting to send notification:  (1025) <private>
2026-08-27 01:18:54.494 I  ReactTestApp[1584:8737de0] [com.apple.Accessibility:AXRuntimeNotifications] Attempting to send notification:  (1025) <private>
2026-08-27 01:18:54.494 I  ReactTestApp[1584:8737de0] [com.apple.Accessibility:AXRuntimeNotifications] Attempting to send notification:  (1025) <private>
2026-08-27 01:18:54.494 I  ReactTestApp[1584:8737de0] [com.apple.Accessibility:AXRuntimeNotifications] Did post notification. notification:  (1025) error:0 data:<private>
2026-08-27 01:18:54.510 I  ReactTestApp[1584:8737de0] [com.apple.Accessibility:AXRuntimeNotifications] Attempting to send notification:  (1025) <private>
2026-08-27 01:18:54.511 I  ReactTestApp[1584:8737de0] [com.apple.Accessibility:AXRuntimeNotifications] Attempting to send notification:  (1025) <private>
2026-08-27 01:18:54.511 I  ReactTestApp[1584:8737de0] [com.apple.Accessibility:AXRuntimeNotifications] Attempting to send notification:  (1025) <private>
2026-08-27 01:18:54.511 I  ReactTestApp[1584:8737de0] [com.apple.Accessibility:AXRuntimeNotifications] Attempting to send notification:  (1025) <private>
2026-08-27 01:18:54.511 I  ReactTestApp[1584:8737de0] [com.apple.Accessibility:AXRuntimeNotifications] Attempting to send notification:  (1025) <private>
2026-08-27 01:18:54.511 I  ReactTestApp[1584:8737de0] [com.apple.Accessibility:AXRuntimeNotifications] Did post notification. notification:  (1025) error:0 data:<private>
2026-08-27 01:18:54.527 I  ReactTestApp[1584:8737de0] [com.apple.Accessibility:AXRuntimeNotifications] Attempting to send notification:  (1025) <private>
2026-08-27 01:18:54.527 I  ReactTestApp[1584:8737de0] [com.apple.Accessibility:AXRuntimeNotifications] Attempting to send notification:  (1025) <private>
2026-08-27 01:18:54.527 I  ReactTestApp[1584:8737de0] [com.apple.Accessibility:AXRuntimeNotifications] Attempting to send notification:  (1025) <private>
2026-08-27 01:18:54.527 I  ReactTestApp[1584:8737de0] [com.apple.Accessibility:AXRuntimeNotifications] Attempting to send notification:  (1025) <private>
2026-08-27 01:18:54.527 I  ReactTestApp[1584:8737de0] [com.apple.Accessibility:AXRuntimeNotifications] Did post notification. notification:  (1025) error:0 data:<private>
2026-08-27 01:18:54.544 I  ReactTestApp[1584:8737de0] [com.apple.Accessibility:AXRuntimeNotifications] Attempting to send notification:  (1025) <private>
2026-08-27 01:18:54.544 I  ReactTestApp[1584:8737de0] [com.apple.Accessibility:AXRuntimeNotifications] Attempting to send notification:  (1025) <private>
2026-08-27 01:18:54.544 I  ReactTestApp[1584:8737de0] [com.apple.Accessibility:AXRuntimeNotifications] Attempting to send notification:  (1025) <private>
2026-08-27 01:18:54.544 I  ReactTestApp[1584:8737de0] [com.apple.Accessibility:AXRuntimeNotifications] Attempting to send notification:  (1025) <private>
2026-08-27 01:18:54.544 I  ReactTestApp[1584:8737de0] [com.apple.Accessibility:AXRuntimeNotifications] Did post notification. notification:  (1025) error:0 data:<private>
2026-08-27 01:18:54.560 I  ReactTestApp[1584:8737de0] [com.apple.Accessibility:AXRuntimeNotifications] Attempting to send notification:  (1025) <private>
2026-08-27 01:18:54.561 I  ReactTestApp[1584:8737de0] [com.apple.Accessibility:AXRuntimeNotifications] Attempting to send notification:  (1025) <private>
2026-08-27 01:18:54.561 I  ReactTestApp[1584:8737de0] [com.apple.Accessibility:AXRuntimeNotifications] Attempting to send notification:  (1025) <private>
2026-08-27 01:18:54.561 I  ReactTestApp[1584:8737de0] [com.apple.Accessibility:AXRuntimeNotifications] Attempting to send notification:  (1025) <private>
2026-08-27 01:18:54.561 I  ReactTestApp[1584:8737de0] [com.apple.Accessibility:AXRuntimeNotifications] Did post notification. notification:  (1025) error:0 data:<private>
2026-08-27 01:18:54.578 I  ReactTestApp[1584:8737de0] [com.apple.Accessibility:AXRuntimeNotifications] Attempting to send notification:  (1025) <private>
2026-08-27 01:18:54.578 I  ReactTestApp[1584:8737de0] [com.apple.Accessibility:AXRuntimeNotifications] Attempting to send notification:  (1025) <private>
2026-08-27 01:18:54.578 I  ReactTestApp[1584:8737de0] [com.apple.Accessibility:AXRuntimeNotifications] Attempting to send notification:  (1025) <private>
2026-08-27 01:18:54.578 I  ReactTestApp[1584:8737de0] [com.apple.Accessibility:AXRuntimeNotifications] Attempting to send notification:  (1025) <private>
2026-08-27 01:18:54.578 I  ReactTestApp[1584:8737de0] [com.apple.Accessibility:AXRuntimeNotifications] Attempting to send notification:  (1025) <private>
2026-08-27 01:18:54.578 I  ReactTestApp[1584:8737de0] [com.apple.Accessibility:AXRuntimeNotifications] Attempting to send notification:  (1025) <private>
2026-08-27 01:18:54.578 I  ReactTestApp[1584:8737de0] [com.apple.Accessibility:AXRuntimeNotifications] Attempting to send notification:  (1025) <private>
2026-08-27 01:18:54.578 I  ReactTestApp[1584:8737de0] [com.apple.Accessibility:AXRuntimeNotifications] Attempting to send notification:  (1025) <private>
2026-08-27 01:18:54.578 I  ReactTestApp[1584:8737de0] [com.apple.Accessibility:AXRuntimeNotifications] Attempting to send notification:  (1025) <private>
2026-08-27 01:18:54.578 I  ReactTestApp[1584:8737de0] [com.apple.Accessibility:AXRuntimeNotifications] Attempting to send notification:  (1025) <private>
2026-08-27 01:18:54.578 I  ReactTestApp[1584:8737de0] [com.apple.Accessibility:AXRuntimeNotifications] Attempting to send notification:  (1025) <private>
2026-08-27 01:18:54.578 I  ReactTestApp[1584:8737de0] [com.apple.Accessibility:AXRuntimeNotifications] Attempting to send notification:  (1025) <private>
2026-08-27 01:18:54.579 I  ReactTestApp[1584:8737de0] [com.apple.Accessibility:AXRuntimeNotifications] Attempting to send notification:  (1025) <private>
2026-08-27 01:18:54.579 I  ReactTestApp[1584:8737de0] [com.apple.Accessibility:AXRuntimeNotifications] Attempting to send notification:  (1025) <private>
2026-08-27 01:18:54.579 I  ReactTestApp[1584:8737de0] [com.apple.Accessibility:AXRuntimeNotifications] Attempting to send notification:  (1025) <private>
2026-08-27 01:18:54.579 I  ReactTestApp[1584:8737de0] [com.apple.Accessibility:AXRuntimeNotifications] Attempting to send notification:  (1025) <private>
2026-08-27 01:18:54.579 I  ReactTestApp[1584:8737de0] [com.apple.Accessibility:AXRuntimeNotifications] Attempting to send notification:  (1025) <private>
2026-08-27 01:18:54.579 I  ReactTestApp[1584:8737de0] [com.apple.Accessibility:AXRuntimeNotifications] Attempting to send notification:  (1025) <private>
2026-08-27 01:18:54.579 I  ReactTestApp[1584:8737de0] [com.apple.Accessibility:AXRuntimeNotifications] Attempting to send notification:  (1025) <private>
2026-08-27 01:18:54.579 I  ReactTestApp[1584:8737de0] [com.apple.Accessibility:AXRuntimeNotifications] Attempting to send notification:  (1025) <private>
2026-08-27 01:18:54.579 I  ReactTestApp[1584:8737de0] [com.apple.Accessibility:AXRuntimeNotifications] Attempting to send notification:  (1025) <private>
2026-08-27 01:18:54.579 I  ReactTestApp[1584:8737de0] [com.apple.Accessibility:AXRuntimeNotifications] Attempting to send notification:  (1025) <private>
2026-08-27 01:18:54.579 I  ReactTestApp[1584:8737de0] [com.apple.Accessibility:AXRuntimeNotifications] Attempting to send notification:  (1025) <private>
2026-08-27 01:18:54.579 I  ReactTestApp[1584:8737de0] [com.apple.Accessibility:AXRuntimeNotifications] Attempting to send notification:  (1025) <private>
2026-08-27 01:18:54.579 I  ReactTestApp[1584:8737de0] [com.apple.Accessibility:AXRuntimeNotifications] Attempting to send notification:  (1025) <private>
2026-08-27 01:18:54.579 I  ReactTestApp[1584:8737de0] [com.apple.Accessibility:AXRuntimeNotifications] Attempting to send notification:  (1025) <private>
2026-08-27 01:18:54.579 I  ReactTestApp[1584:8737de0] [com.apple.Accessibility:AXRuntimeNotifications] Attempting to send notification:  (1025) <private>
2026-08-27 01:18:54.580 I  ReactTestApp[1584:8737de0] [com.apple.Accessibility:AXRuntimeNotifications] Attempting to send notification:  (1025) <private>
2026-08-27 01:18:54.580 I  ReactTestApp[1584:8737de0] [com.apple.Accessibility:AXRuntimeNotifications] Attempting to send notification:  (1025) <private>
2026-08-27 01:18:54.580 I  ReactTestApp[1584:8737de0] [com.apple.Accessibility:AXRuntimeNotifications] Attempting to send notification:  (1025) <private>
2026-08-27 01:18:54.580 I  ReactTestApp[1584:8737de0] [com.apple.Accessibility:AXRuntimeNotifications] Attempting to send notification:  (1025) <private>
2026-08-27 01:18:54.580 I  ReactTestApp[1584:8737de0] [com.apple.Accessibility:AXRuntimeNotifications] Attempting to send notification:  (1025) <private>
2026-08-27 01:18:54.580 I  ReactTestApp[1584:8737de0] [com.apple.Accessibility:AXRuntimeNotifications] Attempting to send notification:  (1025) <private>
2026-08-27 01:18:54.580 I  ReactTestApp[1584:8737de0] [com.apple.Accessibility:AXRuntimeNotifications] Attempting to send notification:  (1025) <private>
2026-08-27 01:18:54.580 I  ReactTestApp[1584:8737de0] [com.apple.Accessibility:AXRuntimeNotifications] Attempting to send notification:  (1025) <private>
2026-08-27 01:18:54.580 I  ReactTestApp[1584:8737de0] [com.apple.Accessibility:AXRuntimeNotifications] Attempting to send notification:  (1025) <private>
2026-08-27 01:18:54.580 I  ReactTestApp[1584:8737de0] [com.apple.Accessibility:AXRuntimeNotifications] Attempting to send notification:  (1025) <private>
2026-08-27 01:18:54.580 I  ReactTestApp[1584:8737de0] [com.apple.Accessibility:AXRuntimeNotifications] Attempting to send notification:  (1025) <private>
2026-08-27 01:18:54.580 I  ReactTestApp[1584:8737de0] [com.apple.Accessibility:AXRuntimeNotifications] Attempting to send notification:  (1025) <private>
2026-08-27 01:18:54.580 I  ReactTestApp[1584:8737de0] [com.apple.Accessibility:AXRuntimeNotifications] Attempting to send notification:  (1025) <private>
2026-08-27 01:18:54.580 I  ReactTestApp[1584:8737de0] [com.apple.Accessibility:AXRuntimeNotifications] Attempting to send notification:  (1025) <private>
2026-08-27 01:18:54.580 I  ReactTestApp[1584:8737de0] [com.apple.Accessibility:AXRuntimeNotifications] Attempting to send notification:  (1025) <private>
2026-08-27 01:18:54.580 I  ReactTestApp[1584:8737de0] [com.apple.Accessibility:AXRuntimeNotifications] Attempting to send notification:  (1025) <private>
2026-08-27 01:18:54.580 I  ReactTestApp[1584:8737de0] [com.apple.Accessibility:AXRuntimeNotifications] Attempting to send notification:  (1025) <private>
2026-08-27 01:18:54.581 I  ReactTestApp[1584:8737de0] [com.apple.Accessibility:AXRuntimeNotifications] Attempting to send notification:  (1025) <private>
2026-08-27 01:18:54.581 I  ReactTestApp[1584:8737de0] [com.apple.Accessibility:AXRuntimeNotifications] Attempting to send notification:  (1025) <private>
2026-08-27 01:18:54.581 I  ReactTestApp[1584:8737de0] [com.apple.Accessibility:AXRuntimeNotifications] Attempting to send notification:  (1025) <private>
2026-08-27 01:18:54.581 I  ReactTestApp[1584:8737de0] [com.apple.Accessibility:AXRuntimeNotifications] Attempting to send notification:  (1025) <private>
2026-08-27 01:18:54.581 I  ReactTestApp[1584:8737de0] [com.apple.Accessibility:AXRuntimeNotifications] Attempting to send notification:  (1025) <private>
2026-08-27 01:18:54.581 I  ReactTestApp[1584:8737de0] [com.apple.Accessibility:AXRuntimeNotifications] Attempting to send notification:  (1025) <private>
2026-08-27 01:18:54.581 I  ReactTestApp[1584:8737de0] [com.apple.Accessibility:AXRuntimeNotifications] Attempting to send notification:  (1025) <private>
2026-08-27 01:18:54.581 I  ReactTestApp[1584:8737de0] [com.apple.Accessibility:AXRuntimeNotifications] Attempting to send notification:  (1025) <private>
2026-08-27 01:18:54.581 I  ReactTestApp[1584:8737de0] [com.apple.Accessibility:AXRuntimeNotifications] Attempting to send notification:  (1025) <private>
2026-08-27 01:18:54.581 I  ReactTestApp[1584:8737de0] [com.apple.Accessibility:AXRuntimeNotifications] Attempting to send notification:  (1025) <private>
2026-08-27 01:18:54.581 I  ReactTestApp[1584:8737de0] [com.apple.Accessibility:AXRuntimeNotifications] Attempting to send notification:  (1025) <private>
2026-08-27 01:18:54.581 I  ReactTestApp[1584:8737de0] [com.apple.Accessibility:AXRuntimeNotifications] Attempting to send notification:  (1025) <private>
2026-08-27 01:18:54.581 I  ReactTestApp[1584:8737de0] [com.apple.Accessibility:AXRuntimeNotifications] Attempting to send notification:  (1025) <private>
2026-08-27 01:18:54.581 I  ReactTestApp[1584:8737de0] [com.apple.Accessibility:AXRuntimeNotifications] Attempting to send notification:  (1025) <private>
2026-08-27 01:18:54.581 I  ReactTestApp[1584:8737de0] [com.apple.Accessibility:AXRuntimeNotifications] Attempting to send notification:  (1025) <private>
2026-08-27 01:18:54.581 I  ReactTestApp[1584:8737de0] [com.apple.Accessibility:AXRuntimeNotifications] Attempting to send notification:  (1025) <private>
2026-08-27 01:18:54.582 I  ReactTestApp[1584:8737de0] [com.apple.Accessibility:AXRuntimeNotifications] Attempting to send notification:  (1025) <private>
2026-08-27 01:18:54.582 I  ReactTestApp[1584:8737de0] [com.apple.Accessibility:AXRuntimeNotifications] Attempting to send notification:  (1025) <private>
2026-08-27 01:18:54.582 I  ReactTestApp[1584:8737de0] [com.apple.Accessibility:AXRuntimeNotifications] Did post notification. notification:  (1025) error:0 data:<private>
2026-08-27 01:18:54.593 I  ReactTestApp[1584:8737de0] [com.apple.Accessibility:AXRuntimeNotifications] Attempting to send notification:  (1025) <private>
2026-08-27 01:18:54.594 I  ReactTestApp[1584:8737de0] [com.apple.Accessibility:AXRuntimeNotifications] Attempting to send notification:  (1025) <private>
2026-08-27 01:18:54.594 I  ReactTestApp[1584:8737de0] [com.apple.Accessibility:AXRuntimeNotifications] Attempting to send notification:  (1025) <private>
2026-08-27 01:18:54.594 I  ReactTestApp[1584:8737de0] [com.apple.Accessibility:AXRuntimeNotifications] Attempting to send notification:  (1025) <private>
2026-08-27 01:18:54.594 I  ReactTestApp[1584:8737de0] [com.apple.Accessibility:AXRuntimeNotifications] Attempting to send notification:  (1025) <private>
2026-08-27 01:18:54.594 I  ReactTestApp[1584:8737de0] [com.apple.Accessibility:AXRuntimeNotifications] Did post notification. notification:  (1025) error:0 data:<private>
2026-08-27 01:18:54.610 I  ReactTestApp[1584:8737de0] [com.apple.Accessibility:AXRuntimeNotifications] Attempting to send notification:  (1025) <private>
2026-08-27 01:18:54.610 I  ReactTestApp[1584:8737de0] [com.apple.Accessibility:AXRuntimeNotifications] Attempting to send notification:  (1025) <private>
2026-08-27 01:18:54.610 I  ReactTestApp[1584:8737de0] [com.apple.Accessibility:AXRuntimeNotifications] Attempting to send notification:  (1025) <private>
2026-08-27 01:18:54.610 I  ReactTestApp[1584:8737de0] [com.apple.Accessibility:AXRuntimeNotifications] Attempting to send notification:  (1025) <private>
2026-08-27 01:18:54.610 I  ReactTestApp[1584:8737de0] [com.apple.Accessibility:AXRuntimeNotifications] Did post notification. notification:  (1025) error:0 data:<private>
2026-08-27 01:18:54.627 I  ReactTestApp[1584:8737de0] [com.apple.Accessibility:AXRuntimeNotifications] Attempting to send notification:  (1025) <private>
2026-08-27 01:18:54.627 I  ReactTestApp[1584:8737de0] [com.apple.Accessibility:AXRuntimeNotifications] Attempting to send notification:  (1025) <private>
2026-08-27 01:18:54.627 I  ReactTestApp[1584:8737de0] [com.apple.Accessibility:AXRuntimeNotifications] Attempting to send notification:  (1025) <private>
2026-08-27 01:18:54.627 I  ReactTestApp[1584:8737de0] [com.apple.Accessibility:AXRuntimeNotifications] Did post notification. notification:  (1025) error:0 data:<private>
2026-08-27 01:18:54.643 I  ReactTestApp[1584:8737de0] [com.apple.Accessibility:AXRuntimeNotifications] Attempting to send notification:  (1025) <private>
2026-08-27 01:18:54.644 I  ReactTestApp[1584:8737de0] [com.apple.Accessibility:AXRuntimeNotifications] Attempting to send notification:  (1025) <private>
2026-08-27 01:18:54.644 I  ReactTestApp[1584:8737de0] [com.apple.Accessibility:AXRuntimeNotifications] Attempting to send notification:  (1025) <private>
2026-08-27 01:18:54.644 I  ReactTestApp[1584:8737de0] [com.apple.Accessibility:AXRuntimeNotifications] Attempting to send notification:  (1025) <private>
2026-08-27 01:18:54.644 I  ReactTestApp[1584:8737de0] [com.apple.Accessibility:AXRuntimeNotifications] Attempting to send notification:  (1025) <private>
2026-08-27 01:18:54.644 I  ReactTestApp[1584:8737de0] [com.apple.Accessibility:AXRuntimeNotifications] Attempting to send notification:  (1025) <private>
2026-08-27 01:18:54.644 I  ReactTestApp[1584:8737de0] [com.apple.Accessibility:AXRuntimeNotifications] Attempting to send notification:  (1025) <private>
2026-08-27 01:18:54.644 I  ReactTestApp[1584:8737de0] [com.apple.Accessibility:AXRuntimeNotifications] Attempting to send notification:  (1025) <private>
2026-08-27 01:18:54.644 I  ReactTestApp[1584:8737de0] [com.apple.Accessibility:AXRuntimeNotifications] Attempting to send notification:  (1025) <private>
2026-08-27 01:18:54.644 I  ReactTestApp[1584:8737de0] [com.apple.Accessibility:AXRuntimeNotifications] Attempting to send notification:  (1025) <private>
2026-08-27 01:18:54.644 I  ReactTestApp[1584:8737de0] [com.apple.Accessibility:AXRuntimeNotifications] Attempting to send notification:  (1025) <private>
2026-08-27 01:18:54.644 I  ReactTestApp[1584:8737de0] [com.apple.Accessibility:AXRuntimeNotifications] Did post notification. notification:  (1025) error:0 data:<private>
2026-08-27 01:18:54.661 I  ReactTestApp[1584:8737de0] [com.apple.Accessibility:AXRuntimeNotifications] Attempting to send notification:  (1025) <private>
2026-08-27 01:18:54.661 I  ReactTestApp[1584:8737de0] [com.apple.Accessibility:AXRuntimeNotifications] Attempting to send notification:  (1025) <private>
2026-08-27 01:18:54.661 I  ReactTestApp[1584:8737de0] [com.apple.Accessibility:AXRuntimeNotifications] Attempting to send notification:  (1025) <private>
2026-08-27 01:18:54.661 I  ReactTestApp[1584:8737de0] [com.apple.Accessibility:AXRuntimeNotifications] Attempting to send notification:  (1025) <private>
2026-08-27 01:18:54.661 I  ReactTestApp[1584:8737de0] [com.apple.Accessibility:AXRuntimeNotifications] Attempting to send notification:  (1025) <private>
2026-08-27 01:18:54.661 I  ReactTestApp[1584:8737de0] [com.apple.Accessibility:AXRuntimeNotifications] Attempting to send notification:  (1025) <private>
2026-08-27 01:18:54.661 I  ReactTestApp[1584:8737de0] [com.apple.Accessibility:AXRuntimeNotifications] Did post notification. notification:  (1025) error:0 data:<private>
2026-08-27 01:18:54.688 I  ReactTestApp[1584:8737de0] [com.apple.Accessibility:AXRuntimeNotifications] Attempting to send notification:  (1001) <private>
2026-08-27 01:18:54.688 I  ReactTestApp[1584:8737de0] [com.apple.Accessibility:AXRuntimeNotifications] Attempting to send notification:  (1001) <private>
2026-08-27 01:18:54.688 I  ReactTestApp[1584:8737de0] [com.apple.Accessibility:AXRuntimeNotifications] Attempting to send notification:  (1025) <private>
2026-08-27 01:18:54.688 I  ReactTestApp[1584:8737de0] [com.apple.Accessibility:AXRuntimeNotifications] Attempting to send notification:  (1025) <private>
2026-08-27 01:18:54.688 I  ReactTestApp[1584:8737de0] [com.apple.Accessibility:AXRuntimeNotifications] Attempting to send notification:  (1025) <private>
2026-08-27 01:18:54.688 I  ReactTestApp[1584:8737de0] [com.apple.Accessibility:AXRuntimeNotifications] Attempting to send notification:  (1025) <private>
2026-08-27 01:18:54.688 I  ReactTestApp[1584:8737de0] [com.apple.Accessibility:AXRuntimeNotifications] Attempting to send notification:  (1025) <private>
2026-08-27 01:18:54.688 I  ReactTestApp[1584:8737de0] [com.apple.Accessibility:AXRuntimeNotifications] Attempting to send notification:  (1025) <private>
2026-08-27 01:18:54.688 I  ReactTestApp[1584:8737de0] [com.apple.Accessibility:AXRuntimeNotifications] Attempting to send notification:  (1025) <private>
2026-08-27 01:18:54.688 I  ReactTestApp[1584:8737de0] [com.apple.Accessibility:AXRuntimeNotifications] Attempting to send notification:  (1025) <private>
2026-08-27 01:18:54.688 I  ReactTestApp[1584:8737de0] [com.apple.Accessibility:AXRuntimeNotifications] Attempting to send notification:  (1025) <private>
2026-08-27 01:18:54.688 I  ReactTestApp[1584:8737de0] [com.apple.Accessibility:AXRuntimeNotifications] Attempting to send notification:  (1025) <private>
2026-08-27 01:18:54.688 I  ReactTestApp[1584:8737de0] [com.apple.Accessibility:AXRuntimeNotifications] Attempting to send notification:  (1025) <private>
2026-08-27 01:18:54.689 I  ReactTestApp[1584:8737de0] [com.apple.Accessibility:AXRuntimeNotifications] Did post notification. notification:  (1001) error:0 data:<private>
2026-08-27 01:18:54.689 I  ReactTestApp[1584:8737de0] [com.apple.Accessibility:AXRuntimeNotifications] Did post notification. notification:  (1025) error:0 data:<private>
2026-08-27 01:18:54.689 I  ReactTestApp[1584:8737de0] [com.apple.Accessibility:AXRuntimeNotifications] Attempting to send notification:  (1025) <private>
2026-08-27 01:18:54.690 I  ReactTestApp[1584:8737de0] [com.apple.Accessibility:AXRuntimeNotifications] Attempting to send notification:  (1025) <private>
2026-08-27 01:18:54.690 I  ReactTestApp[1584:8737de0] [com.apple.Accessibility:AXRuntimeNotifications] Attempting to send notification:  (1025) <private>
2026-08-27 01:18:54.690 I  ReactTestApp[1584:8737de0] [com.apple.Accessibility:AXRuntimeNotifications] Did post notification. notification:  (1025) error:0 data:<private>
2026-08-27 01:18:54.693 I  ReactTestApp[1584:8737de0] [com.apple.Accessibility:AXRuntimeNotifications] Attempting to send notification:  (1025) <private>
2026-08-27 01:18:54.693 I  ReactTestApp[1584:8737de0] [com.apple.Accessibility:AXRuntimeNotifications] Attempting to send notification:  (1025) <private>
2026-08-27 01:18:54.693 I  ReactTestApp[1584:8737de0] [com.apple.Accessibility:AXRuntimeNotifications] Attempting to send notification:  (1025) <private>
2026-08-27 01:18:54.694 I  ReactTestApp[1584:8737de0] [com.apple.Accessibility:AXRuntimeNotifications] Attempting to send notification:  (1025) <private>
2026-08-27 01:18:54.694 I  ReactTestApp[1584:8737de0] [com.apple.Accessibility:AXRuntimeNotifications] Attempting to send notification:  (1025) <private>
2026-08-27 01:18:54.694 I  ReactTestApp[1584:8737de0] [com.apple.Accessibility:AXRuntimeNotifications] Attempting to send notification:  (1025) <private>
2026-08-27 01:18:54.694 I  ReactTestApp[1584:8737de0] [com.apple.Accessibility:AXRuntimeNotifications] Attempting to send notification:  (1025) <private>
2026-08-27 01:18:54.694 I  ReactTestApp[1584:8737de0] [com.apple.Accessibility:AXRuntimeNotifications] Attempting to send notification:  (1025) <private>
2026-08-27 01:18:54.694 I  ReactTestApp[1584:8737de0] [com.apple.Accessibility:AXRuntimeNotifications] Did post notification. notification:  (1025) error:0 data:<private>
2026-08-27 01:18:54.710 I  ReactTestApp[1584:8737de0] [com.apple.Accessibility:AXRuntimeNotifications] Attempting to send notification:  (1025) <private>
2026-08-27 01:18:54.710 I  ReactTestApp[1584:8737de0] [com.apple.Accessibility:AXRuntimeNotifications] Attempting to send notification:  (1025) <private>
2026-08-27 01:18:54.710 I  ReactTestApp[1584:8737de0] [com.apple.Accessibility:AXRuntimeNotifications] Attempting to send notification:  (1025) <private>
2026-08-27 01:18:54.710 I  ReactTestApp[1584:8737de0] [com.apple.Accessibility:AXRuntimeNotifications] Attempting to send notification:  (1025) <private>
2026-08-27 01:18:54.710 I  ReactTestApp[1584:8737de0] [com.apple.Accessibility:AXRuntimeNotifications] Attempting to send notification:  (1025) <private>
2026-08-27 01:18:54.710 I  ReactTestApp[1584:8737de0] [com.apple.Accessibility:AXRuntimeNotifications] Attempting to send notification:  (1025) <private>
2026-08-27 01:18:54.710 I  ReactTestApp[1584:8737de0] [com.apple.Accessibility:AXRuntimeNotifications] Did post notification. notification:  (1025) error:0 data:<private>
2026-08-27 01:18:54.727 I  ReactTestApp[1584:8737de0] [com.apple.Accessibility:AXRuntimeNotifications] Attempting to send notification:  (1025) <private>
2026-08-27 01:18:54.727 I  ReactTestApp[1584:8737de0] [com.apple.Accessibility:AXRuntimeNotifications] Attempting to send notification:  (1025) <private>
2026-08-27 01:18:54.727 I  ReactTestApp[1584:8737de0] [com.apple.Accessibility:AXRuntimeNotifications] Attempting to send notification:  (1025) <private>
2026-08-27 01:18:54.727 I  ReactTestApp[1584:8737de0] [com.apple.Accessibility:AXRuntimeNotifications] Attempting to send notification:  (1025) <private>
2026-08-27 01:18:54.727 I  ReactTestApp[1584:8737de0] [com.apple.Accessibility:AXRuntimeNotifications] Attempting to send notification:  (1025) <private>
2026-08-27 01:18:54.727 I  ReactTestApp[1584:8737de0] [com.apple.Accessibility:AXRuntimeNotifications] Did post notification. notification:  (1025) error:0 data:<private>
2026-08-27 01:18:54.743 I  ReactTestApp[1584:8737de0] [com.apple.Accessibility:AXRuntimeNotifications] Attempting to send notification:  (1025) <private>
2026-08-27 01:18:54.743 I  ReactTestApp[1584:8737de0] [com.apple.Accessibility:AXRuntimeNotifications] Attempting to send notification:  (1025) <private>
2026-08-27 01:18:54.744 I  ReactTestApp[1584:8737de0] [com.apple.Accessibility:AXRuntimeNotifications] Attempting to send notification:  (1025) <private>
2026-08-27 01:18:54.744 I  ReactTestApp[1584:8737de0] [com.apple.Accessibility:AXRuntimeNotifications] Attempting to send notification:  (1025) <private>
2026-08-27 01:18:54.744 I  ReactTestApp[1584:8737de0] [com.apple.Accessibility:AXRuntimeNotifications] Attempting to send notification:  (1025) <private>
2026-08-27 01:18:54.744 I  ReactTestApp[1584:8737de0] [com.apple.Accessibility:AXRuntimeNotifications] Attempting to send notification:  (1025) <private>
2026-08-27 01:18:54.744 I  ReactTestApp[1584:8737de0] [com.apple.Accessibility:AXRuntimeNotifications] Attempting to send notification:  (1025) <private>
2026-08-27 01:18:54.744 I  ReactTestApp[1584:8737de0] [com.apple.Accessibility:AXRuntimeNotifications] Attempting to send notification:  (1025) <private>
2026-08-27 01:18:54.744 I  ReactTestApp[1584:8737de0] [com.apple.Accessibility:AXRuntimeNotifications] Attempting to send notification:  (1025) <private>
2026-08-27 01:18:54.744 I  ReactTestApp[1584:8737de0] [com.apple.Accessibility:AXRuntimeNotifications] Did post notification. notification:  (1025) error:0 data:<private>
2026-08-27 01:18:54.760 I  ReactTestApp[1584:8737de0] [com.apple.Accessibility:AXRuntimeNotifications] Attempting to send notification:  (1025) <private>
2026-08-27 01:18:54.760 I  ReactTestApp[1584:8737de0] [com.apple.Accessibility:AXRuntimeNotifications] Attempting to send notification:  (1025) <private>
2026-08-27 01:18:54.760 I  ReactTestApp[1584:8737de0] [com.apple.Accessibility:AXRuntimeNotifications] Attempting to send notification:  (1025) <private>
2026-08-27 01:18:54.760 I  ReactTestApp[1584:8737de0] [com.apple.Accessibility:AXRuntimeNotifications] Did post notification. notification:  (1025) error:0 data:<private>
2026-08-27 01:18:54.776 I  ReactTestApp[1584:8737de0] [com.apple.Accessibility:AXRuntimeNotifications] Attempting to send notification:  (1025) <private>
2026-08-27 01:18:54.777 I  ReactTestApp[1584:8737de0] [com.apple.Accessibility:AXRuntimeNotifications] Attempting to send notification:  (1025) <private>
2026-08-27 01:18:54.777 I  ReactTestApp[1584:8737de0] [com.apple.Accessibility:AXRuntimeNotifications] Attempting to send notification:  (1025) <private>
2026-08-27 01:18:54.777 I  ReactTestApp[1584:8737de0] [com.apple.Accessibility:AXRuntimeNotifications] Attempting to send notification:  (1025) <private>
2026-08-27 01:18:54.777 I  ReactTestApp[1584:8737de0] [com.apple.Accessibility:AXRuntimeNotifications] Did post notification. notification:  (1025) error:0 data:<private>
2026-08-27 01:18:54.793 I  ReactTestApp[1584:8737de0] [com.apple.Accessibility:AXRuntimeNotifications] Attempting to send notification:  (1025) <private>
2026-08-27 01:18:54.793 I  ReactTestApp[1584:8737de0] [com.apple.Accessibility:AXRuntimeNotifications] Attempting to send notification:  (1025) <private>
2026-08-27 01:18:54.793 I  ReactTestApp[1584:8737de0] [com.apple.Accessibility:AXRuntimeNotifications] Attempting to send notification:  (1025) <private>
2026-08-27 01:18:54.793 I  ReactTestApp[1584:8737de0] [com.apple.Accessibility:AXRuntimeNotifications] Attempting to send notification:  (1025) <private>
2026-08-27 01:18:54.794 I  ReactTestApp[1584:8737de0] [com.apple.Accessibility:AXRuntimeNotifications] Did post notification. notification:  (1025) error:0 data:<private>
2026-08-27 01:18:54.810 I  ReactTestApp[1584:8737de0] [com.apple.Accessibility:AXRuntimeNotifications] Attempting to send notification:  (1025) <private>
2026-08-27 01:18:54.810 I  ReactTestApp[1584:8737de0] [com.apple.Accessibility:AXRuntimeNotifications] Attempting to send notification:  (1025) <private>
2026-08-27 01:18:54.810 I  ReactTestApp[1584:8737de0] [com.apple.Accessibility:AXRuntimeNotifications] Attempting to send notification:  (1025) <private>
2026-08-27 01:18:54.810 I  ReactTestApp[1584:8737de0] [com.apple.Accessibility:AXRuntimeNotifications] Attempting to send notification:  (1025) <private>
2026-08-27 01:18:54.810 I  ReactTestApp[1584:8737de0] [com.apple.Accessibility:AXRuntimeNotifications] Attempting to send notification:  (1025) <private>
2026-08-27 01:18:54.810 I  ReactTestApp[1584:8737de0] [com.apple.Accessibility:AXRuntimeNotifications] Attempting to send notification:  (1025) <private>
2026-08-27 01:18:54.810 I  ReactTestApp[1584:8737de0] [com.apple.Accessibility:AXRuntimeNotifications] Did post notification. notification:  (1025) error:0 data:<private>
2026-08-27 01:18:54.827 I  ReactTestApp[1584:8737de0] [com.apple.Accessibility:AXRuntimeNotifications] Attempting to send notification:  (1025) <private>
2026-08-27 01:18:54.827 I  ReactTestApp[1584:8737de0] [com.apple.Accessibility:AXRuntimeNotifications] Attempting to send notification:  (1025) <private>
2026-08-27 01:18:54.827 I  ReactTestApp[1584:8737de0] [com.apple.Accessibility:AXRuntimeNotifications] Attempting to send notification:  (1025) <private>
2026-08-27 01:18:54.827 I  ReactTestApp[1584:8737de0] [com.apple.Accessibility:AXRuntimeNotifications] Did post notification. notification:  (1025) error:0 data:<private>
2026-08-27 01:18:54.843 I  ReactTestApp[1584:8737de0] [com.apple.Accessibility:AXRuntimeNotifications] Attempting to send notification:  (1025) <private>
2026-08-27 01:18:54.843 I  ReactTestApp[1584:8737de0] [com.apple.Accessibility:AXRuntimeNotifications] Attempting to send notification:  (1025) <private>
2026-08-27 01:18:54.844 I  ReactTestApp[1584:8737de0] [com.apple.Accessibility:AXRuntimeNotifications] Attempting to send notification:  (1025) <private>
2026-08-27 01:18:54.844 I  ReactTestApp[1584:8737de0] [com.apple.Accessibility:AXRuntimeNotifications] Attempting to send notification:  (1025) <private>
2026-08-27 01:18:54.844 I  ReactTestApp[1584:8737de0] [com.apple.Accessibility:AXRuntimeNotifications] Did post notification. notification:  (1025) error:0 data:<private>
2026-08-27 01:18:54.860 I  ReactTestApp[1584:8737de0] [com.apple.Accessibility:AXRuntimeNotifications] Attempting to send notification:  (1025) <private>
2026-08-27 01:18:54.860 I  ReactTestApp[1584:8737de0] [com.apple.Accessibility:AXRuntimeNotifications] Attempting to send notification:  (1025) <private>
2026-08-27 01:18:54.860 I  ReactTestApp[1584:8737de0] [com.apple.Accessibility:AXRuntimeNotifications] Attempting to send notification:  (1025) <private>
2026-08-27 01:18:54.860 I  ReactTestApp[1584:8737de0] [com.apple.Accessibility:AXRuntimeNotifications] Did post notification. notification:  (1025) error:0 data:<private>
2026-08-27 01:18:54.876 I  ReactTestApp[1584:8737de0] [com.apple.Accessibility:AXRuntimeNotifications] Attempting to send notification:  (1025) <private>
2026-08-27 01:18:54.877 I  ReactTestApp[1584:8737de0] [com.apple.Accessibility:AXRuntimeNotifications] Attempting to send notification:  (1025) <private>
2026-08-27 01:18:54.877 I  ReactTestApp[1584:8737de0] [com.apple.Accessibility:AXRuntimeNotifications] Attempting to send notification:  (1025) <private>
2026-08-27 01:18:54.877 I  ReactTestApp[1584:8737de0] [com.apple.Accessibility:AXRuntimeNotifications] Did post notification. notification:  (1025) error:0 data:<private>
2026-08-27 01:18:54.893 I  ReactTestApp[1584:8737de0] [com.apple.Accessibility:AXRuntimeNotifications] Attempting to send notification:  (1025) <private>
2026-08-27 01:18:54.893 I  ReactTestApp[1584:8737de0] [com.apple.Accessibility:AXRuntimeNotifications] Attempting to send notification:  (1025) <private>
2026-08-27 01:18:54.894 I  ReactTestApp[1584:8737de0] [com.apple.Accessibility:AXRuntimeNotifications] Attempting to send notification:  (1025) <private>
2026-08-27 01:18:54.894 I  ReactTestApp[1584:8737de0] [com.apple.Accessibility:AXRuntimeNotifications] Did post notification. notification:  (1025) error:0 data:<private>
2026-08-27 01:18:54.910 I  ReactTestApp[1584:8737de0] [com.apple.Accessibility:AXRuntimeNotifications] Attempting to send notification:  (1025) <private>
2026-08-27 01:18:54.910 I  ReactTestApp[1584:8737de0] [com.apple.Accessibility:AXRuntimeNotifications] Attempting to send notification:  (1025) <private>
2026-08-27 01:18:54.910 I  ReactTestApp[1584:8737de0] [com.apple.Accessibility:AXRuntimeNotifications] Attempting to send notification:  (1025) <private>
2026-08-27 01:18:54.911 I  ReactTestApp[1584:8737de0] [com.apple.Accessibility:AXRuntimeNotifications] Did post notification. notification:  (1025) error:0 data:<private>
2026-08-27 01:18:54.927 I  ReactTestApp[1584:8737de0] [com.apple.Accessibility:AXRuntimeNotifications] Attempting to send notification:  (1025) <private>
2026-08-27 01:18:54.927 I  ReactTestApp[1584:8737de0] [com.apple.Accessibility:AXRuntimeNotifications] Attempting to send notification:  (1025) <private>
2026-08-27 01:18:54.927 I  ReactTestApp[1584:8737de0] [com.apple.Accessibility:AXRuntimeNotifications] Attempting to send notification:  (1025) <private>
2026-08-27 01:18:54.927 I  ReactTestApp[1584:8737de0] [com.apple.Accessibility:AXRuntimeNotifications] Did post notification. notification:  (1025) error:0 data:<private>
2026-08-27 01:18:54.943 I  ReactTestApp[1584:8737de0] [com.apple.Accessibility:AXRuntimeNotifications] Attempting to send notification:  (1025) <private>
2026-08-27 01:18:54.944 I  ReactTestApp[1584:8737de0] [com.apple.Accessibility:AXRuntimeNotifications] Attempting to send notification:  (1025) <private>
2026-08-27 01:18:54.944 I  ReactTestApp[1584:8737de0] [com.apple.Accessibility:AXRuntimeNotifications] Attempting to send notification:  (1025) <private>
2026-08-27 01:18:54.944 I  ReactTestApp[1584:8737de0] [com.apple.Accessibility:AXRuntimeNotifications] Did post notification. notification:  (1025) error:0 data:<private>
2026-08-27 01:18:54.960 I  ReactTestApp[1584:8737de0] [com.apple.Accessibility:AXRuntimeNotifications] Attempting to send notification:  (1025) <private>
2026-08-27 01:18:54.961 I  ReactTestApp[1584:8737de0] [com.apple.Accessibility:AXRuntimeNotifications] Attempting to send notification:  (1025) <private>
2026-08-27 01:18:54.961 I  ReactTestApp[1584:8737de0] [com.apple.Accessibility:AXRuntimeNotifications] Attempting to send notification:  (1025) <private>
2026-08-27 01:18:54.961 I  ReactTestApp[1584:8737de0] [com.apple.Accessibility:AXRuntimeNotifications] Did post notification. notification:  (1025) error:0 data:<private>
2026-08-27 01:18:54.978 I  ReactTestApp[1584:8737de0] [com.apple.Accessibility:AXRuntimeNotifications] Attempting to send notification:  (1025) <private>
2026-08-27 01:18:54.978 I  ReactTestApp[1584:8737de0] [com.apple.Accessibility:AXRuntimeNotifications] Attempting to send notification:  (1025) <private>
2026-08-27 01:18:54.978 I  ReactTestApp[1584:8737de0] [com.apple.Accessibility:AXRuntimeNotifications] Attempting to send notification:  (1025) <private>
2026-08-27 01:18:54.978 I  ReactTestApp[1584:8737de0] [com.apple.Accessibility:AXRuntimeNotifications] Did post notification. notification:  (1025) error:0 data:<private>
2026-08-27 01:18:54.994 I  ReactTestApp[1584:8737de0] [com.apple.Accessibility:AXRuntimeNotifications] Attempting to send notification:  (1025) <private>
2026-08-27 01:18:54.994 I  ReactTestApp[1584:8737de0] [com.apple.Accessibility:AXRuntimeNotifications] Attempting to send notification:  (1025) <private>
2026-08-27 01:18:54.994 I  ReactTestApp[1584:8737de0] [com.apple.Accessibility:AXRuntimeNotifications] Attempting to send notification:  (1025) <private>
2026-08-27 01:18:54.995 I  ReactTestApp[1584:8737de0] [com.apple.Accessibility:AXRuntimeNotifications] Did post notification. notification:  (1025) error:0 data:<private>
2026-08-27 01:18:55.011 I  ReactTestApp[1584:8737de0] [com.apple.Accessibility:AXRuntimeNotifications] Attempting to send notification:  (1025) <private>
2026-08-27 01:18:55.011 I  ReactTestApp[1584:8737de0] [com.apple.Accessibility:AXRuntimeNotifications] Attempting to send notification:  (1025) <private>
2026-08-27 01:18:55.011 I  ReactTestApp[1584:8737de0] [com.apple.Accessibility:AXRuntimeNotifications] Attempting to send notification:  (1025) <private>
2026-08-27 01:18:55.011 I  ReactTestApp[1584:8737de0] [com.apple.Accessibility:AXRuntimeNotifications] Did post notification. notification:  (1025) error:0 data:<private>
2026-08-27 01:18:55.027 I  ReactTestApp[1584:8737de0] [com.apple.Accessibility:AXRuntimeNotifications] Attempting to send notification:  (1025) <private>
2026-08-27 01:18:55.028 I  ReactTestApp[1584:8737de0] [com.apple.Accessibility:AXRuntimeNotifications] Attempting to send notification:  (1025) <private>
2026-08-27 01:18:55.028 I  ReactTestApp[1584:8737de0] [com.apple.Accessibility:AXRuntimeNotifications] Attempting to send notification:  (1025) <private>
2026-08-27 01:18:55.028 I  ReactTestApp[1584:8737de0] [com.apple.Accessibility:AXRuntimeNotifications] Did post notification. notification:  (1025) error:0 data:<private>
2026-08-27 01:18:55.044 I  ReactTestApp[1584:8737de0] [com.apple.Accessibility:AXRuntimeNotifications] Attempting to send notification:  (1025) <private>
2026-08-27 01:18:55.045 I  ReactTestApp[1584:8737de0] [com.apple.Accessibility:AXRuntimeNotifications] Attempting to send notification:  (1025) <private>
2026-08-27 01:18:55.045 I  ReactTestApp[1584:8737de0] [com.apple.Accessibility:AXRuntimeNotifications] Attempting to send notification:  (1025) <private>
2026-08-27 01:18:55.045 I  ReactTestApp[1584:8737de0] [com.apple.Accessibility:AXRuntimeNotifications] Did post notification. notification:  (1025) error:0 data:<private>
2026-08-27 01:18:55.060 I  ReactTestApp[1584:8737de0] [com.apple.Accessibility:AXRuntimeNotifications] Attempting to send notification:  (1025) <private>
2026-08-27 01:18:55.061 I  ReactTestApp[1584:8737de0] [com.apple.Accessibility:AXRuntimeNotifications] Attempting to send notification:  (1025) <private>
2026-08-27 01:18:55.061 I  ReactTestApp[1584:8737de0] [com.apple.Accessibility:AXRuntimeNotifications] Attempting to send notification:  (1025) <private>
2026-08-27 01:18:55.061 I  ReactTestApp[1584:8737de0] [com.apple.Accessibility:AXRuntimeNotifications] Did post notification. notification:  (1025) error:0 data:<private>
2026-08-27 01:18:55.077 I  ReactTestApp[1584:8737de0] [com.apple.Accessibility:AXRuntimeNotifications] Attempting to send notification:  (1025) <private>
2026-08-27 01:18:55.078 I  ReactTestApp[1584:8737de0] [com.apple.Accessibility:AXRuntimeNotifications] Attempting to send notification:  (1025) <private>
2026-08-27 01:18:55.078 I  ReactTestApp[1584:8737de0] [com.apple.Accessibility:AXRuntimeNotifications] Attempting to send notification:  (1025) <private>
2026-08-27 01:18:55.078 I  ReactTestApp[1584:8737de0] [com.apple.Accessibility:AXRuntimeNotifications] Did post notification. notification:  (1025) error:0 data:<private>
2026-08-27 01:18:55.094 I  ReactTestApp[1584:8737de0] [com.apple.Accessibility:AXRuntimeNotifications] Attempting to send notification:  (1025) <private>
2026-08-27 01:18:55.094 I  ReactTestApp[1584:8737de0] [com.apple.Accessibility:AXRuntimeNotifications] Attempting to send notification:  (1025) <private>
2026-08-27 01:18:55.094 I  ReactTestApp[1584:8737de0] [com.apple.Accessibility:AXRuntimeNotifications] Attempting to send notification:  (1025) <private>
2026-08-27 01:18:55.094 I  ReactTestApp[1584:8737de0] [com.apple.Accessibility:AXRuntimeNotifications] Attempting to send notification:  (1025) <private>
2026-08-27 01:18:55.094 I  ReactTestApp[1584:8737de0] [com.apple.Accessibility:AXRuntimeNotifications] Attempting to send notification:  (1025) <private>
2026-08-27 01:18:55.094 I  ReactTestApp[1584:8737de0] [com.apple.Accessibility:AXRuntimeNotifications] Did post notification. notification:  (1025) error:0 data:<private>
2026-08-27 01:18:55.110 I  ReactTestApp[1584:8737de0] [com.apple.Accessibility:AXRuntimeNotifications] Attempting to send notification:  (1025) <private>
2026-08-27 01:18:55.111 I  ReactTestApp[1584:8737de0] [com.apple.Accessibility:AXRuntimeNotifications] Attempting to send notification:  (1025) <private>
2026-08-27 01:18:55.111 I  ReactTestApp[1584:8737de0] [com.apple.Accessibility:AXRuntimeNotifications] Attempting to send notification:  (1025) <private>
2026-08-27 01:18:55.111 I  ReactTestApp[1584:8737de0] [com.apple.Accessibility:AXRuntimeNotifications] Did post notification. notification:  (1025) error:0 data:<private>
2026-08-27 01:18:55.126 I  ReactTestApp[1584:8737de0] [com.apple.Accessibility:AXRuntimeNotifications] Attempting to send notification:  (1025) <private>
2026-08-27 01:18:55.127 I  ReactTestApp[1584:8737de0] [com.apple.Accessibility:AXRuntimeNotifications] Attempting to send notification:  (1025) <private>
2026-08-27 01:18:55.127 I  ReactTestApp[1584:8737de0] [com.apple.Accessibility:AXRuntimeNotifications] Attempting to send notification:  (1025) <private>
2026-08-27 01:18:55.127 I  ReactTestApp[1584:8737de0] [com.apple.Accessibility:AXRuntimeNotifications] Did post notification. notification:  (1025) error:0 data:<private>
2026-08-27 01:18:55.143 I  ReactTestApp[1584:8737de0] [com.apple.Accessibility:AXRuntimeNotifications] Attempting to send notification:  (1025) <private>
2026-08-27 01:18:55.143 I  ReactTestApp[1584:8737de0] [com.apple.Accessibility:AXRuntimeNotifications] Attempting to send notification:  (1025) <private>
2026-08-27 01:18:55.143 I  ReactTestApp[1584:8737de0] [com.apple.Accessibility:AXRuntimeNotifications] Attempting to send notification:  (1025) <private>
2026-08-27 01:18:55.143 I  ReactTestApp[1584:8737de0] [com.apple.Accessibility:AXRuntimeNotifications] Attempting to send notification:  (1025) <private>
2026-08-27 01:18:55.144 I  ReactTestApp[1584:8737de0] [com.apple.Accessibility:AXRuntimeNotifications] Did post notification. notification:  (1025) error:0 data:<private>
2026-08-27 01:18:55.160 I  ReactTestApp[1584:8737de0] [com.apple.Accessibility:AXRuntimeNotifications] Attempting to send notification:  (1025) <private>
2026-08-27 01:18:55.160 I  ReactTestApp[1584:8737de0] [com.apple.Accessibility:AXRuntimeNotifications] Attempting to send notification:  (1025) <private>
2026-08-27 01:18:55.161 I  ReactTestApp[1584:8737de0] [com.apple.Accessibility:AXRuntimeNotifications] Attempting to send notification:  (1025) <private>
2026-08-27 01:18:55.161 I  ReactTestApp[1584:8737de0] [com.apple.Accessibility:AXRuntimeNotifications] Attempting to send notification:  (1025) <private>
2026-08-27 01:18:55.161 I  ReactTestApp[1584:8737de0] [com.apple.Accessibility:AXRuntimeNotifications] Did post notification. notification:  (1025) error:0 data:<private>
2026-08-27 01:18:55.483 I  ReactTestApp[1584:8737de0] [com.apple.Accessibility:AXRuntimeNotifications] Attempting to send notification:  (1025) <private>
2026-08-27 01:18:55.483 I  ReactTestApp[1584:8737de0] [com.apple.Accessibility:AXRuntimeNotifications] Did post notification. notification:  (1025) error:0 data:<private>
2026-08-27 01:18:55.500 I  ReactTestApp[1584:8737de0] [com.apple.Accessibility:AXRuntimeNotifications] Attempting to send notification:  (1025) <private>
2026-08-27 01:18:55.501 I  ReactTestApp[1584:8737de0] [com.apple.Accessibility:AXRuntimeNotifications] Did post notification. notification:  (1025) error:0 data:<private>
2026-08-27 01:18:55.850 I  ReactTestApp[1584:8737de0] [com.apple.Accessibility:AXRuntimeNotifications] Attempting to send notification:  (1025) <private>
2026-08-27 01:18:55.851 I  ReactTestApp[1584:8737de0] [com.apple.Accessibility:AXRuntimeNotifications] Did post notification. notification:  (1025) error:0 data:<private>
2026-08-27 01:18:57.094 I  ReactTestApp[1584:8737de0] [com.apple.Accessibility:AXAppAccessibility] Presentation controller doesn't modalize: <_UIRootPresentationController: 0x13af07b00>
2026-08-27 01:18:57.096 E  ReactTestApp[1584:8737de0] [com.apple.UIKit:Assert] -[UIApplication statusBarStyle] API has been deprecated and is a no-op on 27.0 and later.
2026-08-27 01:18:57.111 I  ReactTestApp[1584:8737de0] [com.apple.Accessibility:AXRuntimeNotifications] Attempting to send notification:  (4002) <private>
2026-08-27 01:18:57.111 I  ReactTestApp[1584:8737de0] [com.apple.Accessibility:AXRuntimeNotifications] Did post notification. notification:  (4002) error:0 data:<private>
2026-08-27 01:18:57.480 Df ReactTestApp[1584:8738505] [com.apple.CFNetwork:Default] Connection 7: cleaning up
2026-08-27 01:18:57.480 Df ReactTestApp[1584:8738505] [com.apple.network:connection] [C7 C39EE75A-FFEF-4A58-96EB-7D7CCCF30101 IPv4#4fac4698:8087 tcp, url: http://127.0.0.1:8087/assets/assets/avatar-1.png, definite, attribution: developer] cancel
2026-08-27 01:18:57.480 Df ReactTestApp[1584:8738505] [com.apple.network:connection] [C7 C39EE75A-FFEF-4A58-96EB-7D7CCCF30101 IPv4#4fac4698:8087 tcp, url: http://127.0.0.1:8087/assets/assets/avatar-1.png, definite, attribution: developer] cancelled
	[C7 7AD527F0-5477-4358-9D4B-A5D215D230DC 127.0.0.1:53049<->IPv4#4fac4698:8087]
	Connected Path: satisfied (Path is satisfied), interface: lo0
	Privacy Stance: Not Eligible
	Duration: 30.403s, TCP @0.000s took 0.003s
	bytes in/out: 366167/2289, packets in/out: 29/8, rtt: 0.001s, retransmitted bytes: 0, out-of-order bytes: 0
	ecn packets sent/acked/marked/lost: 0/0/0/0
2026-08-27 01:18:57.480 I  ReactTestApp[1584:8738505] [com.apple.network:connection] nw_endpoint_handler_cancel [C7 IPv4#4fac4698:8087 ready socket-flow (satisfied (Path is satisfied), interface: lo0)]
2026-08-27 01:18:57.480 Df ReactTestApp[1584:8738505] [com.apple.network:connection] nw_connection_report_state_with_handler_on_nw_queue [C7] reporting state cancelled
2026-08-27 01:18:57.480 Df ReactTestApp[1584:8738505] [com.apple.CFNetwork:Default] Connection 8: cleaning up
2026-08-27 01:18:57.480 Df ReactTestApp[1584:8738505] [com.apple.network:connection] [C8 AD7343B0-FAF1-409D-94E4-4C2CAC7C91DD IPv4#4fac4698:8087 tcp, url: http://127.0.0.1:8087/assets/assets/book.jpg, definite, attribution: developer] cancel
2026-08-27 01:18:57.480 Df ReactTestApp[1584:8738505] [com.apple.network:connection] [C8 AD7343B0-FAF1-409D-94E4-4C2CAC7C91DD IPv4#4fac4698:8087 tcp, url: http://127.0.0.1:8087/assets/assets/book.jpg, definite, attribution: developer] cancelled
	[C8 7AD527F0-5477-4358-9D4B-A5D215D230DC 127.0.0.1:53050<->IPv4#4fac4698:8087]
	Connected Path: satisfied (Path is satisfied), interface: lo0
	Privacy Stance: Not Eligible
	Duration: 30.402s, TCP @0.000s took 0.002s
	bytes in/out: 712927/2283, packets in/out: 49/8, rtt: 0.001s, retransmitted bytes: 0, out-of-order bytes: 0
	ecn packets sent/acked/marked/lost: 0/0/0/0
2026-08-27 01:18:57.481 I  ReactTestApp[1584:8738505] [com.apple.network:connection] nw_endpoint_handler_cancel [C8 IPv4#4fac4698:8087 ready socket-flow (satisfied (Path is satisfied), interface: lo0)]
2026-08-27 01:18:57.481 Df ReactTestApp[1584:8738505] [com.apple.network:connection] nw_connection_report_state_with_handler_on_nw_queue [C8] reporting state cancelled
2026-08-27 01:18:57.481 Df ReactTestApp[1584:8738505] [com.apple.CFNetwork:Default] Connection 9: cleaning up
2026-08-27 01:18:57.481 Df ReactTestApp[1584:8738505] [com.apple.network:connection] [C9 8899F668-1EA1-4C3F-B617-AD496FF91AFF IPv4#4fac4698:8087 tcp, url: http://127.0.0.1:8087/assets/assets/album-art-01.jpg, definite, attribution: developer] cancel
2026-08-27 01:18:57.481 Df ReactTestApp[1584:8738505] [com.apple.network:connection] [C9 8899F668-1EA1-4C3F-B617-AD496FF91AFF IPv4#4fac4698:8087 tcp, url: http://127.0.0.1:8087/assets/assets/album-art-01.jpg, definite, attribution: developer] cancelled
	[C9 7AD527F0-5477-4358-9D4B-A5D215D230DC 127.0.0.1:53051<->IPv4#4fac4698:8087]
	Connected Path: satisfied (Path is satisfied), interface: lo0
	Privacy Stance: Not Eligible
	Duration: 30.402s, TCP @0.000s took 0.001s
	bytes in/out: 586073/6204, packets in/out: 46/11, rtt: 0.001s, retransmitted bytes: 0, out-of-order bytes: 0
	ecn packets sent/acked/marked/lost: 0/0/0/0
2026-08-27 01:18:57.481 I  ReactTestApp[1584:8738505] [com.apple.network:connection] nw_endpoint_handler_cancel [C9 IPv4#4fac4698:8087 ready socket-flow (satisfied (Path is satisfied), interface: lo0)]
2026-08-27 01:18:57.481 Df ReactTestApp[1584:8738505] [com.apple.network:connection] nw_connection_report_state_with_handler_on_nw_queue [C9] reporting state cancelled
2026-08-27 01:18:57.481 Df ReactTestApp[1584:8738505] [com.apple.CFNetwork:Default] Connection 10: cleaning up
2026-08-27 01:18:57.481 Df ReactTestApp[1584:8738505] [com.apple.network:connection] [C10 2A97175E-1BA2-4AF5-99AE-A7A4CD0470F6 IPv4#4fac4698:8087 tcp, url: http://127.0.0.1:8087/assets/assets/album-art-02.jpg, definite, attribution: developer] cancel
2026-08-27 01:18:57.481 Df ReactTestApp[1584:8738505] [com.apple.network:connection] [C10 2A97175E-1BA2-4AF5-99AE-A7A4CD0470F6 IPv4#4fac4698:8087 tcp, url: http://127.0.0.1:8087/assets/assets/album-art-02.jpg, definite, attribution: developer] cancelled
	[C10 7AD527F0-5477-4358-9D4B-A5D215D230DC 127.0.0.1:53052<->IPv4#4fac4698:8087]
	Connected Path: satisfied (Path is satisfied), interface: lo0
	Privacy Stance: Not Eligible
	Duration: 30.401s, TCP @0.000s took 0.001s
	bytes in/out: 302009/2583, packets in/out: 26/9, rtt: 0.001s, retransmitted bytes: 0, out-of-order bytes: 0
	ecn packets sent/acked/marked/lost: 0/0/0/0
2026-08-27 01:18:57.481 I  ReactTestApp[1584:8738505] [com.apple.network:connection] nw_endpoint_handler_cancel [C10 IPv4#4fac4698:8087 ready socket-flow (satisfied (Path is satisfied), interface: lo0)]
2026-08-27 01:18:57.481 I  ReactTestApp[1584:8738505] [com.apple.network:connection] nw_association_schedule_deactivation <nw_association IPv4#4fac4698:8087> will become dormant after 10000ms of inactivity
2026-08-27 01:18:57.481 Df ReactTestApp[1584:8738505] [com.apple.network:connection] nw_connection_report_state_with_handler_on_nw_queue [C10] reporting state cancelled
2026-08-27 01:18:57.482 Df ReactTestApp[1584:8738505] [com.apple.CFNetwork:Default] Connection 7: done
2026-08-27 01:18:57.482 I  ReactTestApp[1584:8738505] [com.apple.network:connection] [C7 IPv4#4fac4698:8087 tcp, url: http://127.0.0.1:8087/assets/assets/avatar-1.png, definite, attribution: developer] dealloc
2026-08-27 01:18:57.482 Df ReactTestApp[1584:8738505] [com.apple.CFNetwork:Default] Connection 8: done
2026-08-27 01:18:57.482 I  ReactTestApp[1584:8738505] [com.apple.network:connection] [C8 IPv4#4fac4698:8087 tcp, url: http://127.0.0.1:8087/assets/assets/book.jpg, definite, attribution: developer] dealloc
2026-08-27 01:18:57.482 Df ReactTestApp[1584:8738505] [com.apple.CFNetwork:Default] Connection 9: done
2026-08-27 01:18:57.482 I  ReactTestApp[1584:8738505] [com.apple.network:connection] [C9 IPv4#4fac4698:8087 tcp, url: http://127.0.0.1:8087/assets/assets/album-art-01.jpg, definite, attribution: developer] dealloc
2026-08-27 01:18:57.483 Df ReactTestApp[1584:8738505] [com.apple.CFNetwork:Default] Connection 10: done
2026-08-27 01:18:57.483 I  ReactTestApp[1584:8738505] [com.apple.network:connection] [C10 IPv4#4fac4698:8087 tcp, url: http://127.0.0.1:8087/assets/assets/album-art-02.jpg, definite, attribution: developer] dealloc
2026-08-27 01:18:57.940 E  ReactTestApp[1584:8737de0] [com.apple.UIKit:Assert] -[UIApplication statusBarStyle] API has been deprecated and is a no-op on 27.0 and later.
2026-08-27 01:18:57.941 I  ReactTestApp[1584:8737de0] [com.apple.Accessibility:AXRuntimeNotifications] Attempting to send notification:  (4002) <private>
2026-08-27 01:18:57.942 I  ReactTestApp[1584:8737de0] [com.apple.Accessibility:AXRuntimeNotifications] Attempting to send notification:  (1025) <private>
2026-08-27 01:18:57.942 I  ReactTestApp[1584:8737de0] [com.apple.Accessibility:AXRuntimeNotifications] Did post notification. notification:  (4002) error:0 data:<private>
2026-08-27 01:18:57.943 I  ReactTestApp[1584:8737de0] [com.apple.Accessibility:AXRuntimeNotifications] Did post notification. notification:  (1025) error:0 data:<private>
2026-08-27 01:18:57.943 I  ReactTestApp[1584:8737de0] [com.apple.Accessibility:AXRuntimeNotifications] Attempting to send notification:  (1025) <private>
2026-08-27 01:18:57.943 I  ReactTestApp[1584:8737de0] [com.apple.Accessibility:AXRuntimeNotifications] Attempting to send notification:  (1025) <private>
2026-08-27 01:18:57.944 I  ReactTestApp[1584:8737de0] [com.apple.Accessibility:AXRuntimeNotifications] Did post notification. notification:  (1025) error:0 data:<private>
2026-08-27 01:19:00.070 I  ReactTestApp[1584:8737de0] [com.apple.Accessibility:AXAppAccessibility] Presentation controller doesn't modalize: <_UIRootPresentationController: 0x10b314280>
2026-08-27 01:19:00.071 E  ReactTestApp[1584:8737de0] [com.apple.UIKit:Assert] -[UIApplication statusBarStyle] API has been deprecated and is a no-op on 27.0 and later.
2026-08-27 01:19:00.076 I  ReactTestApp[1584:8737de0] [com.apple.Accessibility:AXRuntimeNotifications] Attempting to send notification:  (4002) <private>
2026-08-27 01:19:00.078 I  ReactTestApp[1584:8737de0] [com.apple.Accessibility:AXRuntimeNotifications] Did post notification. notification:  (4002) error:0 data:<private>
2026-08-27 01:19:00.920 E  ReactTestApp[1584:8737de0] [com.apple.UIKit:Assert] -[UIApplication statusBarStyle] API has been deprecated and is a no-op on 27.0 and later.
2026-08-27 01:19:00.920 I  ReactTestApp[1584:8737de0] [com.apple.Accessibility:AXRuntimeNotifications] Attempting to send notification:  (4002) <private>
2026-08-27 01:19:00.922 I  ReactTestApp[1584:8737de0] [com.apple.Accessibility:AXRuntimeNotifications] Attempting to send notification:  (1025) <private>
2026-08-27 01:19:00.923 I  ReactTestApp[1584:8737de0] [com.apple.Accessibility:AXRuntimeNotifications] Did post notification. notification:  (4002) error:0 data:<private>
2026-08-27 01:19:00.923 I  ReactTestApp[1584:8737de0] [com.apple.Accessibility:AXRuntimeNotifications] Did post notification. notification:  (1025) error:0 data:<private>
2026-08-27 01:19:00.926 I  ReactTestApp[1584:8737de0] [com.apple.Accessibility:AXRuntimeNotifications] Attempting to send notification:  (1025) <private>
2026-08-27 01:19:00.926 I  ReactTestApp[1584:8737de0] [com.apple.Accessibility:AXRuntimeNotifications] Did post notification. notification:  (1025) error:0 data:<private>
2026-08-27 01:19:01.486 Df ReactTestApp[1584:8737de0] [com.apple.UIKit:EventDispatch] Evaluating dispatch of UIEvent: 0x111a11980; type: 0; subtype: 0; backing type: 11; tagged context: 0x59F03CA8; shouldSend: 1; ignoreInteractionEvents: 0, systemGestureStateChange: 0
2026-08-27 01:19:01.486 Df ReactTestApp[1584:8737de0] [com.apple.UIKit:EventDispatch] Sending UIEvent type: 0; subtype: 0; to windows: 1; dispatchLevel: 1
2026-08-27 01:19:01.486 Df ReactTestApp[1584:8737de0] [com.apple.UIKit:EventDispatch] Sending UIEvent type: 0; subtype: 0; to window: <UIWindow: 0x10a048880>; contextId: 0x59F03CA8
2026-08-27 01:19:01.493 Df ReactTestApp[1584:8737de0] [com.apple.UIKit:EventDispatch] Evaluating dispatch of UIEvent: 0x111a11980; type: 0; subtype: 0; backing type: 11; tagged context: 0x59F03CA8; shouldSend: 0; ignoreInteractionEvents: 0, systemGestureStateChange: 0
2026-08-27 01:19:01.509 Df ReactTestApp[1584:8737de0] [com.apple.UIKit:EventDispatch] Evaluating dispatch of UIEvent: 0x111a11980; type: 0; subtype: 0; backing type: 11; tagged context: 0x59F03CA8; shouldSend: 0; ignoreInteractionEvents: 0, systemGestureStateChange: 0
2026-08-27 01:19:01.526 Df ReactTestApp[1584:8737de0] [com.apple.UIKit:EventDispatch] Evaluating dispatch of UIEvent: 0x111a11980; type: 0; subtype: 0; backing type: 11; tagged context: 0x59F03CA8; shouldSend: 0; ignoreInteractionEvents: 0, systemGestureStateChange: 0
2026-08-27 01:19:01.543 Df ReactTestApp[1584:8737de0] [com.apple.UIKit:EventDispatch] Evaluating dispatch of UIEvent: 0x111a11980; type: 0; subtype: 0; backing type: 11; tagged context: 0x59F03CA8; shouldSend: 0; ignoreInteractionEvents: 0, systemGestureStateChange: 0
2026-08-27 01:19:01.559 Df ReactTestApp[1584:8737de0] [com.apple.UIKit:EventDispatch] Evaluating dispatch of UIEvent: 0x111a11980; type: 0; subtype: 0; backing type: 11; tagged context: 0x59F03CA8; shouldSend: 0; ignoreInteractionEvents: 0, systemGestureStateChange: 0
2026-08-27 01:19:01.559 Df ReactTestApp[1584:8737de0] [com.apple.UIKit:EventDispatch] Evaluating dispatch of UIEvent: 0x111a11980; type: 0; subtype: 0; backing type: 11; tagged context: 0x59F03CA8; shouldSend: 1; ignoreInteractionEvents: 0, systemGestureStateChange: 0
2026-08-27 01:19:01.560 Df ReactTestApp[1584:8737de0] [com.apple.UIKit:EventDispatch] Sending UIEvent type: 0; subtype: 0; to windows: 1; dispatchLevel: 1
2026-08-27 01:19:01.560 Df ReactTestApp[1584:8737de0] [com.apple.UIKit:EventDispatch] Sending UIEvent type: 0; subtype: 0; to window: <UIWindow: 0x10a048880>; contextId: 0x59F03CA8
2026-08-27 01:19:01.560 I  ReactTestApp[1584:8737de0] [com.apple.Accessibility:AXRuntimeNotifications] Attempting to send notification:  (4002) <private>
2026-08-27 01:19:01.560 I  ReactTestApp[1584:8737de0] [com.apple.Accessibility:AXRuntimeNotifications] Did post notification. notification:  (4002) error:0 data:<private>
2026-08-27 01:19:01.576 Df ReactTestApp[1584:8737de0] [com.apple.UIKit:EventDispatch] Evaluating dispatch of UIEvent: 0x111a11980; type: 0; subtype: 0; backing type: 11; tagged context: 0x59F03CA8; shouldSend: 0; ignoreInteractionEvents: 0, systemGestureStateChange: 1
2026-08-27 01:19:01.576 A  ReactTestApp[1584:8737de0] (UIKitCore) send gesture actions
2026-08-27 01:19:01.576 A  ReactTestApp[1584:8737de0] (UIKitCore) send gesture actions
2026-08-27 01:19:01.589 Df ReactTestApp[1584:8737de0] [com.apple.UIKit:KeyboardFocusAssistant] requestKeyboardFocusWithProvenance:<BKSHIDEventSimpleProvenance: 0x10eb254d0> (token:<uq: 1; UIKit-localContainer>)
2026-08-27 01:19:02.523 I  ReactTestApp[1584:8737de0] [com.apple.Accessibility:AXAppAccessibility] Presentation controller doesn't modalize: <_UIRootPresentationController: 0x10b3fce80>
2026-08-27 01:19:02.524 E  ReactTestApp[1584:8737de0] [com.apple.UIKit:Assert] -[UIApplication statusBarStyle] API has been deprecated and is a no-op on 27.0 and later.
2026-08-27 01:19:02.527 I  ReactTestApp[1584:8737de0] [com.apple.Accessibility:AXRuntimeNotifications] Attempting to send notification:  (4002) <private>
2026-08-27 01:19:02.528 I  ReactTestApp[1584:8737de0] [com.apple.Accessibility:AXRuntimeNotifications] Did post notification. notification:  (4002) error:0 data:<private>
[agent-device][mark][2026-08-27T00:19:02.613Z] after fixed first lazy dark activation
2026-08-27 01:19:03.379 E  ReactTestApp[1584:8737de0] [com.apple.UIKit:Assert] -[UIApplication statusBarStyle] API has been deprecated and is a no-op on 27.0 and later.
2026-08-27 01:19:03.380 I  ReactTestApp[1584:8737de0] [com.apple.Accessibility:AXRuntimeNotifications] Attempting to send notification:  (4002) <private>
2026-08-27 01:19:03.382 I  ReactTestApp[1584:8737de0] [com.apple.Accessibility:AXRuntimeNotifications] Attempting to send notification:  (1025) <private>
2026-08-27 01:19:03.383 I  ReactTestApp[1584:8737de0] [com.apple.Accessibility:AXRuntimeNotifications] Attempting to send notification:  (1025) <private>
2026-08-27 01:19:03.384 I  ReactTestApp[1584:8737de0] [com.apple.Accessibility:AXRuntimeNotifications] Did post notification. notification:  (4002) error:0 data:<private>
2026-08-27 01:19:03.385 I  ReactTestApp[1584:8737de0] [com.apple.Accessibility:AXRuntimeNotifications] Did post notification. notification:  (1025) error:0 data:<private>
